s 1
v 5.4949	1.8042	3.3230
v 5.4949	1.8772	3.3230
v 5.4949	1.9240	3.5246
v 5.4949	1.9240	3.5808
v 5.4949	1.7839	3.5808
v 5.4949	1.7839	3.5345
v 5.4949	1.8564	3.5345
v 5.4949	2.0516	3.3197
v 5.4949	2.0521	3.5840
v 5.4949	2.0030	3.5842
v 5.4949	1.9997	3.4082
v 5.4949	1.9835	3.5795
v 5.4949	1.9807	3.4106
v 5.4949	2.0721	3.3249
v 5.4949	2.0736	3.5786
v 5.4949	2.0892	3.3335
v 5.4949	2.0903	3.5698
v 5.4949	2.1511	3.3230
v 5.4949	2.2240	3.3230
v 5.4949	2.2709	3.5246
v 5.4949	2.2709	3.5808
v 5.4949	2.1307	3.5808
v 5.4949	2.1307	3.5345
v 5.4949	2.2033	3.5345
v 5.4949	2.3656	3.5808
v 5.4949	2.3974	3.5796
v 5.4949	2.3658	3.3671
v 5.4949	2.2894	3.5808
v 5.4949	2.3778	3.3230
v 5.4949	2.2894	3.3230
v 5.4949	2.4161	3.3242
v 5.4949	2.4203	3.5759
v 5.4949	2.4219	3.4623
v 5.4949	2.4388	3.3277
v 5.9216	1.2678	1.4801
v 5.9314	1.2839	1.4839
v 5.9314	1.2348	1.6642
v 5.9216	1.2183	1.6618
v 5.9216	1.2726	1.4444
v 5.9314	1.2892	1.4449
v 5.9374	1.2943	1.3609
v 5.9216	1.2675	1.3609
v 5.9059	1.2943	1.3609
v 5.9119	1.2892	1.4449
v 5.9119	1.2839	1.4839
v 5.9119	1.2348	1.6642
v 6.0027	1.3987	1.4563
v 5.9718	1.4407	1.4563
v 5.9216	1.4567	1.4563
v 5.8715	1.4407	1.4563
v 5.8405	1.3987	1.4563
v 5.8405	1.3469	1.4563
v 5.8715	1.3050	1.4563
v 5.9216	1.2890	1.4563
v 5.9718	1.3050	1.4563
v 6.0027	1.3469	1.4563
v 5.9718	1.4407	1.4468
v 6.0027	1.3987	1.4468
v 5.9216	1.4567	1.4468
v 5.8405	1.3987	1.4468
v 5.8715	1.4407	1.4468
v 6.0027	1.3469	1.4468
v 5.9718	1.3050	1.4468
v 5.9216	1.2890	1.4468
v 5.8715	1.3050	1.4468
v 5.8405	1.3469	1.4468
v 5.9964	1.3967	1.7081
v 5.9964	1.3489	1.7081
v 5.9678	1.4354	1.7081
v 5.9216	1.4501	1.7081
v 5.9678	1.4354	1.3396
v 5.9216	1.4501	1.3396
v 5.8469	1.3967	1.3396
v 5.8754	1.4354	1.3396
v 5.9964	1.3967	1.3396
v 5.9964	1.3489	1.3396
v 5.9678	1.3103	1.3396
v 5.9216	1.2955	1.3396
v 5.8754	1.3103	1.3396
v 5.8469	1.3489	1.3396
v 5.8469	1.3967	1.7081
v 5.8754	1.4354	1.7081
v 5.8469	1.3489	1.7081
v 5.8754	1.3103	1.7081
v 5.9216	1.2955	1.7081
v 5.9678	1.3103	1.7081
v 5.9142	1.3635	1.7808
v 5.9142	1.3968	1.7871
v 5.9291	1.3968	1.7871
v 5.9291	1.3635	1.7808
v 5.9142	1.5020	1.7305
v 5.9142	1.5020	1.7416
v 5.9291	1.5020	1.7305
v 5.9291	1.5020	1.7416
v 5.9329	1.3599	1.7801
v 5.9273	1.4919	1.8052
v 5.9160	1.4919	1.8052
v 5.9104	1.3599	1.7801
v 5.9329	1.3599	1.8019
v 5.9104	1.3599	1.8019
v 5.9273	1.4919	1.8126
v 5.9160	1.4919	1.8126
v -1.6407	-3.6596	0.8899
v -1.7476	-3.6596	1.5189
v -1.8462	-3.6596	0.6356
v -1.8014	-3.6596	2.4061
v -1.6090	-3.6596	2.1418
v -1.5080	-3.6596	1.1887
v -1.4916	-3.6596	1.8367
v -1.4571	-3.6596	1.5116
v -1.7741	-3.6596	1.7686
v -1.8643	-3.6596	2.0029
v -2.0557	-3.6596	2.6116
v -2.0120	-3.6596	2.2059
v -2.2073	-3.6596	2.3637
v -2.3544	-3.6596	2.7443
v -2.4367	-3.6596	2.4656
v -2.6774	-3.6596	2.7952
v -2.6847	-3.6596	2.5047
v -3.0025	-3.6596	2.7607
v -2.9344	-3.6596	2.4782
v -3.1687	-3.6596	2.3880
v -3.3076	-3.6596	2.6433
v -3.3717	-3.6596	2.2403
v -3.5719	-3.6596	2.4509
v -3.5295	-3.6596	2.0450
v -3.6314	-3.6596	1.8156
v -3.7774	-3.6596	2.1966
v -3.6705	-3.6596	1.5676
v -3.8091	-3.6596	0.9447
v -3.9101	-3.6596	1.8979
v -3.9265	-3.6596	1.2498
v -3.9610	-3.6596	1.5749
v -3.6440	-3.6596	1.3179
v -3.6167	-3.6596	0.6804
v -3.5538	-3.6596	1.0836
v -3.4061	-3.6596	0.8806
v -3.3624	-3.6596	0.4749
v -3.2108	-3.6596	0.7228
v -3.0636	-3.6596	0.3422
v -2.9814	-3.6596	0.6209
v -2.7407	-3.6596	0.2914
v -2.7334	-3.6596	0.5818
v -2.4837	-3.6596	0.6083
v -2.4156	-3.6596	0.3258
v -2.2494	-3.6596	0.6985
v -2.1105	-3.6596	0.4432
v -2.0464	-3.6596	0.8462
v -1.8886	-3.6596	1.0415
v -1.7867	-3.6596	1.2709
v -1.4571	-2.5407	1.5116
v -1.5080	-2.5407	1.1887
v -1.4916	-2.5407	1.8367
v -1.6090	-2.5407	2.1418
v -1.6407	-2.5407	0.8899
v -1.8014	-2.5407	2.4061
v -1.7476	-2.5407	1.5189
v -1.7741	-2.5407	1.7686
v -1.8643	-2.5407	2.0029
v -2.0557	-2.5407	2.6116
v -2.0120	-2.5407	2.2059
v -2.2073	-2.5407	2.3637
v -2.3544	-2.5407	2.7443
v -2.4367	-2.5407	2.4656
v -2.6774	-2.5407	2.7952
v -2.6847	-2.5407	2.5047
v -3.0025	-2.5407	2.7607
v -2.9344	-2.5407	2.4782
v -3.1687	-2.5407	2.3880
v -3.3076	-2.5407	2.6433
v -3.3717	-2.5407	2.2403
v -3.5719	-2.5407	2.4509
v -3.5295	-2.5407	2.0450
v -3.6314	-2.5407	1.8156
v -3.7774	-2.5407	2.1966
v -3.6705	-2.5407	1.5676
v -3.8091	-2.5407	0.9447
v -3.6440	-2.5407	1.3179
v -3.6167	-2.5407	0.6804
v -3.5538	-2.5407	1.0836
v -3.4061	-2.5407	0.8806
v -3.3624	-2.5407	0.4749
v -3.2108	-2.5407	0.7228
v -3.0636	-2.5407	0.3422
v -2.9814	-2.5407	0.6209
v -2.7407	-2.5407	0.2914
v -2.7334	-2.5407	0.5818
v -2.4837	-2.5407	0.6083
v -2.4156	-2.5407	0.3258
v -2.2494	-2.5407	0.6985
v -2.1105	-2.5407	0.4432
v -2.0464	-2.5407	0.8462
v -1.8886	-2.5407	1.0415
v -1.8462	-2.5407	0.6356
v -1.7867	-2.5407	1.2709
v -3.9101	-2.5407	1.8979
v -3.9265	-2.5407	1.2498
v -3.9610	-2.5407	1.5749
v -2.4837	-3.6596	0.6083
v -2.2494	-3.6596	0.6985
v -2.3420	-3.6062	0.8687
v -2.5291	-3.6062	0.7967
v -2.0464	-3.6596	0.8462
v -2.1799	-3.6062	0.9867
v -1.8886	-3.6596	1.0415
v -2.0539	-3.6062	1.1426
v -1.7867	-3.6596	1.2709
v -1.9725	-3.6062	1.3258
v -1.7476	-3.6596	1.5189
v -1.9413	-3.6062	1.5238
v -1.7741	-3.6596	1.7686
v -1.9625	-3.6062	1.7232
v -1.8643	-3.6596	2.0029
v -2.0345	-3.6062	1.9103
v -2.0120	-3.6596	2.2059
v -2.1525	-3.6062	2.0724
v -2.2073	-3.6596	2.3637
v -2.3084	-3.6062	2.1984
v -2.4367	-3.6596	2.4656
v -2.4916	-3.6062	2.2798
v -2.6896	-3.6062	2.3110
v -2.6847	-3.6596	2.5047
v -2.9344	-3.6596	2.4782
v -2.8890	-3.6062	2.2898
v -3.0761	-3.6062	2.2178
v -3.1687	-3.6596	2.3880
v -3.2382	-3.6062	2.0998
v -3.3717	-3.6596	2.2403
v -3.3642	-3.6062	1.9439
v -3.5295	-3.6596	2.0450
v -3.4456	-3.6062	1.7607
v -3.6314	-3.6596	1.8156
v -3.4768	-3.6062	1.5627
v -3.6705	-3.6596	1.5676
v -3.6440	-3.6596	1.3179
v -3.4556	-3.6062	1.3633
v -3.5538	-3.6596	1.0836
v -3.3836	-3.6062	1.1762
v -3.4061	-3.6596	0.8806
v -3.2656	-3.6062	1.0141
v -3.2108	-3.6596	0.7228
v -3.1097	-3.6062	0.8881
v -2.9814	-3.6596	0.6209
v -2.9265	-3.6062	0.8067
v -2.7334	-3.6596	0.5818
v -2.7285	-3.6062	0.7756
v -1.9725	-2.5940	1.3258
v -1.7867	-2.5407	1.2709
v -2.0539	-2.5940	1.1426
v -1.9413	-2.5940	1.5238
v -1.7741	-2.5407	1.7686
v -1.9625	-2.5940	1.7232
v -1.8643	-2.5407	2.0029
v -2.0345	-2.5940	1.9103
v -2.0120	-2.5407	2.2059
v -2.1525	-2.5940	2.0724
v -2.2073	-2.5407	2.3637
v -2.3084	-2.5940	2.1984
v -2.4367	-2.5407	2.4656
v -2.4916	-2.5940	2.2798
v -2.6847	-2.5407	2.5047
v -2.6896	-2.5940	2.3110
v -2.9344	-2.5407	2.4782
v -2.8890	-2.5940	2.2898
v -3.0761	-2.5940	2.2178
v -3.1687	-2.5407	2.3880
v -3.2382	-2.5940	2.0998
v -3.3717	-2.5407	2.2403
v -3.3642	-2.5940	1.9439
v -3.5295	-2.5407	2.0450
v -3.4456	-2.5940	1.7607
v -3.6314	-2.5407	1.8156
v -3.4768	-2.5940	1.5627
v -3.6705	-2.5407	1.5676
v -3.4556	-2.5940	1.3633
v -3.6440	-2.5407	1.3179
v -3.3836	-2.5940	1.1762
v -3.5538	-2.5407	1.0836
v -3.2656	-2.5940	1.0141
v -3.4061	-2.5407	0.8806
v -3.1097	-2.5940	0.8881
v -3.2108	-2.5407	0.7228
v -2.9265	-2.5940	0.8067
v -2.9814	-2.5407	0.6209
v -2.7285	-2.5940	0.7756
v -2.7334	-2.5407	0.5818
v -2.5291	-2.5940	0.7967
v -2.4837	-2.5407	0.6083
v -2.3420	-2.5940	0.8687
v -2.2494	-2.5407	0.6985
v -2.1799	-2.5940	0.9867
v -2.0464	-2.5407	0.8462
v -1.2021	-3.4375	1.2450
v -1.2096	-3.1931	1.1765
v -1.2916	-3.1931	1.1855
v -1.2841	-3.4375	1.2540
v -1.2021	-3.6062	1.2450
v -1.2096	-3.6062	1.1765
v -1.2841	-3.6062	1.2540
v -1.2785	-3.4244	1.3051
v -1.2783	-3.6062	1.3069
v -1.1965	-3.4244	1.2961
v -1.1761	-2.5940	1.4826
v -1.1658	-2.5940	1.5771
v -1.1658	-3.6062	1.5771
v -1.1963	-3.6062	1.2979
v -1.2096	-2.5940	1.1765
v -1.1819	-2.5940	1.4297
v -1.1819	-2.7627	1.4297
v -1.1894	-3.0071	1.3613
v -1.1763	-2.7758	1.4808
v -1.2046	-2.5940	1.8289
v -1.2581	-2.5940	1.4916
v -1.2860	-2.5940	1.8163
v -1.2046	-2.7627	1.8289
v -1.2860	-2.7627	1.8163
v -1.2127	-2.5940	1.8815
v -1.2271	-2.5940	1.9754
v -1.2271	-3.6062	1.9754
v -1.1844	-3.6062	1.6978
v -1.1841	-3.4244	1.6960
v -1.1658	-3.1931	1.5771
v -1.1941	-3.0071	1.7608
v -1.2124	-2.7758	1.8797
v -1.2941	-2.5940	1.8689
v -1.2939	-2.7758	1.8671
v -1.2755	-3.0071	1.7482
v -1.2950	-2.5940	1.5075
v -1.2639	-2.5940	1.4387
v -1.2713	-3.0071	1.3702
v -1.2639	-2.7627	1.4387
v -1.2583	-2.7758	1.4898
v -1.2440	-2.5940	1.0880
v -1.3209	-2.5940	1.1178
v -1.3524	-2.5940	1.1427
v -1.4571	-2.5407	1.5116
v -1.5080	-2.5407	1.1887
v -1.3339	-2.5940	1.8747
v -1.4916	-2.5407	1.8367
v -1.3297	-2.5940	2.2085
v -1.4052	-2.5940	2.1753
v -1.3297	-2.7627	2.2085
v -1.4052	-2.7627	2.1753
v -1.3512	-2.5940	2.2572
v -1.3895	-2.5940	2.3442
v -1.3895	-3.6062	2.3442
v -1.2763	-3.6062	2.0871
v -1.2756	-3.4244	2.0855
v -1.2271	-3.1931	1.9754
v -1.3020	-3.0071	2.1455
v -1.3505	-2.7758	2.2556
v -1.4266	-2.5940	2.2240
v -1.4259	-2.7758	2.2224
v -1.3774	-3.0071	2.1123
v -1.4665	-2.5940	2.2193
v -1.6090	-2.5407	2.1418
v -1.6838	-2.5940	2.5179
v -1.8014	-2.5407	2.4061
v -1.6132	-2.5940	2.4912
v -1.6465	-2.5940	2.5327
v -1.5701	-3.0071	2.4375
v -1.6132	-2.7627	2.4912
v -1.6454	-2.7758	2.5313
v -1.5058	-3.0071	2.4891
v -1.5489	-2.7627	2.5428
v -1.5822	-2.5940	2.5843
v -1.6417	-2.5940	2.6584
v -1.6417	-3.6062	2.6584
v -1.4659	-3.6062	2.4394
v -1.4648	-3.4244	2.4380
v -1.3895	-3.1931	2.3442
v -1.5489	-2.5940	2.5428
v -1.5811	-2.7758	2.5829
v -1.8472	-2.5940	2.8090
v -1.7916	-3.0071	2.7683
v -1.8886	-2.7758	2.8394
v -1.8901	-2.5940	2.8405
v -1.9667	-2.5940	2.8967
v -1.9667	-3.1931	2.8967
v -1.9667	-3.6062	2.8967
v -1.7402	-3.6062	2.7306
v -1.7387	-3.4244	2.7296
v -1.6417	-3.1931	2.6584
v -1.8472	-2.7627	2.8090
v -1.8403	-3.0071	2.7018
v -1.9374	-2.7758	2.7729
v -1.8959	-2.7627	2.7425
v -1.8959	-2.5940	2.7425
v -1.9388	-2.5940	2.7740
v -1.9710	-2.5940	2.7500
v -2.2041	-2.5940	2.9890
v -2.1399	-3.0071	2.9640
v -2.2520	-2.7758	3.0076
v -2.2537	-2.5940	3.0083
v -2.3423	-2.5940	3.0427
v -2.3423	-3.1931	3.0427
v -2.3423	-3.6062	3.0427
v -2.0805	-3.6062	2.9409
v -2.0788	-3.4244	2.9403
v -2.2041	-2.7627	2.9890
v -2.1698	-3.0071	2.8872
v -2.2819	-2.7758	2.9308
v -2.2340	-2.7627	2.9121
v -2.2340	-2.5940	2.9121
v -2.2836	-2.5940	2.9314
v -2.3085	-2.5940	2.8999
v -2.6733	-2.5940	2.9573
v -2.6045	-2.5940	2.9885
v -2.5955	-2.5940	3.0704
v -2.6045	-2.7627	2.9885
v -2.5955	-2.7627	3.0704
v -2.6574	-2.5940	2.9942
v -2.6556	-2.7758	2.9940
v -2.5360	-3.0071	2.9810
v -2.7429	-2.5940	3.0865
v -3.0405	-2.5940	2.9184
v -2.9821	-2.5940	2.9663
v -2.9946	-2.5940	3.0477
v -2.9821	-2.7627	2.9663
v -2.9946	-2.7627	3.0477
v -3.0347	-2.5940	2.9582
v -3.0329	-2.7758	2.9584
v -2.9140	-3.0071	2.9768
v -3.0472	-2.5940	3.0396
v -3.0455	-2.7758	3.0399
v -2.9266	-3.0071	3.0582
v -3.1412	-2.5940	3.0252
v -3.1412	-3.1931	3.0252
v -3.1412	-3.6062	3.0252
v -2.8636	-3.6062	3.0679
v -2.8618	-3.4244	3.0682
v -2.7429	-3.1931	3.0865
v -3.3851	-2.5940	2.7858
v -3.0025	-2.5407	2.7607
v -3.3076	-2.5407	2.6433
v -2.6774	-2.5407	2.7952
v -2.3544	-2.5407	2.7443
v -2.0557	-2.5407	2.6116
v -3.5719	-2.5407	2.4509
v -3.6837	-2.5940	2.5685
v -3.7774	-2.5407	2.1966
v -3.9158	-2.5940	2.2813
v -3.9101	-2.5407	1.8979
v -4.0657	-2.5940	1.9438
v -3.9610	-2.5407	1.5749
v -4.1231	-2.5940	1.5790
v -3.9265	-2.5407	1.2498
v -4.0842	-2.5940	1.2118
v -3.8091	-2.5407	0.9447
v -3.9516	-2.5940	0.8672
v -3.6167	-2.5407	0.6804
v -3.7342	-2.5940	0.5686
v -3.3624	-2.5407	0.4749
v -3.4471	-2.5940	0.3365
v -3.0636	-2.5407	0.3422
v -3.1096	-2.5940	0.1866
v -2.7407	-2.5407	0.2914
v -2.7448	-2.5940	0.1292
v -2.4156	-2.5407	0.3258
v -2.3776	-2.5940	0.1681
v -2.1105	-2.5407	0.4432
v -2.0330	-2.5940	0.3007
v -1.8462	-2.5407	0.6356
v -1.7344	-2.5940	0.5181
v -1.6407	-2.5407	0.8899
v -1.5023	-2.5940	0.8052
v -1.3556	-2.5940	0.8009
v -1.3402	-2.5940	1.0682
v -1.3215	-2.7758	1.1161
v -1.3651	-3.0071	1.0040
v -1.3402	-2.7627	1.0682
v -1.2447	-2.7758	1.0863
v -1.3114	-3.6062	0.9148
v -1.3120	-3.4244	0.9131
v -1.3556	-3.1931	0.8009
v -1.2633	-2.5940	1.0383
v -1.2633	-2.7627	1.0383
v -1.2883	-3.0071	0.9741
v -1.2950	-3.6062	1.5075
v -1.3524	-3.6062	1.1427
v -1.3882	-3.6062	0.9446
v -1.3889	-3.4244	0.9429
v -1.4325	-3.1931	0.8308
v -1.3307	-3.4375	0.8651
v -1.4075	-3.4375	0.8950
v -1.3307	-3.6062	0.8651
v -1.3556	-3.6062	0.8009
v -1.4075	-3.6062	0.8950
v -1.5023	-3.6062	0.8052
v -1.5080	-3.6596	1.1887
v -1.6407	-3.6596	0.8899
v -1.4571	-3.6596	1.5116
v -1.3339	-3.6062	1.8747
v -1.4916	-3.6596	1.8367
v -1.3303	-3.6062	2.0052
v -1.2659	-3.6062	1.6852
v -1.2578	-3.6062	1.6326
v -1.1763	-3.6062	1.6452
v -1.1763	-3.4375	1.6452
v -1.2473	-3.1931	1.5646
v -1.2578	-3.4375	1.6326
v -1.2656	-3.4244	1.6835
v -1.2549	-3.6062	2.0384
v -1.2549	-3.4375	2.0384
v -1.3303	-3.4375	2.0052
v -1.3026	-3.1931	1.9422
v -1.3510	-3.4244	2.0523
v -1.3518	-3.6062	2.0539
v -1.4665	-3.6062	2.2193
v -1.4326	-3.6062	2.3979
v -1.4969	-3.6062	2.3463
v -1.6838	-3.6062	2.5179
v -1.6090	-3.6596	2.1418
v -1.8014	-3.6596	2.4061
v -1.9710	-3.6062	2.7500
v -2.0557	-3.6596	2.6116
v -1.7460	-3.6062	2.6327
v -1.6973	-3.6062	2.6992
v -1.5302	-3.6062	2.3878
v -1.4969	-3.4375	2.3463
v -1.4537	-3.1931	2.2926
v -1.5291	-3.4244	2.3864
v -1.4326	-3.4375	2.3979
v -1.6973	-3.4375	2.6992
v -1.6905	-3.1931	2.5920
v -1.7460	-3.4375	2.6327
v -1.7875	-3.4244	2.6631
v -1.7890	-3.6062	2.6642
v -2.0309	-3.6062	2.9216
v -2.0608	-3.6062	2.8448
v -2.3085	-3.6062	2.8999
v -2.3544	-3.6596	2.7443
v -2.6774	-3.6596	2.7952
v -2.6733	-3.6062	2.9573
v -2.4197	-3.6062	2.9682
v -2.1104	-3.6062	2.8641
v -2.0608	-3.4375	2.8448
v -1.9966	-3.1931	2.8199
v -2.1087	-3.4244	2.8634
v -2.0309	-3.4375	2.9216
v -2.4108	-3.6062	3.0502
v -2.4108	-3.4375	3.0502
v -2.4197	-3.4375	2.9682
v -2.3513	-3.1931	2.9607
v -2.4709	-3.4244	2.9738
v -2.4619	-3.4244	3.0558
v -2.4727	-3.6062	2.9740
v -2.4637	-3.6062	3.0560
v -2.5270	-3.0071	3.0629
v -2.6466	-2.7758	3.0760
v -2.6484	-2.5940	3.0762
v -2.7429	-3.6062	3.0865
v -2.5426	-3.6062	3.0646
v -2.4741	-2.5940	3.0571
v -2.8110	-3.4375	3.0760
v -2.8110	-3.6062	3.0760
v -2.7303	-3.1931	3.0050
v -2.7984	-3.4375	2.9946
v -2.7984	-3.6062	2.9946
v -2.8492	-3.4244	2.9867
v -2.8510	-3.6062	2.9865
v -3.0405	-3.6062	2.9184
v -3.0025	-3.6596	2.7607
v -3.3076	-3.6596	2.6433
v -3.3851	-3.6062	2.7858
v -3.1710	-3.6062	2.9220
v -3.2042	-3.6062	2.9974
v -3.2042	-3.4375	2.9974
v -3.1080	-3.1931	2.9497
v -3.1710	-3.4375	2.9220
v -3.2181	-3.4244	2.9013
v -3.2197	-3.6062	2.9005
v -3.2513	-3.4244	2.9767
v -3.2529	-3.6062	2.9760
v -3.5100	-3.6062	2.8628
v -3.5121	-3.6062	2.7554
v -3.6837	-3.6062	2.5685
v -3.5719	-3.6596	2.4509
v -3.7774	-3.6596	2.1966
v -3.9158	-3.6062	2.2813
v -3.7985	-3.6062	2.5063
v -3.8242	-3.6062	2.6106
v -3.6052	-3.6062	2.7864
v -3.5536	-3.6062	2.7221
v -3.5121	-3.4375	2.7554
v -3.4584	-3.1931	2.7986
v -3.5522	-3.4244	2.7233
v -3.5637	-3.6062	2.8197
v -3.5637	-3.4375	2.8197
v -3.5100	-3.1931	2.8628
v -3.3743	-2.7627	2.9226
v -3.3112	-3.0071	2.9503
v -3.4213	-2.7758	2.9019
v -3.4230	-2.5940	2.9011
v -3.5100	-2.5940	2.8628
v -3.3743	-2.5940	2.9226
v -3.3411	-2.7627	2.8471
v -3.2780	-3.0071	2.8749
v -3.3411	-2.5940	2.8471
v -3.3898	-2.5940	2.8257
v -3.3881	-2.7758	2.8264
v -3.6570	-2.5940	2.6391
v -3.7086	-2.5940	2.7034
v -3.6570	-2.7627	2.6391
v -3.7086	-2.7627	2.7034
v -3.6985	-2.5940	2.6058
v -3.6971	-2.7758	2.6069
v -3.6033	-3.0071	2.6822
v -3.7501	-2.5940	2.6701
v -3.7487	-2.7758	2.6712
v -3.6549	-3.0071	2.7465
v -3.8242	-2.5940	2.6106
v -3.8242	-3.1931	2.6106
v -3.6038	-3.4244	2.7875
v -3.9083	-2.5940	2.3564
v -3.9748	-2.5940	2.4052
v -3.9748	-2.7627	2.4052
v -3.9083	-2.7627	2.3564
v -4.0063	-2.5940	2.3622
v -4.0625	-2.5940	2.2856
v -4.0625	-3.6062	2.2856
v -3.8964	-3.6062	2.5121
v -3.8953	-3.4244	2.5136
v -3.9341	-3.0071	2.4607
v -4.0052	-2.7758	2.3637
v -3.9398	-2.5940	2.3135
v -3.9387	-2.7758	2.3149
v -3.8676	-3.0071	2.4120
v -4.0779	-2.5940	2.0183
v -4.1548	-2.5940	2.0482
v -4.1741	-2.5940	1.9986
v -4.2085	-2.5940	1.9100
v -4.2085	-3.6062	1.9100
v -4.1067	-3.6062	2.1718
v -4.1061	-3.4244	2.1735
v -4.0625	-3.1931	2.2856
v -4.1548	-2.7627	2.0482
v -4.1298	-3.0071	2.1124
v -4.1734	-2.7758	2.0003
v -4.2362	-2.5940	1.6568
v -4.1542	-2.5940	1.6478
v -4.1320	-2.5940	1.2702
v -4.1239	-2.5940	1.2176
v -4.0972	-2.5940	1.9687
v -4.0966	-2.7758	1.9704
v -4.0779	-2.7627	2.0183
v -4.0530	-3.0071	2.0825
v -4.0883	-2.5940	0.8780
v -4.0129	-2.5940	0.9112
v -3.9915	-2.5940	0.8625
v -4.0286	-2.5940	0.7423
v -3.8692	-2.5940	0.5437
v -3.8049	-2.5940	0.5953
v -3.7716	-2.5940	0.5538
v -3.7764	-2.5940	0.4281
v -3.5709	-2.5940	0.2775
v -3.5222	-2.5940	0.3440
v -3.4793	-2.5940	0.3125
v -3.4514	-2.5940	0.1898
v -3.2140	-2.5940	0.0975
v -3.1841	-2.5940	0.1744
v -3.1345	-2.5940	0.1551
v -3.1643	-2.5940	0.0783
v -3.0758	-2.5940	0.0438
v -2.8226	-2.5940	0.0161
v -2.8136	-2.5940	0.0981
v -2.7607	-2.5940	0.0923
v -2.7697	-2.5940	0.0103
v -2.6752	-2.5940	0.0000
v -2.4360	-2.5940	0.1203
v -2.3834	-2.5940	0.1284
v -2.3708	-2.5940	0.0469
v -2.2769	-2.5940	0.0613
v -2.0770	-2.5940	0.2394
v -2.0283	-2.5940	0.2609
v -1.9951	-2.5940	0.1854
v -1.9081	-2.5940	0.2237
v -1.7611	-2.5940	0.4474
v -1.7196	-2.5940	0.4807
v -1.6680	-2.5940	0.4165
v -1.5939	-2.5940	0.4759
v -1.5098	-2.5940	0.7301
v -1.4783	-2.5940	0.7730
v -1.4118	-2.5940	0.7243
v -1.5217	-3.6062	0.5744
v -1.5227	-3.4244	0.5730
v -1.5939	-3.1931	0.4759
v -1.4433	-2.5940	0.6814
v -1.4433	-2.7627	0.6814
v -1.4840	-3.0071	0.6258
v -1.4129	-2.7758	0.7228
v -1.5882	-3.6062	0.6232
v -1.5892	-3.4244	0.6217
v -1.6604	-3.1931	0.5247
v -1.5531	-3.4375	0.5315
v -1.6196	-3.4375	0.5802
v -1.5531	-3.6062	0.5315
v -1.5939	-3.6062	0.4759
v -1.6196	-3.6062	0.5802
v -1.7344	-3.6062	0.5181
v -1.8462	-3.6596	0.6356
v -2.0330	-3.6062	0.3007
v -2.1105	-3.6596	0.4432
v -1.8645	-3.6062	0.3644
v -1.9060	-3.6062	0.3311
v -1.9060	-3.4375	0.3311
v -1.9597	-3.1931	0.2880
v -1.8659	-3.4244	0.3633
v -1.8544	-3.6062	0.2668
v -1.8544	-3.4375	0.2668
v -1.9081	-3.6062	0.2237
v -2.1652	-3.6062	0.1105
v -1.9967	-2.7758	0.1847
v -1.9081	-3.1931	0.2237
v -2.1668	-3.4244	0.1098
v -2.2769	-3.1931	0.0613
v -2.0438	-2.5940	0.1640
v -2.0438	-2.7627	0.1640
v -2.1068	-3.0071	0.1362
v -2.0300	-2.7758	0.2601
v -2.1401	-3.0071	0.2117
v -2.0770	-2.7627	0.2394
v -1.6694	-2.7758	0.4153
v -1.8129	-3.6062	0.3001
v -1.8143	-3.4244	0.2990
v -1.7095	-2.5940	0.3831
v -1.7095	-2.7627	0.3831
v -1.7632	-3.0071	0.3400
v -1.7210	-2.7758	0.4796
v -1.8148	-3.0071	0.4043
v -1.7611	-2.7627	0.4474
v -2.2000	-3.4244	0.1853
v -2.1984	-3.6062	0.1860
v -2.3101	-3.1931	0.1368
v -2.2139	-3.4375	0.0891
v -2.2471	-3.4375	0.1646
v -2.2769	-3.6062	0.0613
v -2.2139	-3.6062	0.0891
v -2.3726	-2.7758	0.0466
v -2.5545	-3.6062	0.0186
v -2.5563	-3.4244	0.0183
v -2.6752	-3.1931	0.0000
v -2.4235	-2.5940	0.0388
v -2.4235	-2.7627	0.0388
v -2.4915	-3.0071	0.0283
v -2.3852	-2.7758	0.1281
v -2.5041	-3.0071	0.1098
v -2.4360	-2.7627	0.1203
v -2.3776	-3.6062	0.1681
v -2.2471	-3.6062	0.1646
v -2.4156	-3.6596	0.3258
v -2.7448	-3.6062	0.1292
v -2.7407	-3.6596	0.2914
v -2.5671	-3.6062	0.1001
v -2.6197	-3.6062	0.0920
v -2.6197	-3.4375	0.0920
v -2.6877	-3.1931	0.0815
v -2.5689	-3.4244	0.0998
v -2.6071	-3.6062	0.0105
v -2.6071	-3.4375	0.0105
v -2.6752	-3.6062	0.0000
v -2.9544	-3.6062	0.0305
v -2.7715	-2.7758	0.0105
v -2.9562	-3.4244	0.0307
v -3.0758	-3.1931	0.0438
v -2.8226	-2.7627	0.0161
v -2.8910	-3.0071	0.0236
v -2.7625	-2.7758	0.0925
v -2.8821	-3.0071	0.1056
v -2.8136	-2.7627	0.0981
v -2.9454	-3.6062	0.1125
v -2.9472	-3.4244	0.1127
v -3.1096	-3.6062	0.1866
v -3.0636	-3.6596	0.3422
v -3.3624	-3.6596	0.4749
v -3.4471	-3.6062	0.3365
v -3.6167	-3.6596	0.6804
v -3.7342	-3.6062	0.5686
v -3.8091	-3.6596	0.9447
v -3.9516	-3.6062	0.8672
v -3.9265	-3.6596	1.2498
v -4.0842	-3.6062	1.2118
v -3.9610	-3.6596	1.5749
v -4.1231	-3.6062	1.5790
v -3.9101	-3.6596	1.8979
v -4.0657	-3.6062	1.9438
v -4.0106	-3.6062	2.1915
v -3.8299	-3.6062	2.4634
v -3.7577	-3.1931	2.5618
v -3.8289	-3.4244	2.4648
v -3.7985	-3.4375	2.5063
v -3.8650	-3.4375	2.5550
v -3.8650	-3.6062	2.5550
v -4.0874	-3.6062	2.2214
v -4.0874	-3.4375	2.2214
v -4.0106	-3.4375	2.1915
v -3.9856	-3.1931	2.2557
v -4.0292	-3.4244	2.1436
v -4.0299	-3.6062	2.1419
v -4.1340	-3.6062	1.8326
v -4.1632	-3.6062	1.0481
v -4.1398	-3.6062	1.7796
v -4.1522	-3.6062	1.4013
v -4.2337	-3.6062	1.3887
v -4.1910	-3.6062	1.1111
v -4.1632	-3.4375	1.0481
v -4.1910	-3.1931	1.1111
v -4.0878	-3.4375	1.0813
v -4.0878	-3.6062	1.0813
v -4.1155	-3.1931	1.1444
v -4.1425	-3.4244	1.0010
v -4.0670	-3.4244	1.0343
v -4.0669	-2.5940	0.8293
v -4.0286	-3.6062	0.7423
v -4.1418	-3.6062	0.9994
v -4.1910	-2.5940	1.1111
v -4.0883	-2.7627	0.8780
v -4.1161	-3.0071	0.9411
v -4.0676	-2.7758	0.8310
v -3.9922	-2.7758	0.8642
v -4.0406	-3.0071	0.9743
v -4.0129	-2.7627	0.9112
v -4.0663	-3.6062	1.0326
v -3.9855	-3.6062	0.6886
v -3.9855	-3.4375	0.6886
v -4.0286	-3.1931	0.7423
v -3.9212	-3.4375	0.7402
v -3.9212	-3.6062	0.7402
v -3.9643	-3.1931	0.7939
v -3.9533	-3.4244	0.6485
v -3.8890	-3.4244	0.7001
v -3.8359	-2.5940	0.5022
v -3.7764	-3.6062	0.4281
v -3.9522	-3.6062	0.6471
v -3.8692	-2.7627	0.5437
v -3.9123	-3.0071	0.5974
v -3.8370	-2.7758	0.5036
v -3.7727	-2.7758	0.5552
v -3.8480	-3.0071	0.6490
v -3.8049	-2.7627	0.5953
v -3.8879	-3.6062	0.6987
v -3.7208	-3.6062	0.3874
v -3.7764	-3.1931	0.4281
v -3.7208	-3.4375	0.3874
v -3.6721	-3.4375	0.4538
v -3.7276	-3.1931	0.4946
v -3.6721	-3.6062	0.4538
v -3.6291	-3.6062	0.4224
v -3.6306	-3.4244	0.4234
v -3.6793	-3.4244	0.3570
v -3.5295	-2.7758	0.2471
v -3.5280	-2.5940	0.2460
v -3.4514	-3.1931	0.1898
v -3.4514	-3.6062	0.1898
v -3.6779	-3.6062	0.3559
v -3.5709	-2.7627	0.2775
v -3.6265	-3.0071	0.3182
v -3.4807	-2.7758	0.3136
v -3.5777	-3.0071	0.3847
v -3.5222	-2.7627	0.3440
v -3.1660	-2.7758	0.0789
v -3.0758	-3.6062	0.0438
v -3.3375	-3.6062	0.1456
v -3.3392	-3.4244	0.1462
v -3.2140	-2.7627	0.0975
v -3.2782	-3.0071	0.1225
v -3.1362	-2.7758	0.1558
v -3.2483	-3.0071	0.1993
v -3.1841	-2.7627	0.1744
v -3.0073	-3.4375	0.0363
v -3.0073	-3.6062	0.0363
v -2.9983	-3.4375	0.1183
v -3.0668	-3.1931	0.1258
v -2.9983	-3.6062	0.1183
v -3.3077	-3.6062	0.2224
v -3.3094	-3.4244	0.2231
v -3.3573	-3.6062	0.2417
v -3.3573	-3.4375	0.2417
v -3.4215	-3.1931	0.2667
v -3.3872	-3.6062	0.1649
v -3.3872	-3.4375	0.1649
v -4.2054	-2.5940	1.2051
v -4.2057	-2.7758	1.2069
v -4.1242	-2.7758	1.2194
v -4.2340	-3.4244	1.3905
v -4.2523	-3.1931	1.5094
v -4.2523	-2.5940	1.5094
v -4.2135	-2.5940	1.2577
v -4.2135	-2.7627	1.2577
v -4.2240	-3.0071	1.3258
v -4.1525	-3.4244	1.4031
v -4.1708	-3.1931	1.5220
v -4.1603	-3.6062	1.4539
v -4.1603	-3.4375	1.4539
v -4.2418	-3.4375	1.4413
v -4.2418	-3.6062	1.4413
v -4.2523	-3.6062	1.5094
v -4.2218	-3.6062	1.7886
v -4.1396	-3.4244	1.7814
v -4.2216	-3.4244	1.7904
v -4.1265	-3.1931	1.9010
v -4.1340	-3.4375	1.8326
v -4.2085	-3.1931	1.9100
v -4.2160	-3.4375	1.8415
v -4.2160	-3.6062	1.8415
v -4.2362	-2.7627	1.6568
v -4.2287	-3.0071	1.7253
v -4.1542	-2.7627	1.6478
v -4.1600	-2.5940	1.5949
v -4.1598	-2.7758	1.5967
v -4.1467	-3.0071	1.7163
v -4.2420	-2.5940	1.6039
v -4.2418	-2.7758	1.6057
v -4.1320	-2.7627	1.2702
v -4.1425	-3.0071	1.3383
v -1.5098	-2.7627	0.7301
v -1.4794	-2.7758	0.7716
v -1.5505	-3.0071	0.6746
v -3.0278	-3.1842	2.0362
v -3.0582	-3.1842	2.0151
v -2.9943	-3.1842	2.0204
v -3.0098	-3.1842	1.9876
v -3.0217	-3.1842	1.9624
v -3.0552	-3.1842	1.9782
v -3.0250	-3.1842	1.9800
v -3.0420	-3.1842	1.9904
v -3.0397	-3.1842	2.0120
v -3.0220	-3.1842	2.0180
v -3.0080	-3.1842	2.0088
v -3.0078	-3.1842	1.9919
v -2.2692	-3.1842	1.2351
v -2.2629	-3.1842	1.2000
v -2.2788	-3.1842	1.2157
v -2.2500	-3.1842	1.2359
v -2.2406	-3.1842	1.2180
v -2.2375	-3.1842	1.2489
v -2.2743	-3.1842	1.2526
v -2.2960	-3.1842	1.2226
v -2.2808	-3.1842	1.1888
v -2.2440	-3.1842	1.1851
v -2.1578	-3.1842	1.7449
v -2.1940	-3.1842	1.7524
v -2.1708	-3.1842	1.6821
v -2.2070	-3.1842	1.6896
v -2.2186	-3.1842	1.7247
v -2.1721	-3.1842	1.7015
v -2.1888	-3.1842	1.6989
v -2.2012	-3.1842	1.7136
v -2.1969	-3.1842	1.7293
v -2.1817	-3.1842	1.7365
v -2.1625	-3.1842	1.7221
v -2.1889	-3.1842	1.6858
v -2.1644	-3.1842	1.7129
v -2.3529	-3.1842	1.9701
v -2.3868	-3.1842	1.9551
v -2.3790	-3.1842	2.0287
v -2.3670	-3.1842	2.0017
v -2.4128	-3.1842	2.0136
v -2.4167	-3.1842	1.9768
v -2.3690	-3.1842	1.9787
v -2.3867	-3.1842	1.9730
v -2.4002	-3.1842	1.9842
v -2.3987	-3.1842	2.0034
v -2.3791	-3.1842	2.0108
v -2.3699	-3.1842	1.9626
v -2.3651	-3.1842	1.9970
v -2.2970	-3.1842	1.8653
v -2.2820	-3.1842	1.8991
v -2.2753	-3.1842	1.8353
v -2.2385	-3.1842	1.8392
v -2.2452	-3.1842	1.9029
v -2.2418	-3.1842	1.8711
v -2.2492	-3.1842	1.8539
v -2.2657	-3.1842	1.8505
v -2.2791	-3.1842	1.8653
v -2.2748	-3.1842	1.8809
v -2.2605	-3.1842	1.8884
v -2.2449	-3.1842	1.8803
v -2.2569	-3.1842	1.8372
v -2.2417	-3.1842	1.8685
v -2.1865	-3.1842	1.5617
v -2.1544	-3.1842	1.5802
v -2.1864	-3.1842	1.5247
v -2.1544	-3.1842	1.5062
v -2.1405	-3.1842	1.5303
v -2.1587	-3.1842	1.5240
v -2.1725	-3.1842	1.5377
v -2.1689	-3.1842	1.5566
v -2.1501	-3.1842	1.5616
v -2.1365	-3.1842	1.5506
v -2.1382	-3.1842	1.5342
v -2.1223	-3.1842	1.5617
v -2.3667	-3.1842	1.1130
v -2.4130	-3.1842	1.1122
v -2.4088	-3.1842	1.0754
v -2.3749	-3.1842	1.0607
v -2.3654	-3.1842	1.0826
v -2.3866	-3.1842	1.0800
v -2.3987	-3.1842	1.0960
v -2.3884	-3.1842	1.1142
v -2.3615	-3.1842	1.0918
v -2.3493	-3.1842	1.1195
v -2.3833	-3.1842	1.1342
v -1.9698	-3.5977	1.5433
v -1.9950	-3.5977	1.7346
v -1.9950	-3.5977	1.3519
v -1.9698	-3.6242	1.5433
v -1.9950	-3.6242	1.7346
v -1.9950	-3.6242	1.3519
v -2.0689	-3.5977	1.1737
v -2.0689	-3.6242	1.1737
v -2.0272	-3.5977	1.3606
v -2.0031	-3.5977	1.5433
v -2.0272	-3.5977	1.7260
v -2.0689	-3.5977	1.9129
v -2.0977	-3.5977	1.8962
v -2.0535	-3.5977	1.5433
v -2.0758	-3.5977	1.7129
v -2.0758	-3.6181	1.7129
v -2.0535	-3.6181	1.5433
v -2.0758	-3.6181	1.3736
v -2.0907	-3.6181	1.5433
v -2.1118	-3.6181	1.3832
v -2.1413	-3.6181	1.2155
v -2.1413	-3.5977	1.2155
v -2.0758	-3.5977	1.3736
v -2.2455	-3.6181	1.0797
v -2.2455	-3.5977	1.0797
v -2.1735	-3.6181	1.2341
v -2.1118	-3.1442	1.3832
v -2.1735	-3.1442	1.2341
v -2.2718	-3.1442	1.9805
v -2.3999	-3.1442	2.0788
v -2.5490	-3.1442	2.1406
v -2.7090	-3.1442	2.1616
v -2.8691	-3.1442	2.1406
v -3.0182	-3.1442	2.0788
v -3.1463	-3.1442	1.9805
v -3.2446	-3.1442	1.8524
v -3.3063	-3.1442	1.7033
v -3.3274	-3.1442	1.5433
v -3.3063	-3.1442	1.3832
v -3.2446	-3.1442	1.2341
v -3.1463	-3.1442	1.1060
v -3.0182	-3.1442	1.0077
v -2.8691	-3.1442	0.9460
v -2.7090	-3.1442	0.9249
v -2.5490	-3.1442	0.9460
v -2.3999	-3.1442	1.0077
v -2.2718	-3.1442	1.1060
v -2.0907	-3.1442	1.5433
v -2.1118	-3.1442	1.7033
v -2.1735	-3.1442	1.8524
v -2.3999	-3.6181	2.0788
v -2.2718	-3.6181	1.9805
v -2.5490	-3.6181	2.1406
v -2.5394	-3.6181	2.1765
v -2.3813	-3.6181	2.1110
v -2.2455	-3.6181	2.0068
v -2.1735	-3.6181	1.8524
v -2.1118	-3.6181	1.7033
v -2.1413	-3.6181	1.8710
v -2.1413	-3.5977	1.8710
v -2.2455	-3.5977	2.0068
v -2.2099	-3.5977	2.0424
v -2.3561	-3.5977	2.1546
v -2.3813	-3.5977	2.1110
v -2.5394	-3.5977	2.1765
v -2.5263	-3.5977	2.2251
v -2.5177	-3.5977	2.2573
v -2.3394	-3.5977	2.1834
v -2.1863	-3.5977	2.0660
v -2.0689	-3.6242	1.9129
v -2.1863	-3.6242	2.0660
v -2.0387	-3.6242	1.9303
v -1.9614	-3.6242	1.7436
v -1.9614	-3.6242	1.3429
v -2.0387	-3.6242	1.1563
v -2.0387	-3.5783	1.1563
v -1.9614	-3.5783	1.3429
v -2.1617	-3.6242	0.9960
v -2.1617	-3.5783	0.9960
v -2.1863	-3.6242	1.0206
v -2.3220	-3.6242	0.8729
v -2.3220	-3.5783	0.8729
v -2.5087	-3.6242	0.7956
v -2.5087	-3.5783	0.7956
v -2.7090	-3.6242	0.7693
v -2.7090	-3.5783	0.7693
v -2.9094	-3.6242	0.7956
v -2.9094	-3.5783	0.7956
v -3.0960	-3.6242	0.8729
v -3.0960	-3.5783	0.8729
v -3.2564	-3.6242	0.9960
v -3.2564	-3.5783	0.9960
v -3.3794	-3.5783	1.1563
v -3.3794	-3.6242	1.1563
v -3.3492	-3.6242	1.1737
v -3.2318	-3.6242	1.0206
v -3.0787	-3.6242	0.9031
v -2.9004	-3.6242	0.8292
v -2.7090	-3.6242	0.8040
v -2.5177	-3.6242	0.8292
v -2.3394	-3.6242	0.9031
v -2.1863	-3.5977	1.0206
v -2.3394	-3.5977	0.9031
v -2.0977	-3.5977	1.1903
v -2.2099	-3.5977	1.0441
v -2.3561	-3.5977	0.9319
v -2.5177	-3.5977	0.8292
v -2.7090	-3.5977	0.8040
v -2.5263	-3.5977	0.8614
v -2.3813	-3.5977	0.9755
v -2.3813	-3.6181	0.9755
v -2.5394	-3.5977	0.9101
v -2.5394	-3.6181	0.9101
v -2.7090	-3.5977	0.8374
v -2.9004	-3.5977	0.8292
v -3.0787	-3.5977	0.9031
v -3.0620	-3.5977	0.9319
v -2.8917	-3.5977	0.8614
v -2.7090	-3.5977	0.8877
v -2.7090	-3.6181	0.8877
v -2.8787	-3.6181	0.9101
v -2.8787	-3.5977	0.9101
v -3.0368	-3.6181	0.9755
v -3.0368	-3.5977	0.9755
v -3.1726	-3.6181	1.0797
v -3.1726	-3.5977	1.0797
v -3.2768	-3.5977	1.2155
v -3.2768	-3.6181	1.2155
v -3.2082	-3.5977	1.0441
v -3.3204	-3.5977	1.1903
v -3.2318	-3.5977	1.0206
v -3.3492	-3.5977	1.1737
v -3.4231	-3.6242	1.3519
v -3.4231	-3.5977	1.3519
v -3.4567	-3.6242	1.3429
v -3.4567	-3.5783	1.3429
v -3.4831	-3.5783	1.5433
v -3.4831	-3.6242	1.5433
v -3.4567	-3.6242	1.7436
v -3.4483	-3.6242	1.5433
v -3.4483	-3.5977	1.5433
v -3.4231	-3.5977	1.7346
v -3.4149	-3.5977	1.5433
v -3.3909	-3.5977	1.3606
v -3.3423	-3.5977	1.3736
v -3.3423	-3.6181	1.3736
v -3.3063	-3.6181	1.3832
v -3.2446	-3.6181	1.2341
v -3.1463	-3.6181	1.1060
v -3.0182	-3.6181	1.0077
v -2.8691	-3.6181	0.9460
v -2.7090	-3.6181	0.9249
v -2.5490	-3.6181	0.9460
v -2.3999	-3.6181	1.0077
v -2.2718	-3.6181	1.1060
v -3.3274	-3.6181	1.5433
v -3.3423	-3.6181	1.7129
v -3.3063	-3.6181	1.7033
v -3.2446	-3.6181	1.8524
v -3.2768	-3.6181	1.8710
v -3.1726	-3.6181	2.0068
v -3.1463	-3.6181	1.9805
v -3.0182	-3.6181	2.0788
v -2.8691	-3.6181	2.1406
v -2.7090	-3.6181	2.1616
v -2.7090	-3.6181	2.1988
v -2.7090	-3.5977	2.1988
v -2.7090	-3.5977	2.2492
v -2.7090	-3.5977	2.2825
v -2.5177	-3.6242	2.2573
v -2.7090	-3.6242	2.2825
v -2.3394	-3.6242	2.1834
v -2.3220	-3.6242	2.2136
v -2.1617	-3.6242	2.0906
v -2.0387	-3.5783	1.9303
v -2.1617	-3.5783	2.0906
v -1.9614	-3.5783	1.7436
v -1.9350	-3.6242	1.5433
v -1.9350	-3.5783	1.5433
v -2.3220	-3.5783	2.2136
v -2.5087	-3.5783	2.2909
v -2.5087	-3.6242	2.2909
v -2.7090	-3.5783	2.3173
v -2.7090	-3.6242	2.3173
v -2.9094	-3.5783	2.2909
v -2.9094	-3.6242	2.2909
v -3.0960	-3.5783	2.2136
v -3.0960	-3.6242	2.2136
v -3.2564	-3.5783	2.0906
v -3.2564	-3.6242	2.0906
v -3.3794	-3.5783	1.9303
v -3.3794	-3.6242	1.9303
v -3.3806	-3.5783	1.9273
v -3.3806	-3.6242	1.9273
v -3.4567	-3.5783	1.7436
v -3.4231	-3.6242	1.7346
v -3.3492	-3.6242	1.9129
v -3.3492	-3.5977	1.9129
v -3.2317	-3.6242	2.0660
v -3.2317	-3.5977	2.0660
v -3.3204	-3.5977	1.8962
v -3.3909	-3.5977	1.7260
v -3.3423	-3.5977	1.7129
v -3.3646	-3.5977	1.5433
v -3.3646	-3.6181	1.5433
v -3.2768	-3.5977	1.8710
v -3.2082	-3.5977	2.0424
v -3.1726	-3.5977	2.0068
v -3.0368	-3.6181	2.1110
v -3.0368	-3.5977	2.1110
v -2.8787	-3.6181	2.1765
v -2.8787	-3.5977	2.1765
v -2.8917	-3.5977	2.2251
v -3.0620	-3.5977	2.1546
v -3.0787	-3.5977	2.1834
v -2.9004	-3.5977	2.2573
v -2.9004	-3.6242	2.2573
v -3.0787	-3.6242	2.1834
v -3.4567	-2.5765	1.7436
v -3.4831	-2.5765	1.5433
v -3.4831	-2.6188	1.5433
v -3.4567	-2.6188	1.7436
v -3.4567	-2.5765	1.3429
v -3.4567	-2.6188	1.3429
v -3.3794	-2.5765	1.1563
v -3.3794	-2.6188	1.1563
v -3.2564	-2.5765	0.9960
v -3.2564	-2.6188	0.9960
v -3.0960	-2.5765	0.8729
v -3.0960	-2.6188	0.8729
v -2.9094	-2.5765	0.7956
v -2.9094	-2.6188	0.7956
v -2.7090	-2.5765	0.7693
v -2.7090	-2.6188	0.7693
v -2.5087	-2.5765	0.7956
v -2.5087	-2.6188	0.7956
v -2.3220	-2.5765	0.8729
v -2.3220	-2.6188	0.8729
v -2.1617	-2.5765	0.9960
v -2.1617	-2.6188	0.9960
v -2.0387	-2.6188	1.1563
v -2.0387	-2.5765	1.1563
v -1.9614	-2.6188	1.3429
v -1.9614	-2.5765	1.3429
v -1.9350	-2.6188	1.5433
v -1.9350	-2.5765	1.5433
v -1.9614	-2.6188	1.7436
v -1.9614	-2.5765	1.7436
v -2.0387	-2.6188	1.9303
v -2.0387	-2.5765	1.9303
v -2.1617	-2.6188	2.0906
v -2.1617	-2.5765	2.0906
v -2.3220	-2.5765	2.2136
v -2.3220	-2.6188	2.2136
v -2.5087	-2.5765	2.2909
v -2.5087	-2.6188	2.2909
v -2.7090	-2.5765	2.3173
v -2.7090	-2.6188	2.3173
v -2.9094	-2.5765	2.2909
v -2.9094	-2.6188	2.2909
v -3.0960	-2.5765	2.2136
v -3.0960	-2.6188	2.2136
v -3.2564	-2.5765	2.0906
v -3.2564	-2.6188	2.0906
v -3.3794	-2.5765	1.9303
v -3.3794	-2.6188	1.9303
v -3.3806	-2.5765	1.9273
v -3.3806	-2.6188	1.9273
v -2.9547	-3.5068	1.6091
v -2.9633	-3.5068	1.5433
v -2.9633	-3.4836	1.5433
v -2.9547	-3.4836	1.6091
v -2.9826	-3.5068	1.7012
v -2.9324	-3.5068	1.7666
v -2.9293	-3.5068	1.6704
v -2.9293	-3.4836	1.6704
v -2.5292	-3.4836	1.7231
v -2.5819	-3.4836	1.7635
v -2.6432	-3.4836	1.7889
v -2.7090	-3.4836	1.7975
v -2.7749	-3.4836	1.7889
v -2.8362	-3.4836	1.7635
v -2.8888	-3.4836	1.7231
v -2.9547	-3.4836	1.4774
v -2.9293	-3.4836	1.4161
v -2.8888	-3.4836	1.3635
v -2.8362	-3.4836	1.3230
v -2.7749	-3.4836	1.2976
v -2.7090	-3.4836	1.2890
v -2.6432	-3.4836	1.2976
v -2.5819	-3.4836	1.3230
v -2.5292	-3.4836	1.3635
v -2.4888	-3.4836	1.4161
v -2.4634	-3.4836	1.4774
v -2.4548	-3.4836	1.5433
v -2.4634	-3.4836	1.6091
v -2.4888	-3.4836	1.6704
v -2.5819	-3.5068	1.7635
v -2.5292	-3.5068	1.7231
v -2.6432	-3.5068	1.7889
v -2.7090	-3.5068	1.7975
v -2.7090	-3.5068	1.8591
v -2.6273	-3.5068	1.8484
v -2.5511	-3.5068	1.8168
v -2.4888	-3.5068	1.6704
v -2.4634	-3.5068	1.6091
v -2.4548	-3.5068	1.5433
v -2.4634	-3.5068	1.4774
v -2.4888	-3.5068	1.4161
v -2.5292	-3.5068	1.3635
v -2.5819	-3.5068	1.3230
v -2.6432	-3.5068	1.2976
v -2.7090	-3.5068	1.2890
v -2.7749	-3.5068	1.2976
v -2.8362	-3.5068	1.3230
v -2.8888	-3.5068	1.3635
v -2.9293	-3.5068	1.4161
v -2.9324	-3.5068	1.3199
v -2.9547	-3.5068	1.4774
v -2.9826	-3.5068	1.3853
v -2.9324	-3.1054	1.3199
v -2.9826	-3.1054	1.3853
v -2.8670	-3.1054	1.2697
v -2.8670	-3.5068	1.2697
v -2.7908	-3.1054	1.2382
v -2.7908	-3.5068	1.2382
v -2.7090	-3.1054	1.2274
v -2.7090	-3.5068	1.2274
v -2.6273	-3.1054	1.2382
v -2.6273	-3.5068	1.2382
v -2.5511	-3.1054	1.2697
v -2.5511	-3.5068	1.2697
v -2.4857	-3.1054	1.3199
v -2.4857	-3.5068	1.3199
v -2.4355	-3.5068	1.3853
v -2.4355	-3.1054	1.3853
v -2.4355	-3.5068	1.7012
v -2.4039	-3.5068	1.6250
v -2.4039	-3.5068	1.4615
v -2.4039	-3.1054	1.4615
v -2.3932	-3.5068	1.5433
v -2.3932	-3.1054	1.5433
v -2.4039	-3.1054	1.6250
v -2.4355	-3.1054	1.7012
v -2.4857	-3.5068	1.7666
v -2.4857	-3.1054	1.7666
v -2.5511	-3.1054	1.8168
v -2.6273	-3.1054	1.8484
v -2.7090	-3.1054	1.8591
v -2.7908	-3.1054	1.8484
v -2.7908	-3.5068	1.8484
v -2.8670	-3.1054	1.8168
v -2.8670	-3.5068	1.8168
v -2.9324	-3.1054	1.7666
v -2.9826	-3.1054	1.7012
v -3.0141	-3.1054	1.6250
v -3.0141	-3.5068	1.6250
v -3.0249	-3.1054	1.5433
v -3.0249	-3.5068	1.5433
v -3.0141	-3.1054	1.4615
v -3.0141	-3.5068	1.4615
v -2.8888	-3.5068	1.7231
v -2.8362	-3.5068	1.7635
v -2.7749	-3.5068	1.7889
v -1.6407	-2.4490	0.8899
v -1.7476	-2.4490	1.5189
v -1.8462	-2.4490	0.6356
v -1.8014	-2.4490	2.4061
v -1.6090	-2.4490	2.1418
v -1.5080	-2.4490	1.1887
v -1.4916	-2.4490	1.8367
v -1.4571	-2.4490	1.5116
v -1.7741	-2.4490	1.7686
v -1.8643	-2.4490	2.0029
v -2.0557	-2.4490	2.6116
v -2.0120	-2.4490	2.2059
v -2.2073	-2.4490	2.3637
v -2.3544	-2.4490	2.7443
v -2.4367	-2.4490	2.4656
v -2.6774	-2.4490	2.7952
v -2.6847	-2.4490	2.5047
v -3.0025	-2.4490	2.7607
v -2.9344	-2.4490	2.4782
v -3.1687	-2.4490	2.3880
v -3.3076	-2.4490	2.6433
v -3.3717	-2.4490	2.2403
v -3.5719	-2.4490	2.4509
v -3.5295	-2.4490	2.0450
v -3.6314	-2.4490	1.8156
v -3.7774	-2.4490	2.1966
v -3.6705	-2.4490	1.5676
v -3.8091	-2.4490	0.9447
v -3.9101	-2.4490	1.8979
v -3.9265	-2.4490	1.2498
v -3.9610	-2.4490	1.5749
v -3.6440	-2.4490	1.3179
v -3.6167	-2.4490	0.6804
v -3.5538	-2.4490	1.0836
v -3.4061	-2.4490	0.8806
v -3.3624	-2.4490	0.4749
v -3.2108	-2.4490	0.7228
v -3.0636	-2.4490	0.3422
v -2.9814	-2.4490	0.6209
v -2.7407	-2.4490	0.2914
v -2.7334	-2.4490	0.5818
v -2.4837	-2.4490	0.6083
v -2.4156	-2.4490	0.3258
v -2.2494	-2.4490	0.6985
v -2.1105	-2.4490	0.4432
v -2.0464	-2.4490	0.8462
v -1.8886	-2.4490	1.0415
v -1.7867	-2.4490	1.2709
v -1.4571	-1.3301	1.5116
v -1.5080	-1.3301	1.1887
v -1.4916	-1.3301	1.8367
v -1.6090	-1.3301	2.1418
v -1.6407	-1.3301	0.8899
v -1.8014	-1.3301	2.4061
v -1.7476	-1.3301	1.5189
v -1.7741	-1.3301	1.7686
v -1.8643	-1.3301	2.0029
v -2.0557	-1.3301	2.6116
v -2.0120	-1.3301	2.2059
v -2.2073	-1.3301	2.3637
v -2.3544	-1.3301	2.7443
v -2.4367	-1.3301	2.4656
v -2.6774	-1.3301	2.7952
v -2.6847	-1.3301	2.5047
v -3.0025	-1.3301	2.7607
v -2.9344	-1.3301	2.4782
v -3.1687	-1.3301	2.3880
v -3.3076	-1.3301	2.6433
v -3.3717	-1.3301	2.2403
v -3.5719	-1.3301	2.4509
v -3.5295	-1.3301	2.0450
v -3.6314	-1.3301	1.8156
v -3.7774	-1.3301	2.1966
v -3.6705	-1.3301	1.5676
v -3.8091	-1.3301	0.9447
v -3.6440	-1.3301	1.3179
v -3.6167	-1.3301	0.6804
v -3.5538	-1.3301	1.0836
v -3.4061	-1.3301	0.8806
v -3.3624	-1.3301	0.4749
v -3.2108	-1.3301	0.7228
v -3.0636	-1.3301	0.3422
v -2.9814	-1.3301	0.6209
v -2.7407	-1.3301	0.2914
v -2.7334	-1.3301	0.5818
v -2.4837	-1.3301	0.6083
v -2.4156	-1.3301	0.3258
v -2.2494	-1.3301	0.6985
v -2.1105	-1.3301	0.4432
v -2.0464	-1.3301	0.8462
v -1.8886	-1.3301	1.0415
v -1.8462	-1.3301	0.6356
v -1.7867	-1.3301	1.2709
v -3.9101	-1.3301	1.8979
v -3.9265	-1.3301	1.2498
v -3.9610	-1.3301	1.5749
v -2.4837	-2.4490	0.6083
v -2.2494	-2.4490	0.6985
v -2.3420	-2.3957	0.8687
v -2.5291	-2.3957	0.7967
v -2.0464	-2.4490	0.8462
v -2.1799	-2.3957	0.9867
v -2.0539	-2.3957	1.1426
v -1.9725	-2.3957	1.3258
v -1.7476	-2.4490	1.5189
v -1.9413	-2.3957	1.5238
v -1.7741	-2.4490	1.7686
v -1.9625	-2.3957	1.7232
v -1.8643	-2.4490	2.0029
v -2.0345	-2.3957	1.9103
v -2.0120	-2.4490	2.2059
v -2.1525	-2.3957	2.0724
v -2.2073	-2.4490	2.3637
v -2.3084	-2.3957	2.1984
v -2.4367	-2.4490	2.4656
v -2.4916	-2.3957	2.2798
v -2.6896	-2.3957	2.3110
v -2.6847	-2.4490	2.5047
v -2.9344	-2.4490	2.4782
v -2.8890	-2.3957	2.2898
v -3.0761	-2.3957	2.2178
v -3.1687	-2.4490	2.3880
v -3.2382	-2.3957	2.0998
v -3.3717	-2.4490	2.2403
v -3.3642	-2.3957	1.9439
v -3.5295	-2.4490	2.0450
v -3.4456	-2.3957	1.7607
v -3.6314	-2.4490	1.8156
v -3.4768	-2.3957	1.5627
v -3.6705	-2.4490	1.5676
v -3.6440	-2.4490	1.3179
v -3.4556	-2.3957	1.3633
v -3.5538	-2.4490	1.0836
v -3.3836	-2.3957	1.1762
v -3.4061	-2.4490	0.8806
v -3.2656	-2.3957	1.0141
v -3.2108	-2.4490	0.7228
v -3.1097	-2.3957	0.8881
v -2.9814	-2.4490	0.6209
v -2.9265	-2.3957	0.8067
v -2.7334	-2.4490	0.5818
v -2.7285	-2.3957	0.7756
v -1.9725	-1.3835	1.3258
v -1.7867	-1.3301	1.2709
v -1.8886	-1.3301	1.0415
v -2.0539	-1.3835	1.1426
v -1.9413	-1.3835	1.5238
v -1.7741	-1.3301	1.7686
v -1.9625	-1.3835	1.7232
v -1.8643	-1.3301	2.0029
v -2.0345	-1.3835	1.9103
v -2.0120	-1.3301	2.2059
v -2.1525	-1.3835	2.0724
v -2.2073	-1.3301	2.3637
v -2.3084	-1.3835	2.1984
v -2.4367	-1.3301	2.4656
v -2.4916	-1.3835	2.2798
v -2.6847	-1.3301	2.5047
v -2.6896	-1.3835	2.3110
v -2.9344	-1.3301	2.4782
v -2.8890	-1.3835	2.2898
v -3.0761	-1.3835	2.2178
v -3.1687	-1.3301	2.3880
v -3.2382	-1.3835	2.0998
v -3.3717	-1.3301	2.2403
v -3.3642	-1.3835	1.9439
v -3.5295	-1.3301	2.0450
v -3.4456	-1.3835	1.7607
v -3.6314	-1.3301	1.8156
v -3.4768	-1.3835	1.5627
v -3.6705	-1.3301	1.5676
v -3.4556	-1.3835	1.3633
v -3.6440	-1.3301	1.3179
v -3.3836	-1.3835	1.1762
v -3.5538	-1.3301	1.0836
v -3.2656	-1.3835	1.0141
v -3.4061	-1.3301	0.8806
v -3.1097	-1.3835	0.8881
v -3.2108	-1.3301	0.7228
v -2.9265	-1.3835	0.8067
v -2.9814	-1.3301	0.6209
v -2.7285	-1.3835	0.7756
v -2.7334	-1.3301	0.5818
v -2.5291	-1.3835	0.7967
v -2.4837	-1.3301	0.6083
v -2.3420	-1.3835	0.8687
v -2.2494	-1.3301	0.6985
v -2.1799	-1.3835	0.9867
v -2.0464	-1.3301	0.8462
v -1.8014	-2.4490	2.4061
v -1.6838	-2.3957	2.5179
v -1.9710	-2.3957	2.7500
v -2.0557	-2.4490	2.6116
v -1.6090	-2.4490	2.1418
v -1.4665	-2.3957	2.2193
v -1.4916	-2.4490	1.8367
v -1.3339	-2.3957	1.8747
v -1.4571	-2.4490	1.5116
v -1.2950	-2.3957	1.5075
v -1.3524	-2.3957	1.1427
v -1.5080	-2.4490	1.1887
v -1.3114	-2.3957	0.9148
v -1.3882	-2.3957	0.9446
v -1.3889	-2.2139	0.9429
v -1.3120	-2.2139	0.9131
v -1.4325	-1.9826	0.8308
v -1.3556	-1.9826	0.8009
v -1.3307	-2.2270	0.8651
v -1.4075	-2.2270	0.8950
v -1.3307	-2.3957	0.8651
v -1.3556	-2.3957	0.8009
v -1.4075	-2.3957	0.8950
v -1.5023	-2.3957	0.8052
v -1.6407	-2.4490	0.8899
v -1.7344	-2.3957	0.5181
v -1.8462	-2.4490	0.6356
v -1.5882	-2.3957	0.6232
v -1.6196	-2.3957	0.5802
v -1.5892	-2.2139	0.6217
v -1.6196	-2.2270	0.5802
v -1.6604	-1.9826	0.5247
v -1.5227	-2.2139	0.5730
v -1.5217	-2.3957	0.5744
v -1.5939	-1.9826	0.4759
v -1.5531	-2.2270	0.5315
v -1.5531	-2.3957	0.5315
v -1.5939	-2.3957	0.4759
v -1.8129	-2.3957	0.3001
v -1.6694	-1.5653	0.4153
v -1.6680	-1.3835	0.4165
v -1.5939	-1.3835	0.4759
v -1.8143	-2.2139	0.2990
v -1.9081	-1.9826	0.2237
v -1.9081	-1.3835	0.2237
v -1.7095	-1.3835	0.3831
v -1.7095	-1.5522	0.3831
v -1.7632	-1.7966	0.3400
v -1.7210	-1.5653	0.4796
v -1.7196	-1.3835	0.4807
v -1.8148	-1.7966	0.4043
v -1.7611	-1.5522	0.4474
v -1.7611	-1.3835	0.4474
v -2.0330	-1.3835	0.3007
v -1.9951	-1.3835	0.1854
v -2.0283	-1.3835	0.2609
v -2.0770	-1.3835	0.2394
v -2.3776	-1.3835	0.1681
v -2.1105	-1.3301	0.4432
v -2.4156	-1.3301	0.3258
v -1.8462	-1.3301	0.6356
v -1.7344	-1.3835	0.5181
v -1.6407	-1.3301	0.8899
v -1.5023	-1.3835	0.8052
v -1.5080	-1.3301	1.1887
v -1.3524	-1.3835	1.1427
v -1.4571	-1.3301	1.5116
v -1.2950	-1.3835	1.5075
v -1.3339	-1.3835	1.8747
v -1.4916	-1.3301	1.8367
v -1.3297	-1.3835	2.2085
v -1.4052	-1.3835	2.1753
v -1.3297	-1.5522	2.2085
v -1.4052	-1.5522	2.1753
v -1.3512	-1.3835	2.2572
v -1.3895	-1.3835	2.3442
v -1.3895	-2.3957	2.3442
v -1.2763	-2.3957	2.0871
v -1.2756	-2.2139	2.0855
v -1.2271	-1.9826	1.9754
v -1.2271	-1.3835	1.9754
v -1.3020	-1.7966	2.1455
v -1.3505	-1.5653	2.2556
v -1.4266	-1.3835	2.2240
v -1.4259	-1.5653	2.2224
v -1.3774	-1.7966	2.1123
v -1.4665	-1.3835	2.2193
v -1.6090	-1.3301	2.1418
v -1.6838	-1.3835	2.5179
v -1.8014	-1.3301	2.4061
v -1.6132	-1.3835	2.4912
v -1.6465	-1.3835	2.5327
v -1.5701	-1.7966	2.4375
v -1.6132	-1.5522	2.4912
v -1.6454	-1.5653	2.5313
v -1.5058	-1.7966	2.4891
v -1.5489	-1.5522	2.5428
v -1.5822	-1.3835	2.5843
v -1.6417	-1.3835	2.6584
v -1.6417	-2.3957	2.6584
v -1.4659	-2.3957	2.4394
v -1.4648	-2.2139	2.4380
v -1.3895	-1.9826	2.3442
v -1.5489	-1.3835	2.5428
v -1.5811	-1.5653	2.5829
v -1.8472	-1.3835	2.8090
v -1.7916	-1.7966	2.7683
v -1.8886	-1.5653	2.8394
v -1.8901	-1.3835	2.8405
v -1.9667	-1.3835	2.8967
v -1.9667	-1.9826	2.8967
v -1.9667	-2.3957	2.8967
v -1.7402	-2.3957	2.7306
v -1.7387	-2.2139	2.7296
v -1.6417	-1.9826	2.6584
v -1.8472	-1.5522	2.8090
v -1.8403	-1.7966	2.7018
v -1.9374	-1.5653	2.7729
v -1.8959	-1.5522	2.7425
v -1.8959	-1.3835	2.7425
v -1.9388	-1.3835	2.7740
v -1.9710	-1.3835	2.7500
v -2.2041	-1.3835	2.9890
v -2.1399	-1.7966	2.9640
v -2.2520	-1.5653	3.0076
v -2.2537	-1.3835	3.0083
v -2.3423	-1.3835	3.0427
v -2.3423	-1.9826	3.0427
v -2.3423	-2.3957	3.0427
v -2.0805	-2.3957	2.9409
v -2.0788	-2.2139	2.9403
v -2.2041	-1.5522	2.9890
v -2.1698	-1.7966	2.8872
v -2.2819	-1.5653	2.9308
v -2.2340	-1.5522	2.9121
v -2.2340	-1.3835	2.9121
v -2.2836	-1.3835	2.9314
v -2.3085	-1.3835	2.8999
v -2.6733	-1.3835	2.9573
v -2.6045	-1.3835	2.9885
v -2.5955	-1.3835	3.0704
v -2.6045	-1.5522	2.9885
v -2.5955	-1.5522	3.0704
v -2.6574	-1.3835	2.9942
v -2.6556	-1.5653	2.9940
v -2.5360	-1.7966	2.9810
v -2.7429	-1.3835	3.0865
v -3.0405	-1.3835	2.9184
v -2.9821	-1.3835	2.9663
v -2.9946	-1.3835	3.0477
v -2.9821	-1.5522	2.9663
v -2.9946	-1.5522	3.0477
v -3.0347	-1.3835	2.9582
v -3.0329	-1.5653	2.9584
v -2.9140	-1.7966	2.9768
v -3.0472	-1.3835	3.0396
v -3.0455	-1.5653	3.0399
v -2.9266	-1.7966	3.0582
v -3.1412	-1.3835	3.0252
v -3.1412	-1.9826	3.0252
v -3.1412	-2.3957	3.0252
v -2.8636	-2.3957	3.0679
v -2.8618	-2.2139	3.0682
v -2.7429	-1.9826	3.0865
v -3.3851	-1.3835	2.7858
v -3.0025	-1.3301	2.7607
v -3.3076	-1.3301	2.6433
v -2.6774	-1.3301	2.7952
v -2.3544	-1.3301	2.7443
v -2.0557	-1.3301	2.6116
v -3.5719	-1.3301	2.4509
v -3.6837	-1.3835	2.5685
v -3.7774	-1.3301	2.1966
v -3.9158	-1.3835	2.2813
v -3.9101	-1.3301	1.8979
v -4.0657	-1.3835	1.9438
v -3.9610	-1.3301	1.5749
v -4.1231	-1.3835	1.5790
v -3.9265	-1.3301	1.2498
v -4.0842	-1.3835	1.2118
v -3.8091	-1.3301	0.9447
v -3.9516	-1.3835	0.8672
v -3.6167	-1.3301	0.6804
v -3.7342	-1.3835	0.5686
v -3.3624	-1.3301	0.4749
v -3.4471	-1.3835	0.3365
v -3.0636	-1.3301	0.3422
v -3.1096	-1.3835	0.1866
v -2.7407	-1.3301	0.2914
v -2.7448	-1.3835	0.1292
v -2.3834	-1.3835	0.1284
v -2.3708	-1.3835	0.0469
v -2.2769	-1.3835	0.0613
v -2.0438	-1.3835	0.1640
v -2.0770	-1.5522	0.2394
v -2.0438	-1.5522	0.1640
v -2.1401	-1.7966	0.2117
v -2.1068	-1.7966	0.1362
v -1.9967	-1.5653	0.1847
v -2.0300	-1.5653	0.2601
v -1.9081	-2.3957	0.2237
v -2.1652	-2.3957	0.1105
v -2.1668	-2.2139	0.1098
v -2.2769	-1.9826	0.0613
v -1.8544	-2.2270	0.2668
v -1.8544	-2.3957	0.2668
v -1.9597	-1.9826	0.2880
v -1.9060	-2.2270	0.3311
v -1.8659	-2.2139	0.3633
v -1.8645	-2.3957	0.3644
v -2.0330	-2.3957	0.3007
v -1.9060	-2.3957	0.3311
v -2.1984	-2.3957	0.1860
v -2.2000	-2.2139	0.1853
v -2.3101	-1.9826	0.1368
v -2.2139	-2.2270	0.0891
v -2.2471	-2.2270	0.1646
v -2.2769	-2.3957	0.0613
v -2.2139	-2.3957	0.0891
v -2.3726	-1.5653	0.0466
v -2.5545	-2.3957	0.0186
v -2.5563	-2.2139	0.0183
v -2.6752	-1.9826	0.0000
v -2.6752	-1.3835	0.0000
v -2.4235	-1.3835	0.0388
v -2.4235	-1.5522	0.0388
v -2.4915	-1.7966	0.0283
v -2.3852	-1.5653	0.1281
v -2.5041	-1.7966	0.1098
v -2.4360	-1.5522	0.1203
v -2.4360	-1.3835	0.1203
v -2.7697	-1.3835	0.0103
v -2.7607	-1.3835	0.0923
v -2.8136	-1.3835	0.0981
v -2.8226	-1.3835	0.0161
v -3.0758	-1.3835	0.0438
v -3.1643	-1.3835	0.0783
v -3.1345	-1.3835	0.1551
v -3.1841	-1.3835	0.1744
v -3.2140	-1.3835	0.0975
v -3.4514	-1.3835	0.1898
v -3.4793	-1.3835	0.3125
v -3.5222	-1.3835	0.3440
v -3.5709	-1.3835	0.2775
v -3.7764	-1.3835	0.4281
v -3.7716	-1.3835	0.5538
v -3.8049	-1.3835	0.5953
v -3.8692	-1.3835	0.5437
v -4.0286	-1.3835	0.7423
v -3.9915	-1.3835	0.8625
v -4.0129	-1.3835	0.9112
v -4.0883	-1.3835	0.8780
v -4.1239	-1.3835	1.2176
v -4.1741	-1.3835	1.9986
v -4.1320	-1.3835	1.2702
v -4.1542	-1.3835	1.6478
v -4.2362	-1.3835	1.6568
v -4.2085	-1.3835	1.9100
v -4.2085	-2.3957	1.9100
v -4.1067	-2.3957	2.1718
v -4.1061	-2.2139	2.1735
v -4.0625	-1.9826	2.2856
v -4.0625	-1.3835	2.2856
v -4.1548	-1.3835	2.0482
v -4.1548	-1.5522	2.0482
v -4.1298	-1.7966	2.1124
v -4.1734	-1.5653	2.0003
v -4.1340	-2.3957	1.8326
v -4.2160	-2.3957	1.8415
v -4.2160	-2.2270	1.8415
v -4.1340	-2.2270	1.8326
v -4.2085	-1.9826	1.9100
v -4.1265	-1.9826	1.9010
v -4.1396	-2.2139	1.7814
v -4.2216	-2.2139	1.7904
v -4.1398	-2.3957	1.7796
v -4.2218	-2.3957	1.7886
v -4.2362	-1.5522	1.6568
v -4.2287	-1.7966	1.7253
v -4.1542	-1.5522	1.6478
v -4.1600	-1.3835	1.5949
v -4.1598	-1.5653	1.5967
v -4.1467	-1.7966	1.7163
v -4.2135	-1.3835	1.2577
v -4.2420	-1.3835	1.6039
v -4.2418	-1.5653	1.6057
v -4.2523	-1.3835	1.5094
v -4.2523	-2.3957	1.5094
v -4.2054	-1.3835	1.2051
v -4.1910	-1.3835	1.1111
v -4.1910	-2.3957	1.1111
v -4.2337	-2.3957	1.3887
v -4.2340	-2.2139	1.3905
v -4.2523	-1.9826	1.5094
v -4.2135	-1.5522	1.2577
v -4.2240	-1.7966	1.3258
v -4.2057	-1.5653	1.2069
v -4.1242	-1.5653	1.2194
v -4.1425	-1.7966	1.3383
v -4.1320	-1.5522	1.2702
v -4.0669	-1.3835	0.8293
v -4.0286	-2.3957	0.7423
v -4.1418	-2.3957	0.9994
v -4.1425	-2.2139	1.0010
v -4.1910	-1.9826	1.1111
v -4.0883	-1.5522	0.8780
v -4.1161	-1.7966	0.9411
v -4.0676	-1.5653	0.8310
v -3.9922	-1.5653	0.8642
v -4.0406	-1.7966	0.9743
v -4.0129	-1.5522	0.9112
v -4.0663	-2.3957	1.0326
v -4.0842	-2.3957	1.2118
v -3.9855	-2.3957	0.6886
v -3.9855	-2.2270	0.6886
v -4.0286	-1.9826	0.7423
v -3.9212	-2.2270	0.7402
v -3.9212	-2.3957	0.7402
v -3.9643	-1.9826	0.7939
v -3.9533	-2.2139	0.6485
v -3.8890	-2.2139	0.7001
v -3.8359	-1.3835	0.5022
v -3.7764	-2.3957	0.4281
v -3.9522	-2.3957	0.6471
v -3.8692	-1.5522	0.5437
v -3.9123	-1.7966	0.5974
v -3.8370	-1.5653	0.5036
v -3.7727	-1.5653	0.5552
v -3.8480	-1.7966	0.6490
v -3.8049	-1.5522	0.5953
v -3.8879	-2.3957	0.6987
v -3.9516	-2.3957	0.8672
v -3.7342	-2.3957	0.5686
v -3.7208	-2.3957	0.3874
v -3.7764	-1.9826	0.4281
v -3.7208	-2.2270	0.3874
v -3.6721	-2.2270	0.4538
v -3.7276	-1.9826	0.4946
v -3.6721	-2.3957	0.4538
v -3.6291	-2.3957	0.4224
v -3.6306	-2.2139	0.4234
v -3.6793	-2.2139	0.3570
v -3.5295	-1.5653	0.2471
v -3.5280	-1.3835	0.2460
v -3.4514	-1.9826	0.1898
v -3.4514	-2.3957	0.1898
v -3.6779	-2.3957	0.3559
v -3.5709	-1.5522	0.2775
v -3.6265	-1.7966	0.3182
v -3.4807	-1.5653	0.3136
v -3.5777	-1.7966	0.3847
v -3.5222	-1.5522	0.3440
v -3.1660	-1.5653	0.0789
v -3.0758	-1.9826	0.0438
v -3.0758	-2.3957	0.0438
v -3.3375	-2.3957	0.1456
v -3.3392	-2.2139	0.1462
v -3.2140	-1.5522	0.0975
v -3.2782	-1.7966	0.1225
v -3.1362	-1.5653	0.1558
v -3.2483	-1.7966	0.1993
v -3.1841	-1.5522	0.1744
v -2.7715	-1.5653	0.0105
v -2.6752	-2.3957	0.0000
v -2.9544	-2.3957	0.0305
v -2.9562	-2.2139	0.0307
v -2.8226	-1.5522	0.0161
v -2.8910	-1.7966	0.0236
v -2.7625	-1.5653	0.0925
v -2.8821	-1.7966	0.1056
v -2.8136	-1.5522	0.0981
v -2.6071	-2.2270	0.0105
v -2.6071	-2.3957	0.0105
v -2.6877	-1.9826	0.0815
v -2.6197	-2.2270	0.0920
v -2.5689	-2.2139	0.0998
v -2.5671	-2.3957	0.1001
v -2.3776	-2.3957	0.1681
v -2.2471	-2.3957	0.1646
v -2.1105	-2.4490	0.4432
v -2.4156	-2.4490	0.3258
v -2.7448	-2.3957	0.1292
v -2.7407	-2.4490	0.2914
v -2.6197	-2.3957	0.0920
v -2.9454	-2.3957	0.1125
v -2.9472	-2.2139	0.1127
v -2.9983	-2.3957	0.1183
v -2.9983	-2.2270	0.1183
v -3.0668	-1.9826	0.1258
v -3.0073	-2.3957	0.0363
v -3.0073	-2.2270	0.0363
v -3.1096	-2.3957	0.1866
v -3.0636	-2.4490	0.3422
v -3.3624	-2.4490	0.4749
v -3.4471	-2.3957	0.3365
v -3.6167	-2.4490	0.6804
v -3.8091	-2.4490	0.9447
v -3.9265	-2.4490	1.2498
v -3.9610	-2.4490	1.5749
v -4.1231	-2.3957	1.5790
v -3.9101	-2.4490	1.8979
v -4.0657	-2.3957	1.9438
v -3.7774	-2.4490	2.1966
v -3.9158	-2.3957	2.2813
v -3.5719	-2.4490	2.4509
v -3.6837	-2.3957	2.5685
v -3.3076	-2.4490	2.6433
v -3.3851	-2.3957	2.7858
v -3.0025	-2.4490	2.7607
v -3.0405	-2.3957	2.9184
v -2.6774	-2.4490	2.7952
v -2.6733	-2.3957	2.9573
v -2.3544	-2.4490	2.7443
v -2.3085	-2.3957	2.8999
v -2.0608	-2.3957	2.8448
v -2.0309	-2.3957	2.9216
v -1.7890	-2.3957	2.6642
v -1.7460	-2.3957	2.6327
v -1.6973	-2.3957	2.6992
v -1.5302	-2.3957	2.3878
v -1.4969	-2.3957	2.3463
v -1.4326	-2.3957	2.3979
v -1.3518	-2.3957	2.0539
v -1.3303	-2.3957	2.0052
v -1.2783	-2.3957	1.3069
v -1.2841	-2.3957	1.2540
v -1.2841	-2.2270	1.2540
v -1.2916	-1.9826	1.1855
v -1.2785	-2.2139	1.3051
v -1.2021	-2.3957	1.2450
v -1.2021	-2.2270	1.2450
v -1.2096	-2.3957	1.1765
v -1.2096	-1.9826	1.1765
v -1.2440	-1.3835	1.0880
v -1.2096	-1.3835	1.1765
v -1.3556	-1.3835	0.8009
v -1.2633	-1.3835	1.0383
v -1.2633	-1.5522	1.0383
v -1.2883	-1.7966	0.9741
v -1.2447	-1.5653	1.0863
v -1.2639	-1.3835	1.4387
v -1.3209	-1.3835	1.1178
v -1.2860	-1.3835	1.8163
v -1.2581	-1.3835	1.4916
v -1.2046	-1.3835	1.8289
v -1.2046	-1.5522	1.8289
v -1.2860	-1.5522	1.8163
v -1.2127	-1.3835	1.8815
v -1.2271	-2.3957	1.9754
v -1.1844	-2.3957	1.6978
v -1.1841	-2.2139	1.6960
v -1.1658	-1.9826	1.5771
v -1.1658	-1.3835	1.5771
v -1.1941	-1.7966	1.7608
v -1.2124	-1.5653	1.8797
v -1.2941	-1.3835	1.8689
v -1.2939	-1.5653	1.8671
v -1.2755	-1.7966	1.7482
v -1.2659	-2.3957	1.6852
v -1.2549	-2.3957	2.0384
v -1.2578	-2.3957	1.6326
v -1.1963	-2.3957	1.2979
v -1.1965	-2.2139	1.2961
v -1.1761	-1.3835	1.4826
v -1.1658	-2.3957	1.5771
v -1.1819	-1.3835	1.4297
v -1.1819	-1.5522	1.4297
v -1.1894	-1.7966	1.3613
v -1.1763	-1.5653	1.4808
v -1.2583	-1.5653	1.4898
v -1.2713	-1.7966	1.3702
v -1.2639	-1.5522	1.4387
v -1.1763	-2.3957	1.6452
v -1.1763	-2.2270	1.6452
v -1.2473	-1.9826	1.5646
v -1.2578	-2.2270	1.6326
v -1.2656	-2.2139	1.6835
v -1.2549	-2.2270	2.0384
v -1.3303	-2.2270	2.0052
v -1.3026	-1.9826	1.9422
v -1.3510	-2.2139	2.0523
v -1.3402	-1.3835	1.0682
v -1.3402	-1.5522	1.0682
v -1.3215	-1.5653	1.1161
v -1.3651	-1.7966	1.0040
v -1.4118	-1.3835	0.7243
v -1.4783	-1.3835	0.7730
v -1.5098	-1.3835	0.7301
v -1.4433	-1.3835	0.6814
v -1.4433	-1.5522	0.6814
v -1.5098	-1.5522	0.7301
v -1.4840	-1.7966	0.6258
v -1.4129	-1.5653	0.7228
v -1.5505	-1.7966	0.6746
v -1.4794	-1.5653	0.7716
v -1.4326	-2.2270	2.3979
v -1.4537	-1.9826	2.2926
v -1.4969	-2.2270	2.3463
v -1.5291	-2.2139	2.3864
v -1.6973	-2.2270	2.6992
v -1.6905	-1.9826	2.5920
v -1.7460	-2.2270	2.6327
v -1.7875	-2.2139	2.6631
v -2.0309	-2.2270	2.9216
v -1.9966	-1.9826	2.8199
v -2.0608	-2.2270	2.8448
v -2.1087	-2.2139	2.8634
v -2.1104	-2.3957	2.8641
v -2.4197	-2.3957	2.9682
v -2.4727	-2.3957	2.9740
v -2.7429	-2.3957	3.0865
v -2.4637	-2.3957	3.0560
v -2.4709	-2.2139	2.9738
v -2.4619	-2.2139	3.0558
v -2.4197	-2.2270	2.9682
v -2.3513	-1.9826	2.9607
v -2.4108	-2.2270	3.0502
v -2.4108	-2.3957	3.0502
v -2.5270	-1.7966	3.0629
v -2.6466	-1.5653	3.0760
v -2.6484	-1.3835	3.0762
v -2.5426	-2.3957	3.0646
v -2.4741	-1.3835	3.0571
v -2.8110	-2.2270	3.0760
v -2.8110	-2.3957	3.0760
v -2.7303	-1.9826	3.0050
v -2.7984	-2.2270	2.9946
v -2.7984	-2.3957	2.9946
v -2.8492	-2.2139	2.9867
v -2.8510	-2.3957	2.9865
v -3.1710	-2.3957	2.9220
v -3.2197	-2.3957	2.9005
v -3.2529	-2.3957	2.9760
v -3.5100	-2.3957	2.8628
v -3.5121	-2.3957	2.7554
v -3.5536	-2.3957	2.7221
v -3.6052	-2.3957	2.7864
v -3.8242	-2.3957	2.6106
v -3.7985	-2.3957	2.5063
v -3.8299	-2.3957	2.4634
v -3.8964	-2.3957	2.5121
v -4.0625	-2.3957	2.2856
v -4.0106	-2.3957	2.1915
v -4.0299	-2.3957	2.1419
v -4.1632	-2.3957	1.0481
v -4.1522	-2.3957	1.4013
v -4.1632	-2.2270	1.0481
v -4.0878	-2.2270	1.0813
v -4.0878	-2.3957	1.0813
v -4.1155	-1.9826	1.1444
v -4.0670	-2.2139	1.0343
v -4.1525	-2.2139	1.4031
v -4.1708	-1.9826	1.5220
v -4.1603	-2.3957	1.4539
v -4.1603	-2.2270	1.4539
v -4.2418	-2.3957	1.4413
v -4.2418	-2.2270	1.4413
v -4.0292	-2.2139	2.1436
v -3.9856	-1.9826	2.2557
v -4.0106	-2.2270	2.1915
v -4.0874	-2.2270	2.2214
v -4.0874	-2.3957	2.2214
v -4.0063	-1.3835	2.3622
v -3.8953	-2.2139	2.5136
v -3.8242	-1.9826	2.6106
v -3.8242	-1.3835	2.6106
v -3.9748	-1.3835	2.4052
v -3.9748	-1.5522	2.4052
v -3.9341	-1.7966	2.4607
v -4.0052	-1.5653	2.3637
v -3.9398	-1.3835	2.3135
v -3.9387	-1.5653	2.3149
v -3.9083	-1.5522	2.3564
v -3.9083	-1.3835	2.3564
v -3.8676	-1.7966	2.4120
v -3.7501	-1.3835	2.6701
v -3.6549	-1.7966	2.7465
v -3.7487	-1.5653	2.6712
v -3.6038	-2.2139	2.7875
v -3.5100	-1.9826	2.8628
v -3.5100	-1.3835	2.8628
v -3.7086	-1.3835	2.7034
v -3.7086	-1.5522	2.7034
v -3.6033	-1.7966	2.6822
v -3.6971	-1.5653	2.6069
v -3.6570	-1.5522	2.6391
v -3.6570	-1.3835	2.6391
v -3.6985	-1.3835	2.6058
v -3.4230	-1.3835	2.9011
v -3.3743	-1.5522	2.9226
v -3.3112	-1.7966	2.9503
v -3.4213	-1.5653	2.9019
v -3.2513	-2.2139	2.9767
v -3.3743	-1.3835	2.9226
v -3.3411	-1.5522	2.8471
v -3.2780	-1.7966	2.8749
v -3.3411	-1.3835	2.8471
v -3.3898	-1.3835	2.8257
v -3.3881	-1.5653	2.8264
v -3.5637	-2.2270	2.8197
v -3.5637	-2.3957	2.8197
v -3.4584	-1.9826	2.7986
v -3.5121	-2.2270	2.7554
v -3.5522	-2.2139	2.7233
v -3.2181	-2.2139	2.9013
v -3.1710	-2.2270	2.9220
v -3.1080	-1.9826	2.9497
v -3.2042	-2.3957	2.9974
v -3.2042	-2.2270	2.9974
v -3.8650	-2.2270	2.5550
v -3.8650	-2.3957	2.5550
v -3.7985	-2.2270	2.5063
v -3.7577	-1.9826	2.5618
v -3.8289	-2.2139	2.4648
v -4.0779	-1.3835	2.0183
v -4.0779	-1.5522	2.0183
v -4.0972	-1.3835	1.9687
v -4.0966	-1.5653	1.9704
v -4.0530	-1.7966	2.0825
v -3.3872	-2.3957	0.1649
v -3.3872	-2.2270	0.1649
v -3.3573	-2.2270	0.2417
v -3.4215	-1.9826	0.2667
v -3.3573	-2.3957	0.2417
v -3.3077	-2.3957	0.2224
v -3.3094	-2.2139	0.2231
v -1.9614	-1.4083	1.3429
v -2.0387	-1.4083	1.1563
v -2.0387	-1.3660	1.1563
v -1.9614	-1.3660	1.3429
v -1.9614	-1.4083	1.7436
v -1.9350	-1.4083	1.5433
v -1.9350	-1.3660	1.5433
v -1.9614	-1.3660	1.7436
v -2.0387	-1.3660	1.9303
v -2.0387	-1.4083	1.9303
v -2.0031	-1.4083	1.5433
v -2.0272	-1.4083	1.7260
v -2.0977	-1.4083	1.8962
v -2.1617	-1.4083	2.0906
v -2.2099	-1.4083	2.0424
v -2.3220	-1.4083	2.2136
v -2.3561	-1.4083	2.1546
v -2.5087	-1.4083	2.2909
v -2.5263	-1.4083	2.2251
v -2.7090	-1.4083	2.3173
v -2.7090	-1.4083	2.2492
v -2.8917	-1.4083	2.2251
v -2.9094	-1.4083	2.2909
v -3.0620	-1.4083	2.1546
v -3.0960	-1.4083	2.2136
v -3.2082	-1.4083	2.0424
v -3.2564	-1.4083	2.0906
v -3.3204	-1.4083	1.8962
v -3.3794	-1.4083	1.9303
v -3.3909	-1.4083	1.7260
v -3.3806	-1.4083	1.9273
v -3.4567	-1.4083	1.7436
v -3.4149	-1.4083	1.5433
v -3.4567	-1.4083	1.3429
v -3.3909	-1.4083	1.3606
v -3.3794	-1.4083	1.1563
v -3.4567	-1.3660	1.3429
v -3.3794	-1.3660	1.1563
v -3.3909	-1.3660	1.3606
v -3.4149	-1.3660	1.5433
v -3.3909	-1.6429	1.3606
v -3.4149	-1.6429	1.5433
v -3.3204	-1.6429	1.1903
v -3.3204	-1.3660	1.1903
v -3.3909	-1.6429	1.7260
v -3.3909	-1.3660	1.7260
v -3.3204	-1.3660	1.8962
v -3.3204	-1.6429	1.8962
v -3.2082	-1.3660	2.0424
v -3.2082	-1.6429	2.0424
v -3.0620	-1.3660	2.1546
v -3.0620	-1.6429	2.1546
v -3.0960	-1.3660	2.2136
v -3.2564	-1.3660	2.0906
v -3.3794	-1.3660	1.9303
v -3.3806	-1.3660	1.9273
v -3.4567	-1.3660	1.7436
v -3.4831	-1.3660	1.5433
v -3.4831	-1.4083	1.5433
v -2.9094	-1.3660	2.2909
v -2.8917	-1.3660	2.2251
v -2.7090	-1.3660	2.2492
v -2.7090	-1.3660	2.3173
v -2.5087	-1.3660	2.2909
v -2.3220	-1.3660	2.2136
v -2.1617	-1.3660	2.0906
v -2.2099	-1.3660	2.0424
v -2.0977	-1.3660	1.8962
v -2.0272	-1.3660	1.7260
v -2.0031	-1.3660	1.5433
v -2.0272	-1.3660	1.3606
v -2.0031	-1.6429	1.5433
v -2.0272	-1.6429	1.3606
v -2.0272	-1.6429	1.7260
v -2.0977	-1.6429	1.8962
v -2.2099	-1.6429	2.0424
v -2.1343	-1.6429	1.6973
v -2.1140	-1.6429	1.5433
v -2.0977	-1.6429	1.1903
v -2.0977	-1.3660	1.1903
v -2.1617	-1.3660	0.9960
v -2.2099	-1.3660	1.0441
v -2.2099	-1.6429	1.0441
v -2.3561	-1.3660	0.9319
v -2.3561	-1.6429	0.9319
v -2.3220	-1.3660	0.8729
v -2.3220	-1.4083	0.8729
v -2.1617	-1.4083	0.9960
v -2.5087	-1.3660	0.7956
v -2.5087	-1.4083	0.7956
v -2.5263	-1.3660	0.8614
v -2.5263	-1.6429	0.8614
v -2.7090	-1.3660	0.8374
v -2.7090	-1.6429	0.8374
v -2.7090	-1.3660	0.7693
v -2.7090	-1.4083	0.7693
v -2.9094	-1.4083	0.7956
v -2.9094	-1.3660	0.7956
v -3.0960	-1.4083	0.8729
v -3.0960	-1.3660	0.8729
v -3.2564	-1.4083	0.9960
v -3.2564	-1.3660	0.9960
v -3.2082	-1.3660	1.0441
v -3.2082	-1.6429	1.0441
v -3.2243	-1.6429	1.2458
v -3.2838	-1.6429	1.3893
v -3.2838	-1.3660	1.3893
v -3.2243	-1.3660	1.2458
v -3.2838	-1.3660	1.6973
v -3.3041	-1.3660	1.5433
v -3.3041	-1.6429	1.5433
v -3.2838	-1.6429	1.6973
v -3.2243	-1.6429	1.8408
v -3.1298	-1.6429	1.9640
v -3.0065	-1.6429	2.0586
v -2.8917	-1.6429	2.2251
v -2.7090	-1.6429	2.2492
v -2.5263	-1.3660	2.2251
v -2.5263	-1.6429	2.2251
v -2.3561	-1.3660	2.1546
v -2.3561	-1.6429	2.1546
v -2.4115	-1.6429	2.0586
v -2.2883	-1.6429	1.9640
v -2.1937	-1.6429	1.8408
v -2.1343	-1.3660	1.6973
v -2.1937	-1.3660	1.8408
v -2.1140	-1.3660	1.5433
v -2.1343	-1.6429	1.3893
v -2.1343	-1.3660	1.3893
v -2.1938	-1.6429	1.2458
v -2.1938	-1.3660	1.2458
v -2.2883	-1.6429	1.1225
v -2.2883	-1.3660	1.1225
v -2.4115	-1.6429	1.0280
v -2.4115	-1.3660	1.0280
v -2.5550	-1.6429	0.9685
v -2.5550	-1.3660	0.9685
v -2.7090	-1.3660	0.9482
v -2.7090	-1.6429	0.9482
v -2.6257	-1.3660	1.2327
v -2.7090	-1.3660	1.2218
v -2.4814	-1.3660	1.3160
v -2.5481	-1.3660	1.2649
v -2.7924	-1.3660	1.2327
v -2.8700	-1.3660	1.2649
v -2.9366	-1.3660	1.3160
v -2.9878	-1.3660	1.3826
v -3.0199	-1.3660	1.4601
v -3.0308	-1.3660	1.5433
v -3.0199	-1.3660	1.6264
v -2.9878	-1.3660	1.7040
v -2.9366	-1.3660	1.7706
v -2.8700	-1.3660	1.8217
v -2.7924	-1.3660	1.8538
v -2.7090	-1.3660	1.8648
v -2.6257	-1.3660	1.8538
v -2.5481	-1.3660	1.8217
v -2.4814	-1.3660	1.7706
v -2.4303	-1.3660	1.7040
v -2.3982	-1.3660	1.6264
v -2.3872	-1.3660	1.5433
v -2.3982	-1.3660	1.4601
v -2.4303	-1.3660	1.3826
v -2.4115	-1.3660	2.0586
v -2.5550	-1.3660	2.1180
v -2.5550	-1.6429	2.1180
v -2.2883	-1.3660	1.9640
v -2.7090	-1.3660	2.1383
v -2.7090	-1.6429	2.1383
v -2.8630	-1.3660	2.1180
v -2.8630	-1.6429	2.1180
v -3.0065	-1.3660	2.0586
v -3.1298	-1.3660	1.9640
v -3.2243	-1.3660	1.8408
v -3.1298	-1.3660	1.1225
v -3.0065	-1.3660	1.0280
v -2.8630	-1.3660	0.9685
v -2.8630	-1.6429	0.9685
v -2.8917	-1.6429	0.8614
v -3.0065	-1.6429	1.0280
v -3.1298	-1.6429	1.1225
v -3.0620	-1.6429	0.9319
v -2.8917	-1.3660	0.8614
v -3.0620	-1.3660	0.9319
v -3.3204	-1.4083	1.1903
v -3.2082	-1.4083	1.0441
v -3.0620	-1.4083	0.9319
v -2.8917	-1.4083	0.8614
v -2.7090	-1.4083	0.8374
v -2.5263	-1.4083	0.8614
v -2.3561	-1.4083	0.9319
v -2.2099	-1.4083	1.0441
v -2.0977	-1.4083	1.1903
v -2.0272	-1.4083	1.3606
v -3.3806	-2.3678	1.9273
v -3.4567	-2.3678	1.7436
v -3.4567	-2.5765	1.7436
v -3.3806	-2.5765	1.9273
v -3.4831	-2.3678	1.5433
v -3.4831	-2.5765	1.5433
v -3.4567	-2.3678	1.3429
v -3.4567	-2.5765	1.3429
v -3.3794	-2.3678	1.1563
v -3.3794	-2.5765	1.1563
v -3.2564	-2.3678	0.9960
v -3.2564	-2.5765	0.9960
v -3.0960	-2.3678	0.8729
v -3.0960	-2.5765	0.8729
v -2.9094	-2.3678	0.7956
v -2.9094	-2.5765	0.7956
v -2.7090	-2.3678	0.7693
v -2.7090	-2.5765	0.7693
v -2.5087	-2.3678	0.7956
v -2.5087	-2.5765	0.7956
v -2.3220	-2.3678	0.8729
v -2.3220	-2.5765	0.8729
v -2.1617	-2.3678	0.9960
v -2.1617	-2.5765	0.9960
v -2.0387	-2.5765	1.1563
v -2.0387	-2.3678	1.1563
v -1.9614	-2.5765	1.3429
v -1.9614	-2.3678	1.3429
v -1.9350	-2.5765	1.5433
v -1.9350	-2.3678	1.5433
v -1.9614	-2.5765	1.7436
v -1.9614	-2.3678	1.7436
v -2.0387	-2.5765	1.9303
v -2.0387	-2.3678	1.9303
v -2.1617	-2.5765	2.0906
v -2.1617	-2.3678	2.0906
v -2.3220	-2.3678	2.2136
v -2.3220	-2.5765	2.2136
v -2.5087	-2.3678	2.2909
v -2.5087	-2.5765	2.2909
v -2.7090	-2.3678	2.3173
v -2.7090	-2.5765	2.3173
v -2.9094	-2.3678	2.2909
v -2.9094	-2.5765	2.2909
v -3.0960	-2.3678	2.2136
v -3.0960	-2.5765	2.2136
v -3.2564	-2.3678	2.0906
v -3.2564	-2.5765	2.0906
v -3.3794	-2.3678	1.9303
v -3.3794	-2.5765	1.9303
v 3.5301	-3.1829	0.6083
v 3.7644	-3.1829	0.6985
v 3.6718	-3.1296	0.8687
v 3.4847	-3.1296	0.7967
v 3.9674	-3.1829	0.8462
v 3.8339	-3.1296	0.9867
v 4.1252	-3.1829	1.0415
v 3.9599	-3.1296	1.1426
v 4.2271	-3.1829	1.2709
v 4.0413	-3.1296	1.3258
v 4.2662	-3.1829	1.5189
v 4.0724	-3.1296	1.5238
v 4.2397	-3.1829	1.7686
v 4.0513	-3.1296	1.7232
v 4.1495	-3.1829	2.0029
v 3.9793	-3.1296	1.9103
v 4.0018	-3.1829	2.2059
v 3.8613	-3.1296	2.0724
v 3.8065	-3.1829	2.3637
v 3.7054	-3.1296	2.1984
v 3.5771	-3.1829	2.4656
v 3.5222	-3.1296	2.2798
v 3.3241	-3.1296	2.3110
v 3.3290	-3.1829	2.5047
v 3.0794	-3.1829	2.4782
v 3.1248	-3.1296	2.2898
v 2.9377	-3.1296	2.2178
v 2.8451	-3.1829	2.3880
v 2.7756	-3.1296	2.0998
v 2.6421	-3.1829	2.2403
v 2.6496	-3.1296	1.9439
v 2.4843	-3.1829	2.0450
v 2.5682	-3.1296	1.7607
v 2.3824	-3.1829	1.8156
v 2.5370	-3.1296	1.5627
v 2.3433	-3.1829	1.5676
v 2.3698	-3.1829	1.3179
v 2.5582	-3.1296	1.3633
v 2.4600	-3.1829	1.0836
v 2.6302	-3.1296	1.1762
v 2.6077	-3.1829	0.8806
v 2.7481	-3.1296	1.0141
v 2.8030	-3.1829	0.7228
v 2.9041	-3.1296	0.8881
v 3.0324	-3.1829	0.6209
v 3.0873	-3.1296	0.8067
v 3.2804	-3.1829	0.5818
v 3.2853	-3.1296	0.7756
v 4.0413	-2.1174	1.3258
v 4.2271	-2.0641	1.2709
v 4.1252	-2.0641	1.0415
v 3.9599	-2.1174	1.1426
v 4.0724	-2.1174	1.5238
v 4.2662	-2.0641	1.5189
v 4.2397	-2.0641	1.7686
v 4.0513	-2.1174	1.7232
v 4.1495	-2.0641	2.0029
v 3.9793	-2.1174	1.9103
v 4.0018	-2.0641	2.2059
v 3.8613	-2.1174	2.0724
v 3.8065	-2.0641	2.3637
v 3.7054	-2.1174	2.1984
v 3.5771	-2.0641	2.4656
v 3.5222	-2.1174	2.2798
v 3.3290	-2.0641	2.5047
v 3.3241	-2.1174	2.3110
v 3.0794	-2.0641	2.4782
v 3.1248	-2.1174	2.2898
v 2.9377	-2.1174	2.2178
v 2.8451	-2.0641	2.3880
v 2.7756	-2.1174	2.0998
v 2.6421	-2.0641	2.2403
v 2.6496	-2.1174	1.9439
v 2.4843	-2.0641	2.0450
v 2.5682	-2.1174	1.7607
v 2.3824	-2.0641	1.8156
v 2.5370	-2.1174	1.5627
v 2.3433	-2.0641	1.5676
v 2.5582	-2.1174	1.3633
v 2.3698	-2.0641	1.3179
v 2.6302	-2.1174	1.1762
v 2.4600	-2.0641	1.0836
v 2.7481	-2.1174	1.0141
v 2.6077	-2.0641	0.8806
v 2.9041	-2.1174	0.8881
v 2.8030	-2.0641	0.7228
v 3.0873	-2.1174	0.8067
v 3.0324	-2.0641	0.6209
v 3.2853	-2.1174	0.7756
v 3.2804	-2.0641	0.5818
v 3.4847	-2.1174	0.7967
v 3.5301	-2.0641	0.6083
v 3.6718	-2.1174	0.8687
v 3.7644	-2.0641	0.6985
v 3.8339	-2.1174	0.9867
v 3.9674	-2.0641	0.8462
v 4.3731	-3.1829	0.8899
v 4.2662	-3.1829	1.5189
v 4.1676	-3.1829	0.6356
v 4.2124	-3.1829	2.4061
v 4.4048	-3.1829	2.1418
v 4.5058	-3.1829	1.1887
v 4.5222	-3.1829	1.8367
v 4.5566	-3.1829	1.5116
v 4.2397	-3.1829	1.7686
v 4.1495	-3.1829	2.0029
v 3.9581	-3.1829	2.6116
v 4.0018	-3.1829	2.2059
v 3.8065	-3.1829	2.3637
v 3.6593	-3.1829	2.7443
v 3.5771	-3.1829	2.4656
v 3.3364	-3.1829	2.7952
v 3.3290	-3.1829	2.5047
v 3.0113	-3.1829	2.7607
v 3.0794	-3.1829	2.4782
v 2.8451	-3.1829	2.3880
v 2.7062	-3.1829	2.6433
v 2.6421	-3.1829	2.2403
v 2.4419	-3.1829	2.4509
v 2.4843	-3.1829	2.0450
v 2.3824	-3.1829	1.8156
v 2.2364	-3.1829	2.1966
v 2.3433	-3.1829	1.5676
v 2.2047	-3.1829	0.9447
v 2.1037	-3.1829	1.8979
v 2.0873	-3.1829	1.2498
v 2.0528	-3.1829	1.5749
v 2.3698	-3.1829	1.3179
v 2.3971	-3.1829	0.6804
v 2.4600	-3.1829	1.0836
v 2.6077	-3.1829	0.8806
v 2.6514	-3.1829	0.4749
v 2.8030	-3.1829	0.7228
v 2.9501	-3.1829	0.3422
v 3.0324	-3.1829	0.6209
v 3.2731	-3.1829	0.2914
v 3.2804	-3.1829	0.5818
v 3.5301	-3.1829	0.6083
v 3.5982	-3.1829	0.3258
v 3.7644	-3.1829	0.6985
v 3.9033	-3.1829	0.4432
v 3.9674	-3.1829	0.8462
v 4.5566	-2.0641	1.5116
v 4.5058	-2.0641	1.1887
v 4.5222	-2.0641	1.8367
v 4.4048	-2.0641	2.1418
v 4.3731	-2.0641	0.8899
v 4.2124	-2.0641	2.4061
v 4.2662	-2.0641	1.5189
v 4.2397	-2.0641	1.7686
v 4.1495	-2.0641	2.0029
v 3.9581	-2.0641	2.6116
v 4.0018	-2.0641	2.2059
v 3.8065	-2.0641	2.3637
v 3.6593	-2.0641	2.7443
v 3.5771	-2.0641	2.4656
v 3.3364	-2.0641	2.7952
v 3.3290	-2.0641	2.5047
v 3.0113	-2.0641	2.7607
v 3.0794	-2.0641	2.4782
v 2.8451	-2.0641	2.3880
v 2.7062	-2.0641	2.6433
v 2.6421	-2.0641	2.2403
v 2.4419	-2.0641	2.4509
v 2.4843	-2.0641	2.0450
v 2.3824	-2.0641	1.8156
v 2.2364	-2.0641	2.1966
v 2.3433	-2.0641	1.5676
v 2.2047	-2.0641	0.9447
v 2.3698	-2.0641	1.3179
v 2.3971	-2.0641	0.6804
v 2.4600	-2.0641	1.0836
v 2.6077	-2.0641	0.8806
v 2.6514	-2.0641	0.4749
v 2.8030	-2.0641	0.7228
v 2.9501	-2.0641	0.3422
v 3.0324	-2.0641	0.6209
v 3.2731	-2.0641	0.2914
v 3.2804	-2.0641	0.5818
v 3.5301	-2.0641	0.6083
v 3.5982	-2.0641	0.3258
v 3.7644	-2.0641	0.6985
v 3.9033	-2.0641	0.4432
v 3.9674	-2.0641	0.8462
v 4.1252	-2.0641	1.0415
v 4.1676	-2.0641	0.6356
v 4.2271	-2.0641	1.2709
v 2.1037	-2.0641	1.8979
v 2.0873	-2.0641	1.2498
v 2.0528	-2.0641	1.5749
v 2.9860	-2.7076	2.0362
v 2.9555	-2.7076	2.0151
v 3.0194	-2.7076	2.0204
v 3.0031	-2.7076	1.9858
v 2.9921	-2.7076	1.9624
v 2.9586	-2.7076	1.9782
v 2.9831	-2.7076	1.9808
v 2.9701	-2.7076	1.9959
v 2.9747	-2.7076	2.0115
v 2.9892	-2.7076	2.0186
v 3.0058	-2.7076	2.0088
v 3.0060	-2.7076	1.9919
v 3.7738	-2.7076	1.2258
v 3.7601	-2.7076	1.2005
v 3.7435	-2.7076	1.2034
v 3.7351	-2.7076	1.2235
v 3.7533	-2.7076	1.2381
v 3.7763	-2.7076	1.2489
v 3.7394	-2.7076	1.2526
v 3.7178	-2.7076	1.2226
v 3.7330	-2.7076	1.1888
v 3.7698	-2.7076	1.1851
v 3.7726	-2.7076	1.2145
v 3.8560	-2.7076	1.7449
v 3.8198	-2.7076	1.7524
v 3.8430	-2.7076	1.6821
v 3.8068	-2.7076	1.6896
v 3.7951	-2.7076	1.7247
v 3.8397	-2.7076	1.7000
v 3.8189	-2.7076	1.7020
v 3.8128	-2.7076	1.7211
v 3.8231	-2.7076	1.7345
v 3.8446	-2.7076	1.7321
v 3.8499	-2.7076	1.7155
v 3.8249	-2.7076	1.6858
v 3.8494	-2.7076	1.7129
v 3.6608	-2.7076	1.9701
v 3.6270	-2.7076	1.9551
v 3.6348	-2.7076	2.0287
v 3.6468	-2.7076	2.0017
v 3.6009	-2.7076	2.0136
v 3.5971	-2.7076	1.9768
v 3.6448	-2.7076	1.9787
v 3.6238	-2.7076	1.9733
v 3.6121	-2.7076	1.9896
v 3.6170	-2.7076	2.0051
v 3.6347	-2.7076	2.0108
v 3.6439	-2.7076	1.9626
v 3.6486	-2.7076	1.9970
v 3.7168	-2.7076	1.8653
v 3.7318	-2.7076	1.8991
v 3.7385	-2.7076	1.8353
v 3.7753	-2.7076	1.8392
v 3.7686	-2.7076	1.9029
v 3.7627	-2.7076	1.8523
v 3.7411	-2.7076	1.8537
v 3.7357	-2.7076	1.8771
v 3.7533	-2.7076	1.8884
v 3.7689	-2.7076	1.8803
v 3.7720	-2.7076	1.8711
v 3.7569	-2.7076	1.8372
v 3.7720	-2.7076	1.8685
v 3.8273	-2.7076	1.5617
v 3.8594	-2.7076	1.5802
v 3.8273	-2.7076	1.5247
v 3.8594	-2.7076	1.5062
v 3.8723	-2.7076	1.5286
v 3.8527	-2.7076	1.5251
v 3.8413	-2.7076	1.5377
v 3.8449	-2.7076	1.5566
v 3.8668	-2.7076	1.5611
v 3.8778	-2.7076	1.5475
v 3.8755	-2.7076	1.5342
v 3.8914	-2.7076	1.5617
v 3.6517	-2.7076	1.1068
v 3.6007	-2.7076	1.1122
v 3.6049	-2.7076	1.0754
v 3.6389	-2.7076	1.0607
v 3.6492	-2.7076	1.0844
v 3.6293	-2.7076	1.0788
v 3.6150	-2.7076	1.0960
v 3.6298	-2.7076	1.1169
v 3.6518	-2.7076	1.0903
v 3.6644	-2.7076	1.1195
v 3.6305	-2.7076	1.1342
v 2.7300	-2.0999	1.3893
v 2.7894	-2.0999	1.2458
v 2.7894	-2.3768	1.2458
v 2.7300	-2.3768	1.3893
v 2.7300	-2.0999	1.6973
v 2.7097	-2.0999	1.5433
v 2.7097	-2.3768	1.5433
v 2.7300	-2.3768	1.6973
v 2.6934	-2.3768	1.1903
v 2.8056	-2.3768	1.0441
v 2.8840	-2.3768	1.1225
v 2.8840	-2.0999	1.1225
v 2.7894	-2.0999	1.8408
v 2.7894	-2.3768	1.8408
v 2.6934	-2.3768	1.8962
v 2.6229	-2.3768	1.7260
v 2.6229	-2.0999	1.7260
v 2.6934	-2.0999	1.8962
v 2.5988	-2.3768	1.5433
v 2.5988	-2.0999	1.5433
v 2.6229	-2.3768	1.3606
v 2.6229	-2.0999	1.3606
v 2.6934	-2.0999	1.1903
v 2.5571	-2.0999	1.3429
v 2.6344	-2.0999	1.1563
v 2.7574	-2.0999	0.9960
v 2.8056	-2.0999	1.0441
v 2.9518	-2.0999	0.9319
v 2.9518	-2.3768	0.9319
v 2.9177	-2.0999	0.8729
v 3.1044	-2.0999	0.7956
v 3.1220	-2.0999	0.8614
v 3.1220	-2.3768	0.8614
v 3.3047	-2.3768	0.8374
v 3.3047	-2.0999	0.8374
v 3.4874	-2.3768	0.8614
v 3.4874	-2.0999	0.8614
v 3.6577	-2.3768	0.9319
v 3.6577	-2.0999	0.9319
v 3.8039	-2.3768	1.0441
v 3.8039	-2.0999	1.0441
v 3.9161	-2.3768	1.1903
v 3.9161	-2.0999	1.1903
v 3.8795	-2.3768	1.3893
v 3.8200	-2.3768	1.2458
v 3.8200	-2.0999	1.2458
v 3.8795	-2.0999	1.3893
v 3.7255	-2.3768	1.1225
v 3.7255	-2.0999	1.1225
v 3.6022	-2.3768	1.0280
v 3.6022	-2.0999	1.0280
v 3.4587	-2.3768	0.9685
v 3.4587	-2.0999	0.9685
v 3.3047	-2.0999	0.9482
v 3.3047	-2.3768	0.9482
v 3.3880	-2.0999	1.2327
v 3.3047	-2.0999	1.2218
v 3.5323	-2.0999	1.3160
v 3.4657	-2.0999	1.2649
v 3.2214	-2.0999	1.2327
v 3.1438	-2.0999	1.2649
v 3.0771	-2.0999	1.3160
v 3.0260	-2.0999	1.3826
v 2.9939	-2.0999	1.4601
v 2.9829	-2.0999	1.5433
v 2.9939	-2.0999	1.6264
v 3.0260	-2.0999	1.7040
v 3.0771	-2.0999	1.7706
v 3.1438	-2.0999	1.8217
v 3.2214	-2.0999	1.8538
v 3.3047	-2.0999	1.8648
v 3.3881	-2.0999	1.8538
v 3.4657	-2.0999	1.8217
v 3.5323	-2.0999	1.7706
v 3.5834	-2.0999	1.7040
v 3.6156	-2.0999	1.6264
v 3.6265	-2.0999	1.5433
v 3.6156	-2.0999	1.4601
v 3.5834	-2.0999	1.3826
v 3.6022	-2.0999	2.0586
v 3.4587	-2.0999	2.1180
v 3.6022	-2.3768	2.0586
v 3.4587	-2.3768	2.1180
v 3.7255	-2.3768	1.9640
v 3.7255	-2.0999	1.9640
v 3.8200	-2.3768	1.8408
v 3.8200	-2.0999	1.8408
v 3.8039	-2.3768	2.0424
v 3.6577	-2.3768	2.1546
v 3.6577	-2.0999	2.1546
v 3.8039	-2.0999	2.0424
v 3.4874	-2.3768	2.2251
v 3.4874	-2.0999	2.2251
v 3.3047	-2.3768	2.2492
v 3.3047	-2.0999	2.2492
v 3.1220	-2.3768	2.2251
v 3.1220	-2.0999	2.2251
v 3.3047	-2.3768	2.1383
v 3.3047	-2.0999	2.1383
v 3.1507	-2.0999	2.1180
v 3.1507	-2.3768	2.1180
v 3.0072	-2.0999	2.0586
v 3.0072	-2.3768	2.0586
v 2.8840	-2.0999	1.9640
v 2.8840	-2.3768	1.9640
v 3.0072	-2.0999	1.0280
v 3.1507	-2.0999	0.9685
v 3.1507	-2.3768	0.9685
v 3.0072	-2.3768	1.0280
v 2.8056	-2.3768	2.0424
v 2.8056	-2.0999	2.0424
v 2.9518	-2.0999	2.1546
v 2.9518	-2.3768	2.1546
v 2.9177	-2.0999	2.2136
v 2.7574	-2.0999	2.0906
v 2.7574	-2.1422	2.0906
v 2.9177	-2.1422	2.2136
v 2.6344	-2.0999	1.9303
v 2.6344	-2.1422	1.9303
v 2.6332	-2.0999	1.9273
v 2.6332	-2.1422	1.9273
v 2.5571	-2.0999	1.7436
v 2.5571	-2.1422	1.7436
v 2.5307	-2.0999	1.5433
v 2.5307	-2.1422	1.5433
v 2.5571	-2.1422	1.3429
v 2.6344	-2.1422	1.1563
v 2.7574	-2.1422	0.9960
v 2.9177	-2.1422	0.8729
v 3.1044	-2.1422	0.7956
v 3.3047	-2.0999	0.7693
v 3.3047	-2.1422	0.7693
v 3.5051	-2.0999	0.7956
v 3.6917	-2.0999	0.8729
v 3.8520	-2.0999	0.9960
v 3.9750	-2.0999	1.1563
v 3.9866	-2.0999	1.3606
v 3.9866	-2.3768	1.3606
v 3.9161	-2.3768	1.8962
v 3.8997	-2.3768	1.5433
v 3.8795	-2.3768	1.6973
v 3.9161	-2.0999	1.8962
v 3.8520	-2.0999	2.0906
v 3.6917	-2.0999	2.2136
v 3.6917	-2.1422	2.2136
v 3.8520	-2.1422	2.0906
v 3.5051	-2.0999	2.2909
v 3.5051	-2.1422	2.2909
v 3.3047	-2.0999	2.3173
v 3.3047	-2.1422	2.3173
v 3.1044	-2.0999	2.2909
v 3.1044	-2.1422	2.2909
v 2.9518	-2.1422	2.1546
v 2.8056	-2.1422	2.0424
v 2.6934	-2.1422	1.8962
v 2.6229	-2.1422	1.7260
v 2.5988	-2.1422	1.5433
v 2.6229	-2.1422	1.3606
v 2.6934	-2.1422	1.1903
v 2.8056	-2.1422	1.0441
v 2.9518	-2.1422	0.9319
v 3.1220	-2.1422	0.8614
v 3.3047	-2.1422	0.8374
v 3.4874	-2.1422	0.8614
v 3.5051	-2.1422	0.7956
v 3.6917	-2.1422	0.8729
v 3.8520	-2.1422	0.9960
v 3.9750	-2.1422	1.1563
v 3.9161	-2.1422	1.1903
v 3.9866	-2.1422	1.3606
v 4.0106	-2.1422	1.5433
v 4.0524	-2.1422	1.7436
v 4.0524	-2.1422	1.3429
v 4.0524	-2.0999	1.3429
v 4.0106	-2.0999	1.5433
v 4.0106	-2.3768	1.5433
v 3.9866	-2.0999	1.7260
v 3.9866	-2.3768	1.7260
v 3.9750	-2.0999	1.9303
v 3.9750	-2.1422	1.9303
v 3.9161	-2.1422	1.8962
v 3.8039	-2.1422	2.0424
v 3.6577	-2.1422	2.1546
v 3.4874	-2.1422	2.2251
v 3.3047	-2.1422	2.2492
v 3.1220	-2.1422	2.2251
v 3.9866	-2.1422	1.7260
v 4.0524	-2.0999	1.7436
v 4.0787	-2.1422	1.5433
v 4.0787	-2.0999	1.5433
v 3.8039	-2.1422	1.0441
v 3.6577	-2.1422	0.9319
v 3.8795	-2.0999	1.6973
v 3.8997	-2.0999	1.5433
v 4.0439	-3.1211	1.5433
v 4.0188	-3.1211	1.7346
v 4.0188	-3.1211	1.3519
v 4.0439	-3.1476	1.5433
v 4.0188	-3.1476	1.7346
v 4.0188	-3.1476	1.3519
v 3.9449	-3.1211	1.1737
v 3.9449	-3.1476	1.1737
v 3.9866	-3.1211	1.3606
v 4.0106	-3.1211	1.5433
v 3.9866	-3.1211	1.7260
v 3.9449	-3.1211	1.9129
v 3.9161	-3.1211	1.8962
v 3.9603	-3.1211	1.5433
v 3.9379	-3.1211	1.7129
v 3.9379	-3.1415	1.7129
v 3.9603	-3.1415	1.5433
v 3.9379	-3.1415	1.3736
v 3.9231	-3.1415	1.5433
v 3.9020	-3.1415	1.3832
v 3.8725	-3.1415	1.2155
v 3.8725	-3.1211	1.2155
v 3.9379	-3.1211	1.3736
v 3.7683	-3.1415	1.0797
v 3.7683	-3.1211	1.0797
v 3.8402	-3.1415	1.2341
v 3.9020	-2.6676	1.3832
v 3.8402	-2.6676	1.2341
v 3.7420	-2.6676	1.9805
v 3.6139	-2.6676	2.0788
v 3.4648	-2.6676	2.1406
v 3.3047	-2.6676	2.1616
v 3.1447	-2.6676	2.1406
v 2.9956	-2.6676	2.0788
v 2.8675	-2.6676	1.9805
v 2.7692	-2.6676	1.8524
v 2.7074	-2.6676	1.7033
v 2.6864	-2.6676	1.5433
v 2.7074	-2.6676	1.3832
v 2.7692	-2.6676	1.2341
v 2.8675	-2.6676	1.1060
v 2.9956	-2.6676	1.0077
v 3.1447	-2.6676	0.9460
v 3.3047	-2.6676	0.9249
v 3.4648	-2.6676	0.9460
v 3.6139	-2.6676	1.0077
v 3.7420	-2.6676	1.1060
v 3.9231	-2.6676	1.5433
v 3.9020	-2.6676	1.7033
v 3.8402	-2.6676	1.8524
v 3.6139	-3.1415	2.0788
v 3.7420	-3.1415	1.9805
v 3.4648	-3.1415	2.1406
v 3.4744	-3.1415	2.1765
v 3.6325	-3.1415	2.1110
v 3.7683	-3.1415	2.0068
v 3.8402	-3.1415	1.8524
v 3.9020	-3.1415	1.7033
v 3.8725	-3.1415	1.8710
v 3.8725	-3.1211	1.8710
v 3.7683	-3.1211	2.0068
v 3.8039	-3.1211	2.0424
v 3.6577	-3.1211	2.1546
v 3.6325	-3.1211	2.1110
v 3.4744	-3.1211	2.1765
v 3.4874	-3.1211	2.2251
v 3.4961	-3.1211	2.2573
v 3.6743	-3.1211	2.1834
v 3.8274	-3.1211	2.0660
v 3.9449	-3.1476	1.9129
v 3.8274	-3.1476	2.0660
v 3.9750	-3.1476	1.9303
v 4.0524	-3.1476	1.7436
v 4.0524	-3.1476	1.3429
v 3.9750	-3.1476	1.1563
v 3.9750	-3.1017	1.1563
v 4.0524	-3.1017	1.3429
v 3.8520	-3.1476	0.9960
v 3.8520	-3.1017	0.9960
v 3.8274	-3.1476	1.0206
v 3.6917	-3.1476	0.8729
v 3.6917	-3.1017	0.8729
v 3.5051	-3.1476	0.7956
v 3.5051	-3.1017	0.7956
v 3.3047	-3.1476	0.7693
v 3.3047	-3.1017	0.7693
v 3.1044	-3.1476	0.7956
v 3.1044	-3.1017	0.7956
v 2.9177	-3.1476	0.8729
v 2.9177	-3.1017	0.8729
v 2.7574	-3.1476	0.9960
v 2.7574	-3.1017	0.9960
v 2.6344	-3.1017	1.1563
v 2.6344	-3.1476	1.1563
v 2.6646	-3.1476	1.1737
v 2.7820	-3.1476	1.0206
v 2.9351	-3.1476	0.9031
v 3.1134	-3.1476	0.8292
v 3.3047	-3.1476	0.8040
v 3.4961	-3.1476	0.8292
v 3.6743	-3.1476	0.9031
v 3.8274	-3.1211	1.0206
v 3.6743	-3.1211	0.9031
v 3.9161	-3.1211	1.1903
v 3.8039	-3.1211	1.0441
v 3.6577	-3.1211	0.9319
v 3.4961	-3.1211	0.8292
v 3.3047	-3.1211	0.8040
v 3.4874	-3.1211	0.8614
v 3.6325	-3.1211	0.9755
v 3.6325	-3.1415	0.9755
v 3.4744	-3.1211	0.9101
v 3.4744	-3.1415	0.9101
v 3.3047	-3.1211	0.8374
v 3.1134	-3.1211	0.8292
v 2.9351	-3.1211	0.9031
v 2.9518	-3.1211	0.9319
v 3.1220	-3.1211	0.8614
v 3.3047	-3.1211	0.8877
v 3.3047	-3.1415	0.8877
v 3.1351	-3.1415	0.9101
v 3.1351	-3.1211	0.9101
v 2.9770	-3.1415	0.9755
v 2.9770	-3.1211	0.9755
v 2.8412	-3.1415	1.0797
v 2.8412	-3.1211	1.0797
v 2.7370	-3.1211	1.2155
v 2.7370	-3.1415	1.2155
v 2.8056	-3.1211	1.0441
v 2.6934	-3.1211	1.1903
v 2.7820	-3.1211	1.0206
v 2.6646	-3.1211	1.1737
v 2.5907	-3.1476	1.3519
v 2.5907	-3.1211	1.3519
v 2.5571	-3.1476	1.3429
v 2.5571	-3.1017	1.3429
v 2.5307	-3.1017	1.5433
v 2.5307	-3.1476	1.5433
v 2.5571	-3.1476	1.7436
v 2.5655	-3.1476	1.5433
v 2.5655	-3.1211	1.5433
v 2.5907	-3.1211	1.7346
v 2.5988	-3.1211	1.5433
v 2.6229	-3.1211	1.3606
v 2.6715	-3.1211	1.3736
v 2.6715	-3.1415	1.3736
v 2.7074	-3.1415	1.3832
v 2.7692	-3.1415	1.2341
v 2.8675	-3.1415	1.1060
v 2.9956	-3.1415	1.0077
v 3.1447	-3.1415	0.9460
v 3.3047	-3.1415	0.9249
v 3.4648	-3.1415	0.9460
v 3.6139	-3.1415	1.0077
v 3.7420	-3.1415	1.1060
v 2.6864	-3.1415	1.5433
v 2.6715	-3.1415	1.7129
v 2.7074	-3.1415	1.7033
v 2.7692	-3.1415	1.8524
v 2.7370	-3.1415	1.8710
v 2.8412	-3.1415	2.0068
v 2.8675	-3.1415	1.9805
v 2.9956	-3.1415	2.0788
v 3.1447	-3.1415	2.1406
v 3.3047	-3.1415	2.1616
v 3.3047	-3.1415	2.1988
v 3.3047	-3.1211	2.1988
v 3.3047	-3.1211	2.2492
v 3.3047	-3.1211	2.2825
v 3.4961	-3.1476	2.2573
v 3.3047	-3.1476	2.2825
v 3.6743	-3.1476	2.1834
v 3.6917	-3.1476	2.2136
v 3.8520	-3.1476	2.0906
v 3.9750	-3.1017	1.9303
v 3.8520	-3.1017	2.0906
v 4.0524	-3.1017	1.7436
v 4.0787	-3.1476	1.5433
v 4.0787	-3.1017	1.5433
v 3.6917	-3.1017	2.2136
v 3.5051	-3.1017	2.2909
v 3.5051	-3.1476	2.2909
v 3.3047	-3.1017	2.3173
v 3.3047	-3.1476	2.3173
v 3.1044	-3.1017	2.2909
v 3.1044	-3.1476	2.2909
v 2.9177	-3.1017	2.2136
v 2.9177	-3.1476	2.2136
v 2.7574	-3.1017	2.0906
v 2.7574	-3.1476	2.0906
v 2.6344	-3.1017	1.9303
v 2.6344	-3.1476	1.9303
v 2.6332	-3.1017	1.9273
v 2.6332	-3.1476	1.9273
v 2.5571	-3.1017	1.7436
v 2.5907	-3.1476	1.7346
v 2.6646	-3.1476	1.9129
v 2.6646	-3.1211	1.9129
v 2.7820	-3.1476	2.0660
v 2.7820	-3.1211	2.0660
v 2.6934	-3.1211	1.8962
v 2.6229	-3.1211	1.7260
v 2.6715	-3.1211	1.7129
v 2.6492	-3.1211	1.5433
v 2.6492	-3.1415	1.5433
v 2.7370	-3.1211	1.8710
v 2.8056	-3.1211	2.0424
v 2.8412	-3.1211	2.0068
v 2.9770	-3.1415	2.1110
v 2.9770	-3.1211	2.1110
v 3.1351	-3.1415	2.1765
v 3.1351	-3.1211	2.1765
v 3.1220	-3.1211	2.2251
v 2.9518	-3.1211	2.1546
v 2.9351	-3.1211	2.1834
v 3.1134	-3.1211	2.2573
v 3.1134	-3.1476	2.2573
v 2.9351	-3.1476	2.1834
v 2.0980	-2.1174	2.2813
v 2.2364	-2.0641	2.1966
v 2.1037	-2.0641	1.8979
v 1.9481	-2.1174	1.9438
v 2.3301	-2.1174	2.5685
v 2.4419	-2.0641	2.4509
v 2.6287	-2.1174	2.7858
v 2.7062	-2.0641	2.6433
v 2.9733	-2.1174	2.9184
v 3.0113	-2.0641	2.7607
v 3.3405	-2.1174	2.9573
v 3.3364	-2.0641	2.7952
v 3.2709	-2.1174	3.0865
v 3.0317	-2.1174	2.9663
v 3.0191	-2.1174	3.0477
v 3.0317	-2.2861	2.9663
v 3.0191	-2.2861	3.0477
v 2.9791	-2.1174	2.9582
v 2.9809	-2.2992	2.9584
v 3.0998	-2.5305	2.9768
v 2.9665	-2.1174	3.0396
v 2.9683	-2.2992	3.0399
v 3.0872	-2.5305	3.0582
v 2.8726	-2.1174	3.0252
v 2.8726	-2.7165	3.0252
v 2.8726	-3.1296	3.0252
v 3.1502	-3.1296	3.0679
v 3.1520	-2.9478	3.0682
v 3.2709	-2.7165	3.0865
v 2.6727	-2.1174	2.8471
v 2.6395	-2.1174	2.9226
v 2.6727	-2.2861	2.8471
v 2.6395	-2.2861	2.9226
v 2.6240	-2.1174	2.8257
v 2.6256	-2.2992	2.8264
v 2.7357	-2.5305	2.8749
v 2.5908	-2.1174	2.9011
v 2.5924	-2.2992	2.9019
v 2.7025	-2.5305	2.9503
v 2.5038	-2.1174	2.8628
v 2.5038	-2.7165	2.8628
v 2.5038	-3.1296	2.8628
v 2.7608	-3.1296	2.9760
v 2.7625	-2.9478	2.9767
v 2.3568	-2.1174	2.6391
v 2.3052	-2.1174	2.7034
v 2.3568	-2.2861	2.6391
v 2.3052	-2.2861	2.7034
v 2.3153	-2.1174	2.6058
v 2.3167	-2.2992	2.6069
v 2.4105	-2.5305	2.6822
v 2.2636	-2.1174	2.6701
v 2.2651	-2.2992	2.6712
v 2.3589	-2.5305	2.7465
v 2.1896	-2.1174	2.6106
v 2.1896	-2.7165	2.6106
v 2.1896	-3.1296	2.6106
v 2.4086	-3.1296	2.7864
v 2.4100	-2.9478	2.7875
v 2.1054	-2.1174	2.3564
v 2.0390	-2.1174	2.4052
v 2.0390	-2.2861	2.4052
v 2.1054	-2.2861	2.3564
v 2.0075	-2.1174	2.3622
v 1.9513	-2.1174	2.2856
v 1.9513	-3.1296	2.2856
v 2.1174	-3.1296	2.5121
v 2.1184	-2.9478	2.5136
v 2.0797	-2.5305	2.4607
v 2.0086	-2.2992	2.3637
v 2.0740	-2.1174	2.3135
v 2.0750	-2.2992	2.3149
v 2.1462	-2.5305	2.4120
v 1.9359	-2.1174	2.0183
v 1.8590	-2.1174	2.0482
v 1.8397	-2.1174	1.9986
v 1.8053	-2.1174	1.9100
v 1.8053	-3.1296	1.9100
v 1.9071	-3.1296	2.1718
v 1.9077	-2.9478	2.1735
v 1.9513	-2.7165	2.2856
v 1.8590	-2.2861	2.0482
v 1.8840	-2.5305	2.1124
v 1.8404	-2.2992	2.0003
v 1.7776	-2.1174	1.6568
v 1.8595	-2.1174	1.6478
v 1.8817	-2.1174	1.2702
v 1.8898	-2.1174	1.2176
v 1.8906	-2.1174	1.5790
v 1.9166	-2.1174	1.9687
v 1.9172	-2.2992	1.9704
v 1.9359	-2.2861	2.0183
v 1.9608	-2.5305	2.0825
v 2.0528	-2.0641	1.5749
v 2.0873	-2.0641	1.2498
v 1.9296	-2.1174	1.2118
v 2.2047	-2.0641	0.9447
v 2.0622	-2.1174	0.8672
v 2.3971	-2.0641	0.6804
v 2.2795	-2.1174	0.5686
v 2.6514	-2.0641	0.4749
v 2.5667	-2.1174	0.3365
v 2.9501	-2.0641	0.3422
v 2.9042	-2.1174	0.1866
v 3.2731	-2.0641	0.2914
v 3.2690	-2.1174	0.1292
v 3.5982	-2.0641	0.3258
v 3.6362	-2.1174	0.1681
v 3.9033	-2.0641	0.4432
v 3.9808	-2.1174	0.3007
v 4.1676	-2.0641	0.6356
v 4.2793	-2.1174	0.5181
v 4.3731	-2.0641	0.8899
v 4.5115	-2.1174	0.8052
v 4.5058	-2.0641	1.1887
v 4.6614	-2.1174	1.1427
v 4.5566	-2.0641	1.5116
v 4.7188	-2.1174	1.5075
v 4.6799	-2.1174	1.8747
v 4.5222	-2.0641	1.8367
v 4.6840	-2.1174	2.2085
v 4.6086	-2.1174	2.1753
v 4.6840	-2.2861	2.2085
v 4.6086	-2.2861	2.1753
v 4.6626	-2.1174	2.2572
v 4.6243	-2.1174	2.3442
v 4.6243	-3.1296	2.3442
v 4.7375	-3.1296	2.0871
v 4.7382	-2.9478	2.0855
v 4.7866	-2.7165	1.9754
v 4.7866	-2.1174	1.9754
v 4.7118	-2.5305	2.1455
v 4.6633	-2.2992	2.2556
v 4.5871	-2.1174	2.2240
v 4.5879	-2.2992	2.2224
v 4.6363	-2.5305	2.1123
v 4.5472	-2.1174	2.2193
v 4.4048	-2.0641	2.1418
v 4.3299	-2.1174	2.5179
v 4.2124	-2.0641	2.4061
v 4.4006	-2.1174	2.4912
v 4.3672	-2.1174	2.5327
v 4.4437	-2.5305	2.4375
v 4.4006	-2.2861	2.4912
v 4.3684	-2.2992	2.5313
v 4.5080	-2.5305	2.4891
v 4.4649	-2.2861	2.5428
v 4.4315	-2.1174	2.5843
v 4.3721	-2.1174	2.6584
v 4.3721	-3.1296	2.6584
v 4.5479	-3.1296	2.4394
v 4.5490	-2.9478	2.4380
v 4.6243	-2.7165	2.3442
v 4.4649	-2.1174	2.5428
v 4.4327	-2.2992	2.5829
v 4.1666	-2.1174	2.8090
v 4.2222	-2.5305	2.7683
v 4.1252	-2.2992	2.8394
v 4.1237	-2.1174	2.8405
v 4.0471	-2.1174	2.8967
v 4.0471	-2.7165	2.8967
v 4.0471	-3.1296	2.8967
v 4.2736	-3.1296	2.7306
v 4.2750	-2.9478	2.7296
v 4.3721	-2.7165	2.6584
v 4.1666	-2.2861	2.8090
v 4.1734	-2.5305	2.7018
v 4.0764	-2.2992	2.7729
v 4.1179	-2.2861	2.7425
v 4.1179	-2.1174	2.7425
v 4.0750	-2.1174	2.7740
v 4.0428	-2.1174	2.7500
v 3.8096	-2.1174	2.9890
v 3.8738	-2.5305	2.9640
v 3.7617	-2.2992	3.0076
v 3.7600	-2.1174	3.0083
v 3.6715	-2.1174	3.0427
v 3.6715	-2.7165	3.0427
v 3.6715	-3.1296	3.0427
v 3.9332	-3.1296	2.9409
v 3.9349	-2.9478	2.9403
v 3.8096	-2.2861	2.9890
v 3.8440	-2.5305	2.8872
v 3.7319	-2.2992	2.9308
v 3.7798	-2.2861	2.9121
v 3.7798	-2.1174	2.9121
v 3.7302	-2.1174	2.9314
v 3.7053	-2.1174	2.8999
v 3.4093	-2.1174	2.9885
v 3.4183	-2.1174	3.0704
v 3.4093	-2.2861	2.9885
v 3.4183	-2.2861	3.0704
v 3.3564	-2.1174	2.9942
v 3.3582	-2.2992	2.9940
v 3.4778	-2.5305	2.9810
v 3.3653	-2.1174	3.0762
v 3.3672	-2.2992	3.0760
v 3.4867	-2.5305	3.0629
v 3.2709	-3.1296	3.0865
v 3.4712	-3.1296	3.0646
v 3.5501	-3.1296	3.0560
v 3.5519	-2.9478	3.0558
v 3.5396	-2.1174	3.0571
v 3.2028	-2.9609	3.0760
v 3.2028	-3.1296	3.0760
v 3.2834	-2.7165	3.0050
v 3.2154	-2.9609	2.9946
v 3.2154	-3.1296	2.9946
v 3.1645	-2.9478	2.9867
v 3.1628	-3.1296	2.9865
v 3.3405	-3.1296	2.9573
v 2.9733	-3.1296	2.9184
v 3.3364	-3.1829	2.7952
v 3.0113	-3.1829	2.7607
v 3.6593	-3.1829	2.7443
v 3.7053	-3.1296	2.8999
v 3.9581	-3.1829	2.6116
v 4.0428	-3.1296	2.7500
v 4.2124	-3.1829	2.4061
v 4.3299	-3.1296	2.5179
v 4.4048	-3.1829	2.1418
v 4.5472	-3.1296	2.2193
v 4.5222	-3.1829	1.8367
v 4.6799	-3.1296	1.8747
v 4.5566	-3.1829	1.5116
v 4.7188	-3.1296	1.5075
v 4.6614	-3.1296	1.1427
v 4.5058	-3.1829	1.1887
v 4.7024	-3.1296	0.9148
v 4.6256	-3.1296	0.9446
v 4.6249	-2.9478	0.9429
v 4.7017	-2.9478	0.9131
v 4.5813	-2.7165	0.8308
v 4.6582	-2.7165	0.8009
v 4.6831	-2.9609	0.8651
v 4.6063	-2.9609	0.8950
v 4.6831	-3.1296	0.8651
v 4.6582	-3.1296	0.8009
v 4.6063	-3.1296	0.8950
v 4.5115	-3.1296	0.8052
v 4.3731	-3.1829	0.8899
v 4.2793	-3.1296	0.5181
v 4.1676	-3.1829	0.6356
v 4.4256	-3.1296	0.6232
v 4.3942	-3.1296	0.5802
v 4.4245	-2.9478	0.6217
v 4.3942	-2.9609	0.5802
v 4.3534	-2.7165	0.5247
v 4.4910	-2.9478	0.5730
v 4.4921	-3.1296	0.5744
v 4.4199	-2.7165	0.4759
v 4.4606	-2.9609	0.5315
v 4.4606	-3.1296	0.5315
v 4.4199	-3.1296	0.4759
v 4.2009	-3.1296	0.3001
v 4.3444	-2.2992	0.4153
v 4.3458	-2.1174	0.4165
v 4.4199	-2.1174	0.4759
v 4.1995	-2.9478	0.2990
v 4.1057	-2.7165	0.2237
v 4.1057	-2.1174	0.2237
v 4.3043	-2.1174	0.3831
v 4.3043	-2.2861	0.3831
v 4.2506	-2.5305	0.3400
v 4.2928	-2.2992	0.4796
v 4.2942	-2.1174	0.4807
v 4.1990	-2.5305	0.4043
v 4.2527	-2.2861	0.4474
v 4.2527	-2.1174	0.4474
v 4.0187	-2.1174	0.1854
v 3.9855	-2.1174	0.2609
v 3.9368	-2.1174	0.2394
v 3.7369	-2.1174	0.0613
v 3.6429	-2.1174	0.0469
v 3.6304	-2.1174	0.1284
v 3.5778	-2.1174	0.1203
v 3.3386	-2.1174	0.0000
v 3.2441	-2.1174	0.0103
v 3.2531	-2.1174	0.0923
v 3.2002	-2.1174	0.0981
v 3.1912	-2.1174	0.0161
v 2.9380	-2.1174	0.0438
v 2.8494	-2.1174	0.0783
v 2.8793	-2.1174	0.1551
v 2.8297	-2.1174	0.1744
v 2.7998	-2.1174	0.0975
v 2.5624	-2.1174	0.1898
v 2.5345	-2.1174	0.3125
v 2.4916	-2.1174	0.3440
v 2.4428	-2.1174	0.2775
v 2.2374	-2.1174	0.4281
v 2.2422	-2.1174	0.5538
v 2.2089	-2.1174	0.5953
v 2.1446	-2.1174	0.5437
v 1.9852	-2.1174	0.7423
v 2.0223	-2.1174	0.8625
v 2.0009	-2.1174	0.9112
v 1.9254	-2.1174	0.8780
v 1.8228	-2.1174	1.1111
v 1.8083	-2.1174	1.2051
v 1.8081	-2.2992	1.2069
v 1.8895	-2.2992	1.2194
v 1.8228	-3.1296	1.1111
v 1.7801	-3.1296	1.3887
v 1.7798	-2.9478	1.3905
v 1.7615	-2.7165	1.5094
v 1.7615	-2.1174	1.5094
v 1.8002	-2.1174	1.2577
v 1.8002	-2.2861	1.2577
v 1.7898	-2.5305	1.3258
v 1.8506	-3.1296	1.0481
v 1.8506	-2.9609	1.0481
v 1.8228	-2.7165	1.1111
v 1.9260	-2.9609	1.0813
v 1.9260	-3.1296	1.0813
v 1.8983	-2.7165	1.1444
v 1.8713	-2.9478	1.0010
v 1.9467	-2.9478	1.0343
v 1.9469	-2.1174	0.8293
v 1.9852	-3.1296	0.7423
v 1.8720	-3.1296	0.9994
v 1.9254	-2.2861	0.8780
v 1.8977	-2.5305	0.9411
v 1.9461	-2.2992	0.8310
v 2.0216	-2.2992	0.8642
v 1.9731	-2.5305	0.9743
v 2.0009	-2.2861	0.9112
v 1.9475	-3.1296	1.0326
v 1.9296	-3.1296	1.2118
v 2.0283	-3.1296	0.6886
v 2.0283	-2.9609	0.6886
v 1.9852	-2.7165	0.7423
v 2.0926	-2.9609	0.7402
v 2.0926	-3.1296	0.7402
v 2.0494	-2.7165	0.7939
v 2.0605	-2.9478	0.6485
v 2.1247	-2.9478	0.7001
v 2.1779	-2.1174	0.5022
v 2.2374	-3.1296	0.4281
v 2.0616	-3.1296	0.6471
v 2.1446	-2.2861	0.5437
v 2.1015	-2.5305	0.5974
v 2.1768	-2.2992	0.5036
v 2.2411	-2.2992	0.5552
v 2.1658	-2.5305	0.6490
v 2.2089	-2.2861	0.5953
v 2.1259	-3.1296	0.6987
v 2.0622	-3.1296	0.8672
v 2.2795	-3.1296	0.5686
v 2.2930	-3.1296	0.3874
v 2.2374	-2.7165	0.4281
v 2.2930	-2.9609	0.3874
v 2.3417	-2.9609	0.4538
v 2.2862	-2.7165	0.4946
v 2.3417	-3.1296	0.4538
v 2.3846	-3.1296	0.4224
v 2.3832	-2.9478	0.4234
v 2.3344	-2.9478	0.3570
v 2.4843	-2.2992	0.2471
v 2.4858	-2.1174	0.2460
v 2.5624	-2.7165	0.1898
v 2.5624	-3.1296	0.1898
v 2.3359	-3.1296	0.3559
v 2.4428	-2.2861	0.2775
v 2.3873	-2.5305	0.3182
v 2.5330	-2.2992	0.3136
v 2.4360	-2.5305	0.3847
v 2.4916	-2.2861	0.3440
v 2.8477	-2.2992	0.0789
v 2.9380	-2.7165	0.0438
v 2.9380	-3.1296	0.0438
v 2.6762	-3.1296	0.1456
v 2.6745	-2.9478	0.1462
v 2.7998	-2.2861	0.0975
v 2.7356	-2.5305	0.1225
v 2.8776	-2.2992	0.1558
v 2.7655	-2.5305	0.1993
v 2.8297	-2.2861	0.1744
v 3.2423	-2.2992	0.0105
v 3.3386	-2.7165	0.0000
v 3.3386	-3.1296	0.0000
v 3.0594	-3.1296	0.0305
v 3.0576	-2.9478	0.0307
v 3.1912	-2.2861	0.0161
v 3.1227	-2.5305	0.0236
v 3.2513	-2.2992	0.0925
v 3.1317	-2.5305	0.1056
v 3.2002	-2.2861	0.0981
v 3.6411	-2.2992	0.0466
v 3.7369	-2.7165	0.0613
v 3.7369	-3.1296	0.0613
v 3.4593	-3.1296	0.0186
v 3.4575	-2.9478	0.0183
v 3.5903	-2.1174	0.0388
v 3.5903	-2.2861	0.0388
v 3.5222	-2.5305	0.0283
v 3.6286	-2.2992	0.1281
v 3.5097	-2.5305	0.1098
v 3.5778	-2.2861	0.1203
v 4.0170	-2.2992	0.1847
v 4.1057	-3.1296	0.2237
v 3.8486	-3.1296	0.1105
v 3.8470	-2.9478	0.1098
v 3.9700	-2.1174	0.1640
v 3.9700	-2.2861	0.1640
v 3.9069	-2.5305	0.1362
v 3.9838	-2.2992	0.2601
v 3.8737	-2.5305	0.2117
v 3.9368	-2.2861	0.2394
v 4.1594	-2.9609	0.2668
v 4.1594	-3.1296	0.2668
v 4.0541	-2.7165	0.2880
v 4.1078	-2.9609	0.3311
v 4.1479	-2.9478	0.3633
v 4.1493	-3.1296	0.3644
v 3.9808	-3.1296	0.3007
v 4.1078	-3.1296	0.3311
v 3.8154	-3.1296	0.1860
v 3.8137	-2.9478	0.1853
v 3.7036	-2.7165	0.1368
v 3.7999	-2.9609	0.0891
v 3.7667	-2.9609	0.1645
v 3.7999	-3.1296	0.0891
v 3.7667	-3.1296	0.1645
v 3.6362	-3.1296	0.1681
v 3.9033	-3.1829	0.4432
v 3.5982	-3.1829	0.3258
v 3.2690	-3.1296	0.1292
v 3.2731	-3.1829	0.2914
v 3.4467	-3.1296	0.1001
v 3.3941	-3.1296	0.0920
v 3.3941	-2.9609	0.0920
v 3.3260	-2.7165	0.0815
v 3.4449	-2.9478	0.0998
v 3.4067	-3.1296	0.0105
v 3.4067	-2.9609	0.0105
v 3.0684	-3.1296	0.1125
v 3.0665	-2.9478	0.1127
v 3.0154	-3.1296	0.1183
v 3.0154	-2.9609	0.1183
v 2.9470	-2.7165	0.1258
v 3.0065	-3.1296	0.0363
v 3.0065	-2.9609	0.0363
v 2.9042	-3.1296	0.1866
v 2.9501	-3.1829	0.3422
v 2.6514	-3.1829	0.4749
v 2.5667	-3.1296	0.3365
v 2.3971	-3.1829	0.6804
v 2.2047	-3.1829	0.9447
v 2.0873	-3.1829	1.2498
v 2.0528	-3.1829	1.5749
v 1.8906	-3.1296	1.5790
v 2.1037	-3.1829	1.8979
v 1.9481	-3.1296	1.9438
v 2.2364	-3.1829	2.1966
v 2.0980	-3.1296	2.2813
v 2.4419	-3.1829	2.4509
v 2.3301	-3.1296	2.5685
v 2.7062	-3.1829	2.6433
v 2.6287	-3.1296	2.7858
v 2.8428	-3.1296	2.9220
v 2.8096	-3.1296	2.9974
v 2.8096	-2.9609	2.9974
v 2.9058	-2.7165	2.9497
v 2.8428	-2.9609	2.9220
v 2.7957	-2.9478	2.9013
v 2.7941	-3.1296	2.9005
v 2.5017	-3.1296	2.7554
v 2.4602	-3.1296	2.7221
v 2.2153	-3.1296	2.5063
v 2.1838	-3.1296	2.4634
v 2.0032	-3.1296	2.1915
v 1.9839	-3.1296	2.1419
v 1.8798	-3.1296	1.8326
v 1.8740	-3.1296	1.7796
v 1.8615	-3.1296	1.4013
v 1.8613	-2.9478	1.4031
v 1.8430	-2.7165	1.5220
v 1.8534	-3.1296	1.4539
v 1.8534	-2.9609	1.4539
v 1.7920	-3.1296	1.7886
v 1.7720	-3.1296	1.4413
v 1.7720	-2.9609	1.4413
v 1.7615	-3.1296	1.5094
v 1.7720	-2.2992	1.6057
v 1.7718	-2.1174	1.6039
v 1.7851	-2.5305	1.7253
v 1.8538	-2.1174	1.5949
v 1.8540	-2.2992	1.5967
v 1.8595	-2.2861	1.6478
v 1.8670	-2.5305	1.7163
v 1.7776	-2.2861	1.6568
v 1.7922	-2.9478	1.7904
v 1.8053	-2.7165	1.9100
v 1.8742	-2.9478	1.7814
v 1.8872	-2.7165	1.9010
v 1.8798	-2.9609	1.8326
v 1.7978	-2.9609	1.8415
v 1.7978	-3.1296	1.8415
v 1.8817	-2.2861	1.2702
v 1.8712	-2.5305	1.3383
v 1.9846	-2.9478	2.1436
v 2.0281	-2.7165	2.2557
v 2.0032	-2.9609	2.1915
v 1.9263	-2.9609	2.2214
v 1.9263	-3.1296	2.2214
v 2.1849	-2.9478	2.4648
v 2.2560	-2.7165	2.5618
v 2.2153	-2.9609	2.5063
v 2.1488	-2.9609	2.5550
v 2.1488	-3.1296	2.5550
v 2.4616	-2.9478	2.7233
v 2.5017	-2.9609	2.7554
v 2.5554	-2.7165	2.7986
v 2.4501	-3.1296	2.8197
v 2.4501	-2.9609	2.8197
v 2.6266	-3.1296	0.1649
v 2.6266	-2.9609	0.1649
v 2.6565	-2.9609	0.2417
v 2.5923	-2.7165	0.2667
v 2.6565	-3.1296	0.2417
v 2.7061	-3.1296	0.2224
v 2.7044	-2.9478	0.2231
v 4.5040	-2.1174	0.7301
v 4.5355	-2.1174	0.7730
v 4.6020	-2.1174	0.7243
v 4.6582	-2.1174	0.8009
v 4.6736	-2.1174	1.0682
v 4.6929	-2.1174	1.1178
v 4.7499	-2.1174	1.4387
v 4.7277	-2.1174	1.8163
v 4.7557	-2.1174	1.4916
v 4.8092	-2.1174	1.8289
v 4.8092	-2.2861	1.8289
v 4.7277	-2.2861	1.8163
v 4.8011	-2.1174	1.8815
v 4.7866	-3.1296	1.9754
v 4.8294	-3.1296	1.6978
v 4.8297	-2.9478	1.6960
v 4.8480	-2.7165	1.5771
v 4.8480	-2.1174	1.5771
v 4.8197	-2.5305	1.7608
v 4.8014	-2.2992	1.8797
v 4.7196	-2.1174	1.8689
v 4.7199	-2.2992	1.8671
v 4.7382	-2.5305	1.7482
v 4.7479	-3.1296	1.6852
v 4.7589	-3.1296	2.0384
v 4.6834	-3.1296	2.0052
v 4.7355	-3.1296	1.3069
v 4.7560	-3.1296	1.6326
v 4.8175	-3.1296	1.2979
v 4.7353	-2.9478	1.3051
v 4.8172	-2.9478	1.2961
v 4.7222	-2.7165	1.1855
v 4.8042	-2.7165	1.1765
v 4.8117	-2.9609	1.2450
v 4.7297	-2.9609	1.2540
v 4.8117	-3.1296	1.2450
v 4.8042	-3.1296	1.1765
v 4.7297	-3.1296	1.2540
v 4.6620	-3.1296	2.0539
v 4.5812	-3.1296	2.3979
v 4.5169	-3.1296	2.3463
v 4.4836	-3.1296	2.3878
v 4.3165	-3.1296	2.6992
v 4.2678	-3.1296	2.6327
v 4.2248	-3.1296	2.6641
v 3.9829	-3.1296	2.9216
v 3.9530	-3.1296	2.8448
v 3.9034	-3.1296	2.8641
v 3.9051	-2.9478	2.8634
v 3.9530	-2.9609	2.8448
v 4.0172	-2.7165	2.8198
v 3.9829	-2.9609	2.9216
v 3.5940	-3.1296	2.9682
v 3.5411	-3.1296	2.9740
v 3.5429	-2.9478	2.9738
v 3.5940	-2.9609	2.9682
v 3.6625	-2.7165	2.9607
v 3.6030	-2.9609	3.0502
v 3.6030	-3.1296	3.0502
v 4.2263	-2.9478	2.6631
v 4.2678	-2.9609	2.6327
v 4.3233	-2.7165	2.5920
v 4.3165	-2.9609	2.6992
v 4.4847	-2.9478	2.3864
v 4.5600	-2.7165	2.2926
v 4.5812	-2.9609	2.3979
v 4.5169	-2.9609	2.3463
v 4.6627	-2.9478	2.0523
v 4.7112	-2.7165	1.9422
v 4.7589	-2.9609	2.0384
v 4.6834	-2.9609	2.0052
v 4.7697	-2.1174	1.0880
v 4.8042	-2.1174	1.1765
v 4.7504	-2.1174	1.0383
v 4.7504	-2.2861	1.0383
v 4.7255	-2.5305	0.9741
v 4.7691	-2.2992	1.0863
v 4.6922	-2.2992	1.1161
v 4.6487	-2.5305	1.0040
v 4.6736	-2.2861	1.0682
v 4.8319	-2.1174	1.4297
v 4.8377	-2.1174	1.4826
v 4.8480	-3.1296	1.5771
v 4.8319	-2.2861	1.4297
v 4.8244	-2.5305	1.3613
v 4.8375	-2.2992	1.4808
v 4.7555	-2.2992	1.4898
v 4.7424	-2.5305	1.3702
v 4.7499	-2.2861	1.4387
v 4.8375	-3.1296	1.6452
v 4.8375	-2.9609	1.6452
v 4.7665	-2.7165	1.5646
v 4.7560	-2.9609	1.6326
v 4.7482	-2.9478	1.6835
v 4.5705	-2.1174	0.6814
v 4.5705	-2.2861	0.6814
v 4.5298	-2.5305	0.6258
v 4.6009	-2.2992	0.7228
v 4.5040	-2.2861	0.7301
v 4.5344	-2.2992	0.7716
v 4.4633	-2.5305	0.6746
v 3.6593	-2.0641	2.7443
v 3.9581	-2.0641	2.6116
v 3.0591	-3.0302	1.6091
v 3.0504	-3.0302	1.5433
v 3.0504	-3.0070	1.5433
v 3.0591	-3.0070	1.6091
v 3.0312	-3.0302	1.7012
v 3.0814	-3.0302	1.7666
v 3.0845	-3.0302	1.6704
v 3.0845	-3.0070	1.6704
v 3.4845	-3.0070	1.7231
v 3.4319	-3.0070	1.7635
v 3.3705	-3.0070	1.7889
v 3.3047	-3.0070	1.7975
v 3.2389	-3.0070	1.7889
v 3.1776	-3.0070	1.7635
v 3.1249	-3.0070	1.7231
v 3.0591	-3.0070	1.4774
v 3.0845	-3.0070	1.4161
v 3.1249	-3.0070	1.3635
v 3.1776	-3.0070	1.3230
v 3.2389	-3.0070	1.2976
v 3.3047	-3.0070	1.2890
v 3.3705	-3.0070	1.2976
v 3.4319	-3.0070	1.3230
v 3.4845	-3.0070	1.3635
v 3.5249	-3.0070	1.4161
v 3.5504	-3.0070	1.4774
v 3.5590	-3.0070	1.5433
v 3.5504	-3.0070	1.6091
v 3.5249	-3.0070	1.6704
v 3.4319	-3.0302	1.7635
v 3.4845	-3.0302	1.7231
v 3.3705	-3.0302	1.7889
v 3.3047	-3.0302	1.7975
v 3.3047	-3.0302	1.8591
v 3.3865	-3.0302	1.8484
v 3.4627	-3.0302	1.8168
v 3.5249	-3.0302	1.6704
v 3.5504	-3.0302	1.6091
v 3.5590	-3.0302	1.5433
v 3.5504	-3.0302	1.4774
v 3.5249	-3.0302	1.4161
v 3.4845	-3.0302	1.3635
v 3.4319	-3.0302	1.3230
v 3.3705	-3.0302	1.2976
v 3.3047	-3.0302	1.2890
v 3.2389	-3.0302	1.2976
v 3.1776	-3.0302	1.3230
v 3.1249	-3.0302	1.3635
v 3.0845	-3.0302	1.4161
v 3.0814	-3.0302	1.3199
v 3.0591	-3.0302	1.4774
v 3.0312	-3.0302	1.3853
v 3.0814	-2.6288	1.3199
v 3.0312	-2.6288	1.3853
v 3.1468	-2.6288	1.2697
v 3.1468	-3.0302	1.2697
v 3.2230	-2.6288	1.2382
v 3.2230	-3.0302	1.2382
v 3.3047	-2.6288	1.2274
v 3.3047	-3.0302	1.2274
v 3.3865	-2.6288	1.2382
v 3.3865	-3.0302	1.2382
v 3.4627	-2.6288	1.2697
v 3.4627	-3.0302	1.2697
v 3.5281	-2.6288	1.3199
v 3.5281	-3.0302	1.3199
v 3.5783	-3.0302	1.3853
v 3.5783	-2.6288	1.3853
v 3.5783	-3.0302	1.7012
v 3.6098	-3.0302	1.6250
v 3.6098	-3.0302	1.4615
v 3.6098	-2.6288	1.4615
v 3.6206	-3.0302	1.5433
v 3.6206	-2.6288	1.5433
v 3.6098	-2.6288	1.6250
v 3.5783	-2.6288	1.7012
v 3.5281	-3.0302	1.7666
v 3.5281	-2.6288	1.7666
v 3.4627	-2.6288	1.8168
v 3.3865	-2.6288	1.8484
v 3.3047	-2.6288	1.8591
v 3.2230	-2.6288	1.8484
v 3.2230	-3.0302	1.8484
v 3.1468	-2.6288	1.8168
v 3.1468	-3.0302	1.8168
v 3.0814	-2.6288	1.7666
v 3.0312	-2.6288	1.7012
v 2.9996	-2.6288	1.6250
v 2.9996	-3.0302	1.6250
v 2.9889	-2.6288	1.5433
v 2.9889	-3.0302	1.5433
v 2.9996	-2.6288	1.4615
v 2.9996	-3.0302	1.4615
v 3.1249	-3.0302	1.7231
v 3.1776	-3.0302	1.7635
v 3.2389	-3.0302	1.7889
v -1.8462	3.6596	0.6356
v -1.7476	3.6596	1.5189
v -1.6407	3.6596	0.8899
v -1.7867	3.6596	1.2709
v -1.8886	3.6596	1.0415
v -2.1105	3.6596	0.4432
v -2.0464	3.6596	0.8462
v -2.2494	3.6596	0.6985
v -2.4156	3.6596	0.3258
v -2.4837	3.6596	0.6083
v -2.7407	3.6596	0.2914
v -2.7334	3.6596	0.5818
v -2.9814	3.6596	0.6209
v -3.0636	3.6596	0.3422
v -3.2108	3.6596	0.7228
v -3.3624	3.6596	0.4749
v -3.4061	3.6596	0.8806
v -3.6167	3.6596	0.6804
v -3.5538	3.6596	1.0836
v -3.6440	3.6596	1.3179
v -3.8091	3.6596	0.9447
v -3.6705	3.6596	1.5676
v -3.7774	3.6596	2.1966
v -3.9101	3.6596	1.8979
v -3.9265	3.6596	1.2498
v -3.9610	3.6596	1.5749
v -3.6314	3.6596	1.8156
v -3.5719	3.6596	2.4509
v -3.5295	3.6596	2.0450
v -3.3717	3.6596	2.2403
v -3.3076	3.6596	2.6433
v -3.1687	3.6596	2.3880
v -3.0025	3.6596	2.7607
v -2.9344	3.6596	2.4782
v -2.6847	3.6596	2.5047
v -2.6774	3.6596	2.7952
v -2.4367	3.6596	2.4656
v -2.3544	3.6596	2.7443
v -2.2073	3.6596	2.3637
v -2.0557	3.6596	2.6116
v -2.0120	3.6596	2.2059
v -1.8643	3.6596	2.0029
v -1.8014	3.6596	2.4061
v -1.7741	3.6596	1.7686
v -1.6090	3.6596	2.1418
v -1.5080	3.6596	1.1887
v -1.4916	3.6596	1.8367
v -1.4571	3.6596	1.5116
v -1.4916	2.5407	1.8367
v -1.5080	2.5407	1.1887
v -1.4571	2.5407	1.5116
v -1.6090	2.5407	2.1418
v -1.6407	2.5407	0.8899
v -1.8014	2.5407	2.4061
v -1.7476	2.5407	1.5189
v -1.7741	2.5407	1.7686
v -1.8643	2.5407	2.0029
v -2.0557	2.5407	2.6116
v -2.0120	2.5407	2.2059
v -2.2073	2.5407	2.3637
v -2.3544	2.5407	2.7443
v -2.4367	2.5407	2.4656
v -2.6774	2.5407	2.7952
v -2.6847	2.5407	2.5047
v -3.0025	2.5407	2.7607
v -2.9344	2.5407	2.4782
v -3.1687	2.5407	2.3880
v -3.3076	2.5407	2.6433
v -3.3717	2.5407	2.2403
v -3.5719	2.5407	2.4509
v -3.5295	2.5407	2.0450
v -3.6314	2.5407	1.8156
v -3.7774	2.5407	2.1966
v -3.6705	2.5407	1.5676
v -3.8091	2.5407	0.9447
v -3.6440	2.5407	1.3179
v -3.6167	2.5407	0.6804
v -3.5538	2.5407	1.0836
v -3.4061	2.5407	0.8806
v -3.3624	2.5407	0.4749
v -3.2108	2.5407	0.7228
v -3.0636	2.5407	0.3422
v -2.9814	2.5407	0.6209
v -2.7407	2.5407	0.2914
v -2.7334	2.5407	0.5818
v -2.4837	2.5407	0.6083
v -2.4156	2.5407	0.3258
v -2.2494	2.5407	0.6985
v -2.1105	2.5407	0.4432
v -2.0464	2.5407	0.8462
v -1.8886	2.5407	1.0415
v -1.8462	2.5407	0.6356
v -1.7867	2.5407	1.2709
v -3.9101	2.5407	1.8979
v -3.9265	2.5407	1.2498
v -3.9610	2.5407	1.5749
v -2.2494	3.6596	0.6985
v -2.4837	3.6596	0.6083
v -2.5291	3.6062	0.7967
v -2.3420	3.6062	0.8687
v -2.7334	3.6596	0.5818
v -2.7285	3.6062	0.7756
v -2.9814	3.6596	0.6209
v -2.9265	3.6062	0.8067
v -3.2108	3.6596	0.7228
v -3.1097	3.6062	0.8881
v -3.4061	3.6596	0.8806
v -3.2656	3.6062	1.0141
v -3.5538	3.6596	1.0836
v -3.3836	3.6062	1.1762
v -3.6440	3.6596	1.3179
v -3.4556	3.6062	1.3633
v -3.6705	3.6596	1.5676
v -3.4768	3.6062	1.5627
v -3.4456	3.6062	1.7607
v -3.6314	3.6596	1.8156
v -3.3642	3.6062	1.9439
v -3.5295	3.6596	2.0450
v -3.2382	3.6062	2.0998
v -3.3717	3.6596	2.2403
v -3.0761	3.6062	2.2178
v -3.1687	3.6596	2.3880
v -2.8890	3.6062	2.2898
v -2.9344	3.6596	2.4782
v -2.6847	3.6596	2.5047
v -2.6896	3.6062	2.3110
v -2.4916	3.6062	2.2798
v -2.4367	3.6596	2.4656
v -2.2073	3.6596	2.3637
v -2.3084	3.6062	2.1984
v -2.0120	3.6596	2.2059
v -2.1525	3.6062	2.0724
v -1.8643	3.6596	2.0029
v -2.0345	3.6062	1.9103
v -1.7741	3.6596	1.7686
v -1.9625	3.6062	1.7232
v -1.7476	3.6596	1.5189
v -1.9413	3.6062	1.5238
v -1.7867	3.6596	1.2709
v -1.9725	3.6062	1.3258
v -1.8886	3.6596	1.0415
v -2.0539	3.6062	1.1426
v -2.0464	3.6596	0.8462
v -2.1799	3.6062	0.9867
v -1.7867	2.5407	1.2709
v -1.9725	2.5940	1.3258
v -2.0539	2.5940	1.1426
v -1.9413	2.5940	1.5238
v -1.7741	2.5407	1.7686
v -1.9625	2.5940	1.7232
v -1.8643	2.5407	2.0029
v -2.0345	2.5940	1.9103
v -2.0120	2.5407	2.2059
v -2.1525	2.5940	2.0724
v -2.2073	2.5407	2.3637
v -2.3084	2.5940	2.1984
v -2.4367	2.5407	2.4656
v -2.4916	2.5940	2.2798
v -2.6847	2.5407	2.5047
v -2.6896	2.5940	2.3110
v -2.9344	2.5407	2.4782
v -2.8890	2.5940	2.2898
v -3.1687	2.5407	2.3880
v -3.0761	2.5940	2.2178
v -3.3717	2.5407	2.2403
v -3.2382	2.5940	2.0998
v -3.5295	2.5407	2.0450
v -3.3642	2.5940	1.9439
v -3.6314	2.5407	1.8156
v -3.4456	2.5940	1.7607
v -3.6705	2.5407	1.5676
v -3.4768	2.5940	1.5627
v -3.4556	2.5940	1.3633
v -3.6440	2.5407	1.3179
v -3.3836	2.5940	1.1762
v -3.5538	2.5407	1.0836
v -3.2656	2.5940	1.0141
v -3.4061	2.5407	0.8806
v -3.1097	2.5940	0.8881
v -3.2108	2.5407	0.7228
v -2.9265	2.5940	0.8067
v -2.9814	2.5407	0.6209
v -2.7285	2.5940	0.7756
v -2.7334	2.5407	0.5818
v -2.4837	2.5407	0.6083
v -2.5291	2.5940	0.7967
v -2.2494	2.5407	0.6985
v -2.3420	2.5940	0.8687
v -2.0464	2.5407	0.8462
v -2.1799	2.5940	0.9867
v -1.2096	3.1931	1.1765
v -1.2021	3.4375	1.2450
v -1.2841	3.4375	1.2540
v -1.2916	3.1931	1.1855
v -1.2096	3.6062	1.1765
v -1.2021	3.6062	1.2450
v -1.2841	3.6062	1.2540
v -1.3114	3.6062	0.9148
v -1.3556	3.1931	0.8009
v -1.3120	3.4244	0.9131
v -1.2096	2.5940	1.1765
v -1.2440	2.5940	1.0880
v -1.2447	2.7758	1.0863
v -1.2883	3.0071	0.9741
v -1.2633	2.7627	1.0383
v -1.2633	2.5940	1.0383
v -1.3556	2.5940	0.8009
v -1.4325	3.1931	0.8308
v -1.3889	3.4244	0.9429
v -1.3307	3.4375	0.8651
v -1.4075	3.4375	0.8950
v -1.3556	3.6062	0.8009
v -1.3307	3.6062	0.8651
v -1.4075	3.6062	0.8950
v -1.5217	3.6062	0.5744
v -1.5939	3.1931	0.4759
v -1.5227	3.4244	0.5730
v -1.4118	2.5940	0.7243
v -1.4129	2.7758	0.7228
v -1.4840	3.0071	0.6258
v -1.4433	2.7627	0.6814
v -1.4433	2.5940	0.6814
v -1.5939	2.5940	0.4759
v -1.6604	3.1931	0.5247
v -1.5892	3.4244	0.6217
v -1.5531	3.4375	0.5315
v -1.6196	3.4375	0.5802
v -1.5939	3.6062	0.4759
v -1.5531	3.6062	0.5315
v -1.6196	3.6062	0.5802
v -1.8129	3.6062	0.3001
v -1.6680	2.5940	0.4165
v -1.6694	2.7758	0.4153
v -1.7632	3.0071	0.3400
v -1.7095	2.7627	0.3831
v -1.7095	2.5940	0.3831
v -1.9081	2.5940	0.2237
v -1.9081	3.1931	0.2237
v -1.8143	3.4244	0.2990
v -1.7196	2.5940	0.4807
v -1.7210	2.7758	0.4796
v -1.7344	2.5940	0.5181
v -1.5098	2.5940	0.7301
v -1.5023	2.5940	0.8052
v -1.4783	2.5940	0.7730
v -1.3524	2.5940	1.1427
v -1.3402	2.5940	1.0682
v -1.3402	2.7627	1.0682
v -1.3651	3.0071	1.0040
v -1.3215	2.7758	1.1161
v -1.3209	2.5940	1.1178
v -1.2639	2.5940	1.4387
v -1.1819	2.5940	1.4297
v -1.1965	3.4244	1.2961
v -1.1963	3.6062	1.2979
v -1.1658	3.6062	1.5771
v -1.1658	2.5940	1.5771
v -1.1761	2.5940	1.4826
v -1.1763	2.7758	1.4808
v -1.1894	3.0071	1.3613
v -1.1819	2.7627	1.4297
v -1.2785	3.4244	1.3051
v -1.2783	3.6062	1.3069
v -1.2950	3.6062	1.5075
v -1.3303	3.6062	2.0052
v -1.2659	3.6062	1.6852
v -1.2549	3.6062	2.0384
v -1.2271	3.6062	1.9754
v -1.1844	3.6062	1.6978
v -1.1658	3.1931	1.5771
v -1.1841	3.4244	1.6960
v -1.2271	2.5940	1.9754
v -1.2127	2.5940	1.8815
v -1.2124	2.7758	1.8797
v -1.1941	3.0071	1.7608
v -1.2046	2.7627	1.8289
v -1.2046	2.5940	1.8289
v -1.2473	3.1931	1.5646
v -1.2656	3.4244	1.6835
v -1.1763	3.4375	1.6452
v -1.2578	3.4375	1.6326
v -1.1763	3.6062	1.6452
v -1.2578	3.6062	1.6326
v -1.2941	2.5940	1.8689
v -1.3297	2.5940	2.2085
v -1.2271	3.1931	1.9754
v -1.2756	3.4244	2.0855
v -1.2763	3.6062	2.0871
v -1.3895	3.6062	2.3442
v -1.3895	2.5940	2.3442
v -1.3512	2.5940	2.2572
v -1.3505	2.7758	2.2556
v -1.3020	3.0071	2.1455
v -1.3297	2.7627	2.2085
v -1.3026	3.1931	1.9422
v -1.3510	3.4244	2.0523
v -1.2549	3.4375	2.0384
v -1.3303	3.4375	2.0052
v -1.3518	3.6062	2.0539
v -1.3339	3.6062	1.8747
v -1.4571	3.6596	1.5116
v -1.4916	3.6596	1.8367
v -1.3524	3.6062	1.1427
v -1.5080	3.6596	1.1887
v -1.3882	3.6062	0.9446
v -1.5023	3.6062	0.8052
v -1.6407	3.6596	0.8899
v -1.7344	3.6062	0.5181
v -1.8462	3.6596	0.6356
v -1.5882	3.6062	0.6232
v -1.8645	3.6062	0.3644
v -1.8659	3.4244	0.3633
v -1.9597	3.1931	0.2880
v -1.8544	3.4375	0.2668
v -1.9060	3.4375	0.3311
v -1.9081	3.6062	0.2237
v -1.8544	3.6062	0.2668
v -1.9951	2.5940	0.1854
v -1.9967	2.7758	0.1847
v -2.1068	3.0071	0.1362
v -2.0438	2.7627	0.1640
v -2.0438	2.5940	0.1640
v -2.2769	2.5940	0.0613
v -2.2769	3.1931	0.0613
v -2.1668	3.4244	0.1098
v -2.1652	3.6062	0.1105
v -2.0283	2.5940	0.2609
v -2.0300	2.7758	0.2601
v -2.0330	2.5940	0.3007
v -1.7611	2.5940	0.4474
v -1.7611	2.7627	0.4474
v -1.8148	3.0071	0.4043
v -1.8462	2.5407	0.6356
v -2.1105	2.5407	0.4432
v -1.6407	2.5407	0.8899
v -1.5080	2.5407	1.1887
v -1.2950	2.5940	1.5075
v -1.4571	2.5407	1.5116
v -1.3339	2.5940	1.8747
v -1.4916	2.5407	1.8367
v -1.2860	2.5940	1.8163
v -1.2581	2.5940	1.4916
v -1.2583	2.7758	1.4898
v -1.2639	2.7627	1.4387
v -1.2713	3.0071	1.3702
v -1.2860	2.7627	1.8163
v -1.2755	3.0071	1.7482
v -1.2939	2.7758	1.8671
v -1.4052	2.5940	2.1753
v -1.4052	2.7627	2.1753
v -1.3774	3.0071	2.1123
v -1.4259	2.7758	2.2224
v -1.4266	2.5940	2.2240
v -1.5489	2.5940	2.5428
v -1.3895	3.1931	2.3442
v -1.4648	3.4244	2.4380
v -1.4659	3.6062	2.4394
v -1.6417	3.6062	2.6584
v -1.6417	2.5940	2.6584
v -1.5822	2.5940	2.5843
v -1.5811	2.7758	2.5829
v -1.5058	3.0071	2.4891
v -1.5489	2.7627	2.5428
v -1.4537	3.1931	2.2926
v -1.5291	3.4244	2.3864
v -1.4326	3.4375	2.3979
v -1.4969	3.4375	2.3463
v -1.4326	3.6062	2.3979
v -1.4665	3.6062	2.2193
v -1.6090	3.6596	2.1418
v -1.8014	3.6596	2.4061
v -1.6838	3.6062	2.5179
v -2.0557	3.6596	2.6116
v -1.9710	3.6062	2.7500
v -2.3544	3.6596	2.7443
v -2.3085	3.6062	2.8999
v -2.6774	3.6596	2.7952
v -2.6733	3.6062	2.9573
v -3.0025	3.6596	2.7607
v -3.0405	3.6062	2.9184
v -3.3076	3.6596	2.6433
v -3.3851	3.6062	2.7858
v -3.5719	3.6596	2.4509
v -3.6837	3.6062	2.5685
v -3.7774	3.6596	2.1966
v -3.9158	3.6062	2.2813
v -3.9101	3.6596	1.8979
v -4.0657	3.6062	1.9438
v -3.9610	3.6596	1.5749
v -4.1231	3.6062	1.5790
v -3.9265	3.6596	1.2498
v -4.0842	3.6062	1.2118
v -3.8091	3.6596	0.9447
v -3.9516	3.6062	0.8672
v -3.6167	3.6596	0.6804
v -3.7342	3.6062	0.5686
v -3.3624	3.6596	0.4749
v -3.4471	3.6062	0.3365
v -3.0636	3.6596	0.3422
v -3.1096	3.6062	0.1866
v -2.7407	3.6596	0.2914
v -2.7448	3.6062	0.1292
v -2.3776	3.6062	0.1681
v -2.4156	3.6596	0.3258
v -2.5671	3.6062	0.1001
v -2.5545	3.6062	0.0186
v -2.2769	3.6062	0.0613
v -2.2471	3.6062	0.1646
v -2.1984	3.6062	0.1860
v -2.0330	3.6062	0.3007
v -1.9060	3.6062	0.3311
v -2.1105	3.6596	0.4432
v -2.2000	3.4244	0.1853
v -2.3101	3.1931	0.1368
v -2.2139	3.4375	0.0891
v -2.2471	3.4375	0.1646
v -2.2139	3.6062	0.0891
v -2.3708	2.5940	0.0469
v -2.3726	2.7758	0.0466
v -2.4915	3.0071	0.0283
v -2.4235	2.7627	0.0388
v -2.4235	2.5940	0.0388
v -2.6752	2.5940	0.0000
v -2.6752	3.1931	0.0000
v -2.5563	3.4244	0.0183
v -2.3834	2.5940	0.1284
v -2.3852	2.7758	0.1281
v -2.3776	2.5940	0.1681
v -2.0770	2.5940	0.2394
v -2.0770	2.7627	0.2394
v -2.1401	3.0071	0.2117
v -2.4156	2.5407	0.3258
v -2.7407	2.5407	0.2914
v -2.7448	2.5940	0.1292
v -3.0636	2.5407	0.3422
v -3.1096	2.5940	0.1866
v -3.3624	2.5407	0.4749
v -3.4471	2.5940	0.3365
v -3.6167	2.5407	0.6804
v -3.7342	2.5940	0.5686
v -3.8091	2.5407	0.9447
v -3.9516	2.5940	0.8672
v -3.9265	2.5407	1.2498
v -4.0842	2.5940	1.2118
v -3.9610	2.5407	1.5749
v -4.1231	2.5940	1.5790
v -3.9101	2.5407	1.8979
v -4.0657	2.5940	1.9438
v -3.7774	2.5407	2.1966
v -3.9158	2.5940	2.2813
v -3.5719	2.5407	2.4509
v -3.6837	2.5940	2.5685
v -3.3076	2.5407	2.6433
v -3.3851	2.5940	2.7858
v -3.0025	2.5407	2.7607
v -3.0405	2.5940	2.9184
v -2.6733	2.5940	2.9573
v -2.6774	2.5407	2.7952
v -2.7429	2.5940	3.0865
v -2.6574	2.5940	2.9942
v -2.6484	2.5940	3.0762
v -2.6556	2.7758	2.9940
v -2.6466	2.7758	3.0760
v -2.5360	3.0071	2.9810
v -2.5270	3.0071	3.0629
v -2.6045	2.7627	2.9885
v -2.5955	2.7627	3.0704
v -2.6045	2.5940	2.9885
v -2.5955	2.5940	3.0704
v -2.3423	2.5940	3.0427
v -2.3085	2.5940	2.8999
v -2.2836	2.5940	2.9314
v -2.2537	2.5940	3.0083
v -2.2819	2.7758	2.9308
v -2.2520	2.7758	3.0076
v -2.1698	3.0071	2.8872
v -2.1399	3.0071	2.9640
v -2.2340	2.7627	2.9121
v -2.2041	2.7627	2.9890
v -2.2340	2.5940	2.9121
v -2.2041	2.5940	2.9890
v -1.9710	2.5940	2.7500
v -1.9667	2.5940	2.8967
v -1.9388	2.5940	2.7740
v -1.8959	2.5940	2.7425
v -1.6838	2.5940	2.5179
v -1.8472	2.5940	2.8090
v -1.6465	2.5940	2.5327
v -1.6454	2.7758	2.5313
v -1.6132	2.5940	2.4912
v -1.6132	2.7627	2.4912
v -1.5701	3.0071	2.4375
v -1.4665	2.5940	2.2193
v -1.6090	2.5407	2.1418
v -1.8014	2.5407	2.4061
v -2.0557	2.5407	2.6116
v -2.3544	2.5407	2.7443
v -1.6417	3.1931	2.6584
v -1.7387	3.4244	2.7296
v -1.7402	3.6062	2.7306
v -1.9667	3.6062	2.8967
v -1.9667	3.1931	2.8967
v -1.8901	2.5940	2.8405
v -1.8886	2.7758	2.8394
v -1.7916	3.0071	2.7683
v -1.8472	2.7627	2.8090
v -1.6905	3.1931	2.5920
v -1.7875	3.4244	2.6631
v -1.7460	3.4375	2.6327
v -1.7460	3.6062	2.6327
v -1.7890	3.6062	2.6642
v -1.6973	3.4375	2.6992
v -1.6973	3.6062	2.6992
v -1.5302	3.6062	2.3878
v -1.4969	3.6062	2.3463
v -2.0309	3.6062	2.9216
v -2.0608	3.6062	2.8448
v -2.1104	3.6062	2.8641
v -2.3423	3.6062	3.0427
v -2.0805	3.6062	2.9409
v -2.0788	3.4244	2.9403
v -2.3423	3.1931	3.0427
v -1.9966	3.1931	2.8199
v -2.1087	3.4244	2.8634
v -2.0608	3.4375	2.8448
v -2.0309	3.4375	2.9216
v -2.4108	3.6062	3.0502
v -2.4108	3.4375	3.0502
v -2.4197	3.6062	2.9682
v -2.4727	3.6062	2.9740
v -2.7429	3.6062	3.0865
v -2.4637	3.6062	3.0560
v -2.4709	3.4244	2.9738
v -2.4619	3.4244	3.0558
v -2.3513	3.1931	2.9607
v -2.4197	3.4375	2.9682
v -2.5426	3.6062	3.0646
v -2.7429	3.1931	3.0865
v -2.4741	2.5940	3.0571
v -2.8110	3.6062	3.0760
v -2.8110	3.4375	3.0760
v -2.7984	3.6062	2.9946
v -2.8510	3.6062	2.9865
v -2.8636	3.6062	3.0679
v -3.1412	3.6062	3.0252
v -3.1710	3.6062	2.9220
v -3.2197	3.6062	2.9005
v -3.2529	3.6062	2.9760
v -3.5100	3.6062	2.8628
v -3.5121	3.6062	2.7554
v -3.5536	3.6062	2.7221
v -3.6052	3.6062	2.7864
v -3.8242	3.6062	2.6106
v -3.7985	3.6062	2.5063
v -3.8299	3.6062	2.4634
v -3.8964	3.6062	2.5121
v -4.0625	3.6062	2.2856
v -4.0106	3.6062	2.1915
v -4.0299	3.6062	2.1419
v -4.1067	3.6062	2.1718
v -4.1340	3.6062	1.8326
v -4.1632	3.6062	1.0481
v -4.0878	3.6062	1.0813
v -4.0663	3.6062	1.0326
v -4.0286	3.6062	0.7423
v -3.9855	3.6062	0.6886
v -3.9212	3.6062	0.7402
v -3.8879	3.6062	0.6987
v -3.7764	3.6062	0.4281
v -3.7208	3.6062	0.3874
v -3.6721	3.6062	0.4538
v -3.6291	3.6062	0.4224
v -3.4514	3.6062	0.1898
v -3.3872	3.6062	0.1649
v -3.3573	3.6062	0.2417
v -3.3077	3.6062	0.2224
v -3.3375	3.6062	0.1456
v -3.0758	3.6062	0.0438
v -3.0073	3.6062	0.0363
v -2.9983	3.6062	0.1183
v -2.9454	3.6062	0.1125
v -2.9544	3.6062	0.0305
v -2.6752	3.6062	0.0000
v -2.6197	3.6062	0.0920
v -2.6877	3.1931	0.0815
v -2.6197	3.4375	0.0920
v -2.5689	3.4244	0.0998
v -2.6071	3.4375	0.0105
v -2.6071	3.6062	0.0105
v -2.7697	2.5940	0.0103
v -2.7715	2.7758	0.0105
v -2.8910	3.0071	0.0236
v -2.8226	2.7627	0.0161
v -2.8226	2.5940	0.0161
v -3.0758	2.5940	0.0438
v -3.0758	3.1931	0.0438
v -2.9562	3.4244	0.0307
v -2.7607	2.5940	0.0923
v -2.7625	2.7758	0.0925
v -2.4360	2.5940	0.1203
v -2.4360	2.7627	0.1203
v -2.5041	3.0071	0.1098
v -2.8136	2.5940	0.0981
v -3.1643	2.5940	0.0783
v -3.1345	2.5940	0.1551
v -3.1841	2.5940	0.1744
v -3.2140	2.5940	0.0975
v -3.4514	2.5940	0.1898
v -3.4793	2.5940	0.3125
v -3.5222	2.5940	0.3440
v -3.5709	2.5940	0.2775
v -3.7764	2.5940	0.4281
v -3.7716	2.5940	0.5538
v -3.8049	2.5940	0.5953
v -3.8692	2.5940	0.5437
v -4.0286	2.5940	0.7423
v -3.9915	2.5940	0.8625
v -4.0129	2.5940	0.9112
v -4.0883	2.5940	0.8780
v -4.1239	2.5940	1.2176
v -4.1741	2.5940	1.9986
v -4.0972	2.5940	1.9687
v -4.0779	2.5940	2.0183
v -4.0625	2.5940	2.2856
v -4.0063	2.5940	2.3622
v -3.9398	2.5940	2.3135
v -3.9083	2.5940	2.3564
v -3.8242	2.5940	2.6106
v -3.7501	2.5940	2.6701
v -3.6985	2.5940	2.6058
v -3.6570	2.5940	2.6391
v -3.5100	2.5940	2.8628
v -3.4230	2.5940	2.9011
v -3.3898	2.5940	2.8257
v -3.3411	2.5940	2.8471
v -3.1412	2.5940	3.0252
v -3.0472	2.5940	3.0396
v -3.0347	2.5940	2.9582
v -2.9821	2.5940	2.9663
v -2.9946	2.5940	3.0477
v -2.9821	2.7627	2.9663
v -2.9946	2.7627	3.0477
v -2.9140	3.0071	2.9768
v -3.0329	2.7758	2.9584
v -2.9266	3.0071	3.0582
v -2.8618	3.4244	3.0682
v -3.1412	3.1931	3.0252
v -3.0455	2.7758	3.0399
v -2.8492	3.4244	2.9867
v -2.7303	3.1931	3.0050
v -2.7984	3.4375	2.9946
v -3.2042	3.6062	2.9974
v -3.2042	3.4375	2.9974
v -3.1710	3.4375	2.9220
v -3.1080	3.1931	2.9497
v -3.2181	3.4244	2.9013
v -3.2513	3.4244	2.9767
v -3.5100	3.1931	2.8628
v -3.4213	2.7758	2.9019
v -3.3112	3.0071	2.9503
v -3.3743	2.7627	2.9226
v -3.3743	2.5940	2.9226
v -3.5637	3.6062	2.8197
v -3.5637	3.4375	2.8197
v -3.5121	3.4375	2.7554
v -3.4584	3.1931	2.7986
v -3.5522	3.4244	2.7233
v -3.6038	3.4244	2.7875
v -3.8242	3.1931	2.6106
v -3.7487	2.7758	2.6712
v -3.6549	3.0071	2.7465
v -3.7086	2.7627	2.7034
v -3.7086	2.5940	2.7034
v -3.8650	3.6062	2.5550
v -3.8650	3.4375	2.5550
v -3.7985	3.4375	2.5063
v -3.7577	3.1931	2.5618
v -3.8289	3.4244	2.4648
v -3.8953	3.4244	2.5136
v -4.0052	2.7758	2.3637
v -3.9341	3.0071	2.4607
v -3.9748	2.7627	2.4052
v -3.9748	2.5940	2.4052
v -3.9387	2.7758	2.3149
v -3.9083	2.7627	2.3564
v -3.8676	3.0071	2.4120
v -3.6971	2.7758	2.6069
v -3.6570	2.7627	2.6391
v -3.6033	3.0071	2.6822
v -3.3881	2.7758	2.8264
v -3.3411	2.7627	2.8471
v -3.2780	3.0071	2.8749
v -4.1548	2.5940	2.0482
v -4.1734	2.7758	2.0003
v -4.1298	3.0071	2.1124
v -4.1548	2.7627	2.0482
v -4.0625	3.1931	2.2856
v -4.1061	3.4244	2.1735
v -4.2085	3.6062	1.9100
v -4.2085	2.5940	1.9100
v -4.0966	2.7758	1.9704
v -4.0779	2.7627	2.0183
v -4.0530	3.0071	2.0825
v -3.9856	3.1931	2.2557
v -4.0292	3.4244	2.1436
v -4.0106	3.4375	2.1915
v -4.0874	3.4375	2.2214
v -4.0874	3.6062	2.2214
v -4.2160	3.6062	1.8415
v -4.1340	3.4375	1.8326
v -4.2160	3.4375	1.8415
v -4.1265	3.1931	1.9010
v -4.2085	3.1931	1.9100
v -4.1396	3.4244	1.7814
v -4.2216	3.4244	1.7904
v -4.1398	3.6062	1.7796
v -4.2218	3.6062	1.7886
v -4.1603	3.6062	1.4539
v -4.1522	3.6062	1.4013
v -4.2337	3.6062	1.3887
v -4.1910	3.6062	1.1111
v -4.1632	3.4375	1.0481
v -4.1910	3.1931	1.1111
v -4.0878	3.4375	1.0813
v -4.0670	3.4244	1.0343
v -4.1155	3.1931	1.1444
v -4.1425	3.4244	1.0010
v -4.1418	3.6062	0.9994
v -4.0669	2.5940	0.8293
v -4.0676	2.7758	0.8310
v -4.1161	3.0071	0.9411
v -4.0883	2.7627	0.8780
v -4.1910	2.5940	1.1111
v -3.9922	2.7758	0.8642
v -4.0129	2.7627	0.9112
v -4.0406	3.0071	0.9743
v -4.2054	2.5940	1.2051
v -4.1242	2.7758	1.2194
v -4.2057	2.7758	1.2069
v -4.1320	2.5940	1.2702
v -4.1320	2.7627	1.2702
v -4.1425	3.0071	1.3383
v -4.2135	2.5940	1.2577
v -4.2135	2.7627	1.2577
v -4.2240	3.0071	1.3258
v -4.2523	2.5940	1.5094
v -4.2523	3.1931	1.5094
v -4.2340	3.4244	1.3905
v -4.2420	2.5940	1.6039
v -4.1600	2.5940	1.5949
v -4.1542	2.5940	1.6478
v -4.2362	2.5940	1.6568
v -4.2418	2.7758	1.6057
v -4.2287	3.0071	1.7253
v -4.2362	2.7627	1.6568
v -4.2523	3.6062	1.5094
v -4.1598	2.7758	1.5967
v -4.1542	2.7627	1.6478
v -4.1467	3.0071	1.7163
v -4.2418	3.6062	1.4413
v -4.2418	3.4375	1.4413
v -4.1603	3.4375	1.4539
v -4.1708	3.1931	1.5220
v -4.1525	3.4244	1.4031
v -3.8359	2.5940	0.5022
v -3.8370	2.7758	0.5036
v -3.9123	3.0071	0.5974
v -3.8692	2.7627	0.5437
v -4.0286	3.1931	0.7423
v -3.9533	3.4244	0.6485
v -3.9522	3.6062	0.6471
v -3.7727	2.7758	0.5552
v -3.8049	2.7627	0.5953
v -3.8480	3.0071	0.6490
v -3.9643	3.1931	0.7939
v -3.8890	3.4244	0.7001
v -3.9855	3.4375	0.6886
v -3.9212	3.4375	0.7402
v -3.5280	2.5940	0.2460
v -3.5295	2.7758	0.2471
v -3.6265	3.0071	0.3182
v -3.5709	2.7627	0.2775
v -3.7764	3.1931	0.4281
v -3.6793	3.4244	0.3570
v -3.6779	3.6062	0.3559
v -3.4514	3.1931	0.1898
v -3.4807	2.7758	0.3136
v -3.5222	2.7627	0.3440
v -3.5777	3.0071	0.3847
v -3.7276	3.1931	0.4946
v -3.6306	3.4244	0.4234
v -3.7208	3.4375	0.3874
v -3.6721	3.4375	0.4538
v -3.3872	3.4375	0.1649
v -3.3573	3.4375	0.2417
v -3.4215	3.1931	0.2667
v -3.3094	3.4244	0.2231
v -3.3392	3.4244	0.1462
v -3.1660	2.7758	0.0789
v -3.2782	3.0071	0.1225
v -3.2140	2.7627	0.0975
v -3.1362	2.7758	0.1558
v -3.1841	2.7627	0.1744
v -3.2483	3.0071	0.1993
v -3.0073	3.4375	0.0363
v -2.9983	3.4375	0.1183
v -3.0668	3.1931	0.1258
v -2.9472	3.4244	0.1127
v -2.8136	2.7627	0.0981
v -2.8821	3.0071	0.1056
v -1.9374	2.7758	2.7729
v -1.8403	3.0071	2.7018
v -1.8959	2.7627	2.7425
v -1.4794	2.7758	0.7716
v -1.5505	3.0071	0.6746
v -1.5098	2.7627	0.7301
v -2.7458	3.1424	2.0979
v -2.7458	3.1842	2.0979
v -2.7272	3.1424	2.1300
v -2.7272	3.1842	2.1300
v -2.6902	3.1424	2.1300
v -2.6902	3.1842	2.1300
v -2.6717	3.1842	2.0979
v -2.6717	3.1424	2.0979
v -2.6902	3.1842	2.0659
v -2.6902	3.1424	2.0659
v -3.0278	3.1424	2.0362
v -3.0278	3.1842	2.0362
v -3.0582	3.1842	2.0151
v -3.0582	3.1424	2.0151
v -2.9943	3.1424	2.0204
v -2.9943	3.1842	2.0204
v -2.9913	3.1842	1.9835
v -2.9913	3.1424	1.9835
v -2.2766	3.1842	1.2262
v -2.2749	3.1842	1.2070
v -2.2536	3.1842	1.2003
v -2.2408	3.1842	1.2159
v -2.2440	3.1842	1.1851
v -2.2808	3.1842	1.1888
v -2.2960	3.1842	1.2226
v -2.2743	3.1842	1.2526
v -2.2375	3.1842	1.2489
v -2.2640	3.1842	1.2375
v -2.2375	3.1424	1.2489
v -2.2223	3.1842	1.2151
v -2.2223	3.1424	1.2151
v -3.2548	3.1842	1.3270
v -3.2183	3.1842	1.3205
v -3.2548	3.1424	1.3270
v -3.2183	3.1424	1.3205
v -2.9048	3.1842	2.0967
v -2.9048	3.1424	2.0967
v -2.8695	3.1424	2.1079
v -2.8695	3.1842	2.1079
v -2.5624	3.1424	2.0452
v -2.5624	3.1842	2.0452
v -2.5699	3.1424	2.0814
v -2.5699	3.1842	2.0814
v -2.5071	3.1424	2.0944
v -2.5071	3.1842	2.0944
v -2.4996	3.1842	2.0582
v -2.4996	3.1424	2.0582
v -3.2950	3.1842	1.5783
v -3.2950	3.1424	1.5783
v -3.2624	3.1842	1.5959
v -3.2624	3.1424	1.5959
v -3.1710	3.1424	1.8524
v -3.1710	3.1842	1.8524
v -3.1343	3.1842	1.8475
v -3.1343	3.1424	1.8475
v -3.1259	3.1424	1.9111
v -3.1259	3.1842	1.9111
v -3.1118	3.1842	1.8768
v -3.1118	3.1424	1.8768
v -2.8935	3.1842	0.9860
v -2.8398	3.1842	1.0370
v -2.8312	3.1842	1.0010
v -2.8312	3.1424	1.0010
v -2.8935	3.1424	0.9860
v -2.9021	3.1424	1.0220
v -2.9021	3.1842	1.0220
v -2.8398	3.1424	1.0370
v -2.1578	3.1424	1.7449
v -2.1578	3.1842	1.7449
v -2.1940	3.1842	1.7524
v -2.1940	3.1424	1.7524
v -2.1461	3.1424	1.7097
v -2.1461	3.1842	1.7097
v -2.2070	3.1842	1.6896
v -2.2070	3.1424	1.6896
v -2.2186	3.1424	1.7247
v -2.2186	3.1842	1.7247
v -2.3529	3.1424	1.9701
v -2.3529	3.1842	1.9701
v -2.3491	3.1842	2.0069
v -2.3491	3.1424	2.0069
v -3.1124	3.1842	1.2104
v -3.1349	3.1842	1.2398
v -3.1349	3.1424	1.2398
v -3.1123	3.1424	1.2104
v -2.2970	3.1424	1.8653
v -2.2820	3.1424	1.8991
v -2.2820	3.1842	1.8991
v -2.2970	3.1842	1.8653
v -2.2452	3.1424	1.9029
v -2.2452	3.1842	1.9029
v -2.2234	3.1842	1.8730
v -2.2234	3.1424	1.8730
v -2.2385	3.1842	1.8392
v -2.2418	3.1842	1.8711
v -2.2780	3.1842	1.8623
v -2.2656	3.1842	1.8508
v -2.2448	3.1842	1.8566
v -2.2569	3.1842	1.8372
v -2.2753	3.1842	1.8353
v -2.2423	3.1842	1.8735
v -2.2548	3.1842	1.8875
v -2.2750	3.1842	1.8821
v -2.2753	3.1424	1.8353
v -2.2385	3.1424	1.8392
v -2.1544	3.1424	1.5802
v -2.1544	3.1842	1.5802
v -2.1865	3.1842	1.5617
v -2.1223	3.1424	1.5617
v -2.1223	3.1842	1.5617
v -2.1223	3.1424	1.5247
v -2.1223	3.1842	1.5247
v -2.1544	3.1424	1.5062
v -2.1544	3.1842	1.5062
v -2.1864	3.1842	1.5247
v -2.1725	3.1842	1.5365
v -2.1552	3.1842	1.5235
v -2.1396	3.1842	1.5318
v -2.1381	3.1842	1.5345
v -2.1375	3.1842	1.5530
v -2.1562	3.1842	1.5624
v -2.1704	3.1842	1.5532
v -3.0182	3.1842	1.1215
v -2.9875	3.1842	1.1007
v -2.9875	3.1424	1.1007
v -3.0182	3.1424	1.1215
v -2.1919	3.1842	1.3393
v -2.1558	3.1842	1.3472
v -2.1558	3.1424	1.3472
v -2.1919	3.1424	1.3393
v -3.2447	3.1842	1.6918
v -3.2083	3.1842	1.6987
v -3.2566	3.1842	1.7548
v -3.2566	3.1424	1.7548
v -3.2447	3.1424	1.6918
v -3.2083	3.1424	1.6987
v -3.2202	3.1842	1.7617
v -3.2202	3.1424	1.7617
v -2.7222	3.1842	0.9564
v -2.7222	3.1424	0.9564
v -2.7410	3.1424	0.9883
v -2.7410	3.1842	0.9883
v -2.4088	3.1842	1.0754
v -2.3749	3.1842	1.0607
v -2.3451	3.1842	1.0827
v -2.3451	3.1424	1.0827
v -2.4130	3.1842	1.1122
v -2.4130	3.1424	1.1122
v -2.4088	3.1424	1.0754
v -2.3749	3.1424	1.0607
v -1.9950	3.5977	1.3519
v -1.9950	3.5977	1.7346
v -1.9698	3.5977	1.5433
v -2.0031	3.5977	1.5433
v -2.0272	3.5977	1.3606
v -2.0689	3.5977	1.1737
v -1.9950	3.6242	1.3519
v -2.0689	3.6242	1.1737
v -1.9698	3.6242	1.5433
v -1.9950	3.6242	1.7346
v -2.0689	3.5977	1.9129
v -2.0689	3.6242	1.9129
v -2.0272	3.5977	1.7260
v -2.0977	3.5977	1.1903
v -2.1863	3.5977	1.0206
v -2.1863	3.6242	1.0206
v -2.1617	3.6242	0.9960
v -2.0387	3.6242	1.1563
v -1.9614	3.6242	1.3429
v -1.9614	3.6242	1.7436
v -1.9350	3.6242	1.5433
v -1.9614	3.5783	1.7436
v -1.9350	3.5783	1.5433
v -2.0387	3.6242	1.9303
v -2.0387	3.5783	1.9303
v -2.1617	3.6242	2.0906
v -2.1863	3.6242	2.0660
v -2.1863	3.5977	2.0660
v -2.0977	3.5977	1.8962
v -2.0535	3.5977	1.5433
v -2.0758	3.5977	1.7129
v -2.0535	3.6181	1.5433
v -2.0758	3.6181	1.7129
v -2.0758	3.6181	1.3736
v -2.0907	3.6181	1.5433
v -2.1118	3.6181	1.3832
v -2.1413	3.6181	1.2155
v -2.0758	3.5977	1.3736
v -2.1413	3.5977	1.2155
v -2.2099	3.5977	1.0441
v -2.3394	3.5977	0.9031
v -2.3394	3.6242	0.9031
v -2.3220	3.6242	0.8729
v -2.1617	3.5783	0.9960
v -2.3220	3.5783	0.8729
v -2.5087	3.5783	0.7956
v -2.5087	3.6242	0.7956
v -2.7090	3.5783	0.7693
v -2.7090	3.6242	0.7693
v -2.9094	3.5783	0.7956
v -2.9094	3.6242	0.7956
v -3.0960	3.5783	0.8729
v -3.0960	3.6242	0.8729
v -3.2564	3.5783	0.9960
v -3.2564	3.6242	0.9960
v -3.3794	3.5783	1.1563
v -3.3794	3.6242	1.1563
v -3.4567	3.5783	1.3429
v -3.4567	3.6242	1.3429
v -3.4831	3.5783	1.5433
v -3.4831	3.6242	1.5433
v -3.4567	3.5783	1.7436
v -3.4567	3.6242	1.7436
v -3.3806	3.5783	1.9273
v -3.3806	3.6242	1.9273
v -3.3794	3.5783	1.9303
v -3.3794	3.6242	1.9303
v -3.2564	3.5783	2.0906
v -3.2564	3.6242	2.0906
v -3.0960	3.5783	2.2136
v -3.0960	3.6242	2.2136
v -2.9094	3.5783	2.2909
v -2.9094	3.6242	2.2909
v -2.7090	3.5783	2.3173
v -2.7090	3.6242	2.3173
v -2.5087	3.5783	2.2909
v -2.5087	3.6242	2.2909
v -2.3220	3.5783	2.2136
v -2.3220	3.6242	2.2136
v -2.1617	3.5783	2.0906
v -2.3394	3.6242	2.1834
v -2.3394	3.5977	2.1834
v -2.5177	3.5977	2.2573
v -2.5177	3.6242	2.2573
v -2.7090	3.5977	2.2825
v -2.7090	3.6242	2.2825
v -2.5263	3.5977	2.2251
v -2.3561	3.5977	2.1546
v -2.2099	3.5977	2.0424
v -2.1413	3.5977	1.8710
v -2.1413	3.6181	1.8710
v -2.1118	3.6181	1.7033
v -2.0907	3.1442	1.5433
v -2.1118	3.1442	1.7033
v -2.1118	3.1442	1.3832
v -3.2446	3.1442	1.2341
v -3.3063	3.1442	1.3832
v -3.3274	3.1442	1.5433
v -3.3063	3.1442	1.7033
v -3.2446	3.1442	1.8524
v -3.1463	3.1442	1.9805
v -3.0182	3.1442	2.0788
v -2.8691	3.1442	2.1406
v -2.7090	3.1442	2.1616
v -2.5490	3.1442	2.1406
v -2.3999	3.1442	2.0788
v -2.2718	3.1442	1.9805
v -2.1735	3.1442	1.8524
v -2.1735	3.1442	1.2341
v -2.2718	3.1442	1.1060
v -2.3999	3.1442	1.0077
v -2.5490	3.1442	0.9460
v -2.7090	3.1442	0.9249
v -2.8691	3.1442	0.9460
v -3.0182	3.1442	1.0077
v -3.1463	3.1442	1.1060
v -3.2446	3.6181	1.2341
v -3.3063	3.6181	1.3832
v -3.2768	3.6181	1.2155
v -3.1726	3.6181	1.0797
v -3.1463	3.6181	1.1060
v -3.0368	3.6181	0.9755
v -3.0182	3.6181	1.0077
v -2.8787	3.6181	0.9101
v -2.8691	3.6181	0.9460
v -2.7090	3.6181	0.9249
v -2.7090	3.6181	0.8877
v -2.5490	3.6181	0.9460
v -2.5394	3.6181	0.9101
v -2.3999	3.6181	1.0077
v -2.3813	3.6181	0.9755
v -2.2718	3.6181	1.1060
v -2.2455	3.6181	1.0797
v -2.1735	3.6181	1.2341
v -2.2455	3.5977	1.0797
v -2.3813	3.5977	0.9755
v -2.5394	3.5977	0.9101
v -2.5263	3.5977	0.8614
v -2.3561	3.5977	0.9319
v -2.5177	3.5977	0.8292
v -2.5177	3.6242	0.8292
v -2.7090	3.6242	0.8040
v -2.9004	3.6242	0.8292
v -3.0787	3.6242	0.9031
v -3.2318	3.6242	1.0206
v -3.3492	3.6242	1.1737
v -3.4231	3.6242	1.3519
v -3.4483	3.6242	1.5433
v -3.4231	3.6242	1.7346
v -3.3492	3.6242	1.9129
v -3.2317	3.6242	2.0660
v -3.0787	3.6242	2.1834
v -2.9004	3.6242	2.2573
v -2.9004	3.5977	2.2573
v -3.0787	3.5977	2.1834
v -3.2317	3.5977	2.0660
v -3.3492	3.5977	1.9129
v -3.3204	3.5977	1.8962
v -3.2082	3.5977	2.0424
v -3.0620	3.5977	2.1546
v -2.8917	3.5977	2.2251
v -2.7090	3.5977	2.2492
v -2.5394	3.5977	2.1765
v -2.3813	3.5977	2.1110
v -2.2455	3.5977	2.0068
v -2.2455	3.6181	2.0068
v -2.1735	3.6181	1.8524
v -2.2718	3.6181	1.9805
v -2.3999	3.6181	2.0788
v -2.5490	3.6181	2.1406
v -2.7090	3.6181	2.1616
v -2.8691	3.6181	2.1406
v -3.0182	3.6181	2.0788
v -3.1463	3.6181	1.9805
v -3.2446	3.6181	1.8524
v -3.1726	3.6181	2.0068
v -3.0368	3.6181	2.1110
v -2.8787	3.6181	2.1765
v -2.7090	3.6181	2.1988
v -2.5394	3.6181	2.1765
v -2.3813	3.6181	2.1110
v -2.7090	3.5977	2.1988
v -2.8787	3.5977	2.1765
v -3.0368	3.5977	2.1110
v -3.1726	3.5977	2.0068
v -3.2768	3.5977	1.8710
v -3.2768	3.6181	1.8710
v -3.3423	3.5977	1.7129
v -3.3423	3.6181	1.7129
v -3.3063	3.6181	1.7033
v -3.3274	3.6181	1.5433
v -3.3423	3.6181	1.3736
v -3.2768	3.5977	1.2155
v -3.3423	3.5977	1.3736
v -3.3204	3.5977	1.1903
v -3.2082	3.5977	1.0441
v -3.1726	3.5977	1.0797
v -3.0620	3.5977	0.9319
v -3.0368	3.5977	0.9755
v -2.8917	3.5977	0.8614
v -2.8787	3.5977	0.9101
v -2.7090	3.5977	0.8877
v -2.7090	3.5977	0.8374
v -2.7090	3.5977	0.8040
v -2.9004	3.5977	0.8292
v -3.0787	3.5977	0.9031
v -3.2318	3.5977	1.0206
v -3.3492	3.5977	1.1737
v -3.4231	3.5977	1.3519
v -3.4483	3.5977	1.5433
v -3.4231	3.5977	1.7346
v -3.3909	3.5977	1.7260
v -3.3646	3.5977	1.5433
v -3.3646	3.6181	1.5433
v -3.3909	3.5977	1.3606
v -3.4149	3.5977	1.5433
v -2.0387	3.5783	1.1563
v -1.9614	3.5783	1.3429
v -2.5432	3.1842	0.9802
v -2.5080	3.1842	0.9918
v -2.5632	3.1842	1.0411
v -2.5281	3.1842	1.0527
v -2.5005	3.1842	1.0280
v -2.5005	3.1424	1.0280
v -2.5281	3.1424	1.0527
v -2.5080	3.1424	0.9918
v -2.5432	3.1424	0.9802
v -2.5632	3.1424	1.0411
v -3.4831	2.5765	1.5433
v -3.4567	2.5765	1.7436
v -3.4567	2.6188	1.7436
v -3.4831	2.6188	1.5433
v -3.3806	2.5765	1.9273
v -3.3806	2.6188	1.9273
v -3.3794	2.5765	1.9303
v -3.3794	2.6188	1.9303
v -3.2564	2.5765	2.0906
v -3.2564	2.6188	2.0906
v -3.0960	2.5765	2.2136
v -3.0960	2.6188	2.2136
v -2.9094	2.5765	2.2909
v -2.9094	2.6188	2.2909
v -2.7090	2.5765	2.3173
v -2.7090	2.6188	2.3173
v -2.5087	2.5765	2.2909
v -2.5087	2.6188	2.2909
v -2.3220	2.5765	2.2136
v -2.3220	2.6188	2.2136
v -2.1617	2.5765	2.0906
v -2.1617	2.6188	2.0906
v -2.0387	2.6188	1.9303
v -2.0387	2.5765	1.9303
v -1.9614	2.6188	1.7436
v -1.9614	2.5765	1.7436
v -1.9350	2.6188	1.5433
v -1.9350	2.5765	1.5433
v -1.9614	2.6188	1.3429
v -1.9614	2.5765	1.3429
v -2.0387	2.6188	1.1563
v -2.0387	2.5765	1.1563
v -2.1617	2.6188	0.9960
v -2.1617	2.5765	0.9960
v -2.3220	2.5765	0.8729
v -2.3220	2.6188	0.8729
v -2.5087	2.5765	0.7956
v -2.5087	2.6188	0.7956
v -2.7090	2.5765	0.7693
v -2.7090	2.6188	0.7693
v -2.9094	2.5765	0.7956
v -2.9094	2.6188	0.7956
v -3.0960	2.5765	0.8729
v -3.0960	2.6188	0.8729
v -3.2564	2.5765	0.9960
v -3.2564	2.6188	0.9960
v -3.3794	2.5765	1.1563
v -3.3794	2.6188	1.1563
v -3.4567	2.5765	1.3429
v -3.4567	2.6188	1.3429
v -2.9633	3.5068	1.5433
v -2.9547	3.5068	1.6091
v -2.9547	3.4836	1.6091
v -2.9633	3.4836	1.5433
v -2.9826	3.5068	1.7012
v -2.9324	3.5068	1.7666
v -2.9293	3.5068	1.6704
v -2.8888	3.5068	1.7231
v -2.8670	3.5068	1.8168
v -2.8362	3.5068	1.7635
v -2.7908	3.5068	1.8484
v -2.7749	3.5068	1.7889
v -2.7090	3.5068	1.8591
v -2.7090	3.5068	1.7975
v -2.6432	3.5068	1.7889
v -2.6273	3.5068	1.8484
v -2.5819	3.5068	1.7635
v -2.5511	3.5068	1.8168
v -2.5292	3.5068	1.7231
v -2.4888	3.5068	1.6704
v -2.4857	3.5068	1.7666
v -2.4634	3.5068	1.6091
v -2.4355	3.5068	1.7012
v -2.4548	3.5068	1.5433
v -2.4355	3.5068	1.3853
v -2.4039	3.5068	1.6250
v -2.4039	3.5068	1.4615
v -2.3932	3.5068	1.5433
v -2.4039	3.1054	1.6250
v -2.3932	3.1054	1.5433
v -2.4355	3.1054	1.7012
v -2.4857	3.1054	1.7666
v -2.5511	3.1054	1.8168
v -2.6273	3.1054	1.8484
v -2.7090	3.1054	1.8591
v -2.7908	3.1054	1.8484
v -2.8670	3.1054	1.8168
v -2.9324	3.1054	1.7666
v -2.9826	3.1054	1.7012
v -3.0141	3.1054	1.6250
v -3.0141	3.5068	1.6250
v -3.0141	3.5068	1.4615
v -2.9826	3.5068	1.3853
v -2.9547	3.5068	1.4774
v -2.9324	3.5068	1.3199
v -2.9293	3.5068	1.4161
v -2.8888	3.5068	1.3635
v -2.8670	3.5068	1.2697
v -2.8362	3.5068	1.3230
v -2.7908	3.5068	1.2382
v -2.7749	3.5068	1.2976
v -2.7090	3.5068	1.2890
v -2.7090	3.5068	1.2274
v -2.6432	3.5068	1.2976
v -2.6273	3.5068	1.2382
v -2.5819	3.5068	1.3230
v -2.5511	3.5068	1.2697
v -2.5292	3.5068	1.3635
v -2.4888	3.5068	1.4161
v -2.4857	3.5068	1.3199
v -2.4634	3.5068	1.4774
v -2.4634	3.4836	1.4774
v -2.4548	3.4836	1.5433
v -2.9293	3.4836	1.4161
v -2.9547	3.4836	1.4774
v -2.9293	3.4836	1.6704
v -2.8888	3.4836	1.7231
v -2.8362	3.4836	1.7635
v -2.7749	3.4836	1.7889
v -2.7090	3.4836	1.7975
v -2.6432	3.4836	1.7889
v -2.5819	3.4836	1.7635
v -2.5292	3.4836	1.7231
v -2.4888	3.4836	1.6704
v -2.4634	3.4836	1.6091
v -2.4888	3.4836	1.4161
v -2.5292	3.4836	1.3635
v -2.5819	3.4836	1.3230
v -2.6432	3.4836	1.2976
v -2.7090	3.4836	1.2890
v -2.7749	3.4836	1.2976
v -2.8362	3.4836	1.3230
v -2.8888	3.4836	1.3635
v -2.4355	3.1054	1.3853
v -2.4857	3.1054	1.3199
v -2.4039	3.1054	1.4615
v -2.5511	3.1054	1.2697
v -2.6273	3.1054	1.2382
v -2.7090	3.1054	1.2274
v -2.7908	3.1054	1.2382
v -2.8670	3.1054	1.2697
v -2.9324	3.1054	1.3199
v -2.9826	3.1054	1.3853
v -3.0141	3.1054	1.4615
v -3.0249	3.1054	1.5433
v -3.0249	3.5068	1.5433
v -1.8462	2.4490	0.6356
v -1.7476	2.4490	1.5189
v -1.6407	2.4490	0.8899
v -1.7867	2.4490	1.2709
v -1.8886	2.4490	1.0415
v -2.1105	2.4490	0.4432
v -2.0464	2.4490	0.8462
v -2.2494	2.4490	0.6985
v -2.4156	2.4490	0.3258
v -2.4837	2.4490	0.6083
v -2.7407	2.4490	0.2914
v -2.7334	2.4490	0.5818
v -2.9814	2.4490	0.6209
v -3.0636	2.4490	0.3422
v -3.2108	2.4490	0.7228
v -3.3624	2.4490	0.4749
v -3.4061	2.4490	0.8806
v -3.6167	2.4490	0.6804
v -3.5538	2.4490	1.0836
v -3.6440	2.4490	1.3179
v -3.8091	2.4490	0.9447
v -3.6705	2.4490	1.5676
v -3.7774	2.4490	2.1966
v -3.9101	2.4490	1.8979
v -3.9265	2.4490	1.2498
v -3.9610	2.4490	1.5749
v -3.6314	2.4490	1.8156
v -3.5719	2.4490	2.4509
v -3.5295	2.4490	2.0450
v -3.3717	2.4490	2.2403
v -3.3076	2.4490	2.6433
v -3.1687	2.4490	2.3880
v -3.0025	2.4490	2.7607
v -2.9344	2.4490	2.4782
v -2.6847	2.4490	2.5047
v -2.6774	2.4490	2.7952
v -2.4367	2.4490	2.4656
v -2.3544	2.4490	2.7443
v -2.2073	2.4490	2.3637
v -2.0557	2.4490	2.6116
v -2.0120	2.4490	2.2059
v -1.8643	2.4490	2.0029
v -1.8014	2.4490	2.4061
v -1.7741	2.4490	1.7686
v -1.6090	2.4490	2.1418
v -1.5080	2.4490	1.1887
v -1.4916	2.4490	1.8367
v -1.4571	2.4490	1.5116
v -1.4916	1.3301	1.8367
v -1.5080	1.3301	1.1887
v -1.4571	1.3301	1.5116
v -1.6090	1.3301	2.1418
v -1.6407	1.3301	0.8899
v -1.8014	1.3301	2.4061
v -1.7476	1.3301	1.5189
v -1.7741	1.3301	1.7686
v -1.8643	1.3301	2.0029
v -2.0557	1.3301	2.6116
v -2.0120	1.3301	2.2059
v -2.2073	1.3301	2.3637
v -2.3544	1.3301	2.7443
v -2.4367	1.3301	2.4656
v -2.6774	1.3301	2.7952
v -2.6847	1.3301	2.5047
v -3.0025	1.3301	2.7607
v -2.9344	1.3301	2.4782
v -3.1687	1.3301	2.3880
v -3.3076	1.3301	2.6433
v -3.3717	1.3301	2.2403
v -3.5719	1.3301	2.4509
v -3.5295	1.3301	2.0450
v -3.6314	1.3301	1.8156
v -3.7774	1.3301	2.1966
v -3.6705	1.3301	1.5676
v -3.8091	1.3301	0.9447
v -3.6440	1.3301	1.3179
v -3.6167	1.3301	0.6804
v -3.5538	1.3301	1.0836
v -3.4061	1.3301	0.8806
v -3.3624	1.3301	0.4749
v -3.2108	1.3301	0.7228
v -3.0636	1.3301	0.3422
v -2.9814	1.3301	0.6209
v -2.7407	1.3301	0.2914
v -2.7334	1.3301	0.5818
v -2.4837	1.3301	0.6083
v -2.4156	1.3301	0.3258
v -2.2494	1.3301	0.6985
v -2.1105	1.3301	0.4432
v -2.0464	1.3301	0.8462
v -1.8886	1.3301	1.0415
v -1.8462	1.3301	0.6356
v -1.7867	1.3301	1.2709
v -3.9101	1.3301	1.8979
v -3.9265	1.3301	1.2498
v -3.9610	1.3301	1.5749
v -2.2494	2.4490	0.6985
v -2.4837	2.4490	0.6083
v -2.5291	2.3957	0.7967
v -2.3420	2.3957	0.8687
v -2.7334	2.4490	0.5818
v -2.7285	2.3957	0.7756
v -2.9814	2.4490	0.6209
v -2.9265	2.3957	0.8067
v -3.2108	2.4490	0.7228
v -3.1097	2.3957	0.8881
v -3.4061	2.4490	0.8806
v -3.2656	2.3957	1.0141
v -3.5538	2.4490	1.0836
v -3.3836	2.3957	1.1762
v -3.6440	2.4490	1.3179
v -3.4556	2.3957	1.3633
v -3.6705	2.4490	1.5676
v -3.4768	2.3957	1.5627
v -3.4456	2.3957	1.7607
v -3.6314	2.4490	1.8156
v -3.3642	2.3957	1.9439
v -3.5295	2.4490	2.0450
v -3.2382	2.3957	2.0998
v -3.3717	2.4490	2.2403
v -3.0761	2.3957	2.2178
v -3.1687	2.4490	2.3880
v -2.8890	2.3957	2.2898
v -2.9344	2.4490	2.4782
v -2.6847	2.4490	2.5047
v -2.6896	2.3957	2.3110
v -2.4916	2.3957	2.2798
v -2.4367	2.4490	2.4656
v -2.2073	2.4490	2.3637
v -2.3084	2.3957	2.1984
v -2.0120	2.4490	2.2059
v -2.1525	2.3957	2.0724
v -1.8643	2.4490	2.0029
v -2.0345	2.3957	1.9103
v -1.7741	2.4490	1.7686
v -1.9625	2.3957	1.7232
v -1.7476	2.4490	1.5189
v -1.9413	2.3957	1.5238
v -1.9725	2.3957	1.3258
v -2.0539	2.3957	1.1426
v -2.0464	2.4490	0.8462
v -2.1799	2.3957	0.9867
v -1.7867	1.3301	1.2709
v -1.9725	1.3835	1.3258
v -2.0539	1.3835	1.1426
v -1.8886	1.3301	1.0415
v -1.7476	1.3301	1.5189
v -1.9413	1.3835	1.5238
v -1.7741	1.3301	1.7686
v -1.9625	1.3835	1.7232
v -1.8643	1.3301	2.0029
v -2.0345	1.3835	1.9103
v -2.0120	1.3301	2.2059
v -2.1525	1.3835	2.0724
v -2.2073	1.3301	2.3637
v -2.3084	1.3835	2.1984
v -2.4367	1.3301	2.4656
v -2.4916	1.3835	2.2798
v -2.6847	1.3301	2.5047
v -2.6896	1.3835	2.3110
v -2.9344	1.3301	2.4782
v -2.8890	1.3835	2.2898
v -3.1687	1.3301	2.3880
v -3.0761	1.3835	2.2178
v -3.3717	1.3301	2.2403
v -3.2382	1.3835	2.0998
v -3.5295	1.3301	2.0450
v -3.3642	1.3835	1.9439
v -3.6314	1.3301	1.8156
v -3.4456	1.3835	1.7607
v -3.6705	1.3301	1.5676
v -3.4768	1.3835	1.5627
v -3.4556	1.3835	1.3633
v -3.6440	1.3301	1.3179
v -3.3836	1.3835	1.1762
v -3.5538	1.3301	1.0836
v -3.2656	1.3835	1.0141
v -3.4061	1.3301	0.8806
v -3.1097	1.3835	0.8881
v -3.2108	1.3301	0.7228
v -2.9265	1.3835	0.8067
v -2.9814	1.3301	0.6209
v -2.7285	1.3835	0.7756
v -2.7334	1.3301	0.5818
v -2.4837	1.3301	0.6083
v -2.5291	1.3835	0.7967
v -2.2494	1.3301	0.6985
v -2.3420	1.3835	0.8687
v -2.0464	1.3301	0.8462
v -2.1799	1.3835	0.9867
v -1.6838	2.3957	2.5179
v -1.8014	2.4490	2.4061
v -2.0557	2.4490	2.6116
v -1.9710	2.3957	2.7500
v -1.4665	2.3957	2.2193
v -1.6090	2.4490	2.1418
v -1.3339	2.3957	1.8747
v -1.4916	2.4490	1.8367
v -1.2950	2.3957	1.5075
v -1.4571	2.4490	1.5116
v -1.3524	2.3957	1.1427
v -1.5080	2.4490	1.1887
v -1.3114	2.3957	0.9148
v -1.2841	2.3957	1.2540
v -1.2096	2.3957	1.1765
v -1.2021	2.3957	1.2450
v -1.2021	2.2270	1.2450
v -1.2841	2.2270	1.2540
v -1.2096	1.9826	1.1765
v -1.2916	1.9826	1.1855
v -1.2783	2.3957	1.3069
v -1.2785	2.2139	1.3051
v -1.3303	2.3957	2.0052
v -1.2659	2.3957	1.6852
v -1.2549	2.3957	2.0384
v -1.2271	2.3957	1.9754
v -1.1844	2.3957	1.6978
v -1.1658	1.9826	1.5771
v -1.1841	2.2139	1.6960
v -1.2271	1.3835	1.9754
v -1.2127	1.3835	1.8815
v -1.2124	1.5653	1.8797
v -1.1941	1.7966	1.7608
v -1.2046	1.5522	1.8289
v -1.2046	1.3835	1.8289
v -1.1658	1.3835	1.5771
v -1.2473	1.9826	1.5646
v -1.2656	2.2139	1.6835
v -1.1763	2.2270	1.6452
v -1.2578	2.2270	1.6326
v -1.1658	2.3957	1.5771
v -1.1763	2.3957	1.6452
v -1.1963	2.3957	1.2979
v -1.2578	2.3957	1.6326
v -1.1965	2.2139	1.2961
v -1.1761	1.3835	1.4826
v -1.1763	1.5653	1.4808
v -1.1894	1.7966	1.3613
v -1.1819	1.5522	1.4297
v -1.1819	1.3835	1.4297
v -1.2096	1.3835	1.1765
v -1.2581	1.3835	1.4916
v -1.2860	1.3835	1.8163
v -1.2860	1.5522	1.8163
v -1.2755	1.7966	1.7482
v -1.2939	1.5653	1.8671
v -1.2941	1.3835	1.8689
v -1.3297	1.3835	2.2085
v -1.2271	1.9826	1.9754
v -1.2756	2.2139	2.0855
v -1.2763	2.3957	2.0871
v -1.3895	2.3957	2.3442
v -1.3895	1.3835	2.3442
v -1.3512	1.3835	2.2572
v -1.3505	1.5653	2.2556
v -1.3020	1.7966	2.1455
v -1.3297	1.5522	2.2085
v -1.3026	1.9826	1.9422
v -1.3510	2.2139	2.0523
v -1.2549	2.2270	2.0384
v -1.3303	2.2270	2.0052
v -1.3518	2.3957	2.0539
v -1.4326	2.3957	2.3979
v -1.4969	2.3957	2.3463
v -1.5302	2.3957	2.3878
v -1.6417	2.3957	2.6584
v -1.6973	2.3957	2.6992
v -1.7460	2.3957	2.6327
v -1.7890	2.3957	2.6642
v -1.9667	2.3957	2.8967
v -2.0309	2.3957	2.9216
v -2.0608	2.3957	2.8448
v -2.3085	2.3957	2.8999
v -2.3544	2.4490	2.7443
v -2.6774	2.4490	2.7952
v -2.6733	2.3957	2.9573
v -3.0025	2.4490	2.7607
v -3.0405	2.3957	2.9184
v -3.3076	2.4490	2.6433
v -3.3851	2.3957	2.7858
v -3.5719	2.4490	2.4509
v -3.6837	2.3957	2.5685
v -3.7774	2.4490	2.1966
v -3.9158	2.3957	2.2813
v -3.9101	2.4490	1.8979
v -4.0657	2.3957	1.9438
v -3.9610	2.4490	1.5749
v -4.1231	2.3957	1.5790
v -3.9265	2.4490	1.2498
v -4.0842	2.3957	1.2118
v -3.8091	2.4490	0.9447
v -3.9516	2.3957	0.8672
v -3.6167	2.4490	0.6804
v -3.7342	2.3957	0.5686
v -3.3624	2.4490	0.4749
v -3.4471	2.3957	0.3365
v -3.0636	2.4490	0.3422
v -3.1096	2.3957	0.1866
v -2.7407	2.4490	0.2914
v -2.7448	2.3957	0.1292
v -2.3776	2.3957	0.1681
v -2.4156	2.4490	0.3258
v -2.5671	2.3957	0.1001
v -2.5545	2.3957	0.0186
v -2.2769	2.3957	0.0613
v -2.2471	2.3957	0.1646
v -2.1984	2.3957	0.1860
v -2.0330	2.3957	0.3007
v -2.1652	2.3957	0.1105
v -1.9081	2.3957	0.2237
v -1.9060	2.3957	0.3311
v -1.8645	2.3957	0.3644
v -1.7344	2.3957	0.5181
v -1.8129	2.3957	0.3001
v -1.6196	2.3957	0.5802
v -1.5939	2.3957	0.4759
v -1.5531	2.3957	0.5315
v -1.5531	2.2270	0.5315
v -1.6196	2.2270	0.5802
v -1.5939	1.9826	0.4759
v -1.6604	1.9826	0.5247
v -1.5882	2.3957	0.6232
v -1.5892	2.2139	0.6217
v -1.5227	2.2139	0.5730
v -1.5217	2.3957	0.5744
v -1.3556	2.3957	0.8009
v -1.3556	1.3835	0.8009
v -1.4118	1.3835	0.7243
v -1.4129	1.5653	0.7228
v -1.4840	1.7966	0.6258
v -1.4433	1.5522	0.6814
v -1.4433	1.3835	0.6814
v -1.5939	1.3835	0.4759
v -1.4075	2.3957	0.8950
v -1.3307	2.3957	0.8651
v -1.3307	2.2270	0.8651
v -1.4075	2.2270	0.8950
v -1.3556	1.9826	0.8009
v -1.4325	1.9826	0.8308
v -1.3882	2.3957	0.9446
v -1.3889	2.2139	0.9429
v -1.3120	2.2139	0.9131
v -1.2440	1.3835	1.0880
v -1.2447	1.5653	1.0863
v -1.2883	1.7966	0.9741
v -1.2633	1.5522	1.0383
v -1.2633	1.3835	1.0383
v -1.2639	1.3835	1.4387
v -1.2639	1.5522	1.4387
v -1.2713	1.7966	1.3702
v -1.2583	1.5653	1.4898
v -1.2950	1.3835	1.5075
v -1.3209	1.3835	1.1178
v -1.3215	1.5653	1.1161
v -1.3651	1.7966	1.0040
v -1.3402	1.3835	1.0682
v -1.3402	1.5522	1.0682
v -1.3524	1.3835	1.1427
v -1.4571	1.3301	1.5116
v -1.5080	1.3301	1.1887
v -1.3339	1.3835	1.8747
v -1.4916	1.3301	1.8367
v -1.4052	1.3835	2.1753
v -1.4052	1.5522	2.1753
v -1.3774	1.7966	2.1123
v -1.4259	1.5653	2.2224
v -1.4266	1.3835	2.2240
v -1.5489	1.3835	2.5428
v -1.3895	1.9826	2.3442
v -1.4648	2.2139	2.4380
v -1.4659	2.3957	2.4394
v -1.6417	1.3835	2.6584
v -1.5822	1.3835	2.5843
v -1.5811	1.5653	2.5829
v -1.5058	1.7966	2.4891
v -1.5489	1.5522	2.5428
v -1.4537	1.9826	2.2926
v -1.5291	2.2139	2.3864
v -1.4326	2.2270	2.3979
v -1.4969	2.2270	2.3463
v -1.6465	1.3835	2.5327
v -1.8472	1.3835	2.8090
v -1.6417	1.9826	2.6584
v -1.7387	2.2139	2.7296
v -1.7402	2.3957	2.7306
v -1.9667	1.9826	2.8967
v -1.9667	1.3835	2.8967
v -1.8901	1.3835	2.8405
v -1.8886	1.5653	2.8394
v -1.7916	1.7966	2.7683
v -1.8472	1.5522	2.8090
v -1.6905	1.9826	2.5920
v -1.7875	2.2139	2.6631
v -1.7460	2.2270	2.6327
v -1.6973	2.2270	2.6992
v -2.0309	2.2270	2.9216
v -2.0608	2.2270	2.8448
v -1.9966	1.9826	2.8199
v -2.1087	2.2139	2.8634
v -2.0788	2.2139	2.9403
v -2.1104	2.3957	2.8641
v -2.3423	2.3957	3.0427
v -2.0805	2.3957	2.9409
v -2.3423	1.9826	3.0427
v -2.3423	1.3835	3.0427
v -2.2537	1.3835	3.0083
v -2.2520	1.5653	3.0076
v -2.1399	1.7966	2.9640
v -2.2041	1.5522	2.9890
v -2.2041	1.3835	2.9890
v -2.4108	2.3957	3.0502
v -2.4108	2.2270	3.0502
v -2.4197	2.3957	2.9682
v -2.4727	2.3957	2.9740
v -2.7429	2.3957	3.0865
v -2.4637	2.3957	3.0560
v -2.4709	2.2139	2.9738
v -2.4619	2.2139	3.0558
v -2.3513	1.9826	2.9607
v -2.4197	2.2270	2.9682
v -2.5426	2.3957	3.0646
v -2.7429	1.9826	3.0865
v -2.7429	1.3835	3.0865
v -2.6484	1.3835	3.0762
v -2.6466	1.5653	3.0760
v -2.5270	1.7966	3.0629
v -2.5955	1.5522	3.0704
v -2.5955	1.3835	3.0704
v -2.4741	1.3835	3.0571
v -2.8110	2.3957	3.0760
v -2.8110	2.2270	3.0760
v -2.7984	2.3957	2.9946
v -2.8510	2.3957	2.9865
v -2.8636	2.3957	3.0679
v -3.1412	2.3957	3.0252
v -3.1710	2.3957	2.9220
v -3.2197	2.3957	2.9005
v -3.2529	2.3957	2.9760
v -3.5100	2.3957	2.8628
v -3.5121	2.3957	2.7554
v -3.5536	2.3957	2.7221
v -3.6052	2.3957	2.7864
v -3.8242	2.3957	2.6106
v -3.7985	2.3957	2.5063
v -3.8299	2.3957	2.4634
v -3.8964	2.3957	2.5121
v -4.0625	2.3957	2.2856
v -4.0106	2.3957	2.1915
v -4.0299	2.3957	2.1419
v -4.1067	2.3957	2.1718
v -4.1340	2.3957	1.8326
v -4.1632	2.3957	1.0481
v -4.0878	2.3957	1.0813
v -4.0663	2.3957	1.0326
v -4.0286	2.3957	0.7423
v -3.9855	2.3957	0.6886
v -3.9212	2.3957	0.7402
v -3.8879	2.3957	0.6987
v -3.7764	2.3957	0.4281
v -3.7208	2.3957	0.3874
v -3.6721	2.3957	0.4538
v -3.6291	2.3957	0.4224
v -3.4514	2.3957	0.1898
v -3.3872	2.3957	0.1649
v -3.3573	2.3957	0.2417
v -3.3077	2.3957	0.2224
v -3.3375	2.3957	0.1456
v -3.0758	2.3957	0.0438
v -3.0073	2.3957	0.0363
v -2.9983	2.3957	0.1183
v -2.9454	2.3957	0.1125
v -2.9544	2.3957	0.0305
v -2.6752	2.3957	0.0000
v -2.6197	2.3957	0.0920
v -2.6877	1.9826	0.0815
v -2.6197	2.2270	0.0920
v -2.5689	2.2139	0.0998
v -2.6752	1.9826	0.0000
v -2.6071	2.2270	0.0105
v -2.6071	2.3957	0.0105
v -2.7697	1.3835	0.0103
v -2.7715	1.5653	0.0105
v -2.8910	1.7966	0.0236
v -2.8226	1.5522	0.0161
v -2.8226	1.3835	0.0161
v -3.0758	1.3835	0.0438
v -3.0758	1.9826	0.0438
v -2.9562	2.2139	0.0307
v -2.6752	1.3835	0.0000
v -2.7607	1.3835	0.0923
v -2.7625	1.5653	0.0925
v -2.7448	1.3835	0.1292
v -2.4360	1.3835	0.1203
v -2.3834	1.3835	0.1284
v -2.3776	1.3835	0.1681
v -2.3708	1.3835	0.0469
v -2.2769	1.3835	0.0613
v -2.0770	1.3835	0.2394
v -2.0330	1.3835	0.3007
v -2.0283	1.3835	0.2609
v -1.9951	1.3835	0.1854
v -1.9081	1.3835	0.2237
v -1.7611	1.3835	0.4474
v -1.7344	1.3835	0.5181
v -1.7196	1.3835	0.4807
v -1.6680	1.3835	0.4165
v -1.5098	1.3835	0.7301
v -1.5023	1.3835	0.8052
v -1.4783	1.3835	0.7730
v -1.6407	1.3301	0.8899
v -1.8462	1.3301	0.6356
v -2.1105	1.3301	0.4432
v -2.4156	1.3301	0.3258
v -2.7407	1.3301	0.2914
v -3.0636	1.3301	0.3422
v -3.1096	1.3835	0.1866
v -3.3624	1.3301	0.4749
v -3.4471	1.3835	0.3365
v -3.6167	1.3301	0.6804
v -3.7342	1.3835	0.5686
v -3.8091	1.3301	0.9447
v -3.9516	1.3835	0.8672
v -3.9265	1.3301	1.2498
v -4.0842	1.3835	1.2118
v -3.9610	1.3301	1.5749
v -4.1231	1.3835	1.5790
v -3.9101	1.3301	1.8979
v -4.0657	1.3835	1.9438
v -3.7774	1.3301	2.1966
v -3.9158	1.3835	2.2813
v -3.5719	1.3301	2.4509
v -3.6837	1.3835	2.5685
v -3.3076	1.3301	2.6433
v -3.3851	1.3835	2.7858
v -3.0025	1.3301	2.7607
v -3.0405	1.3835	2.9184
v -2.6733	1.3835	2.9573
v -2.6774	1.3301	2.7952
v -2.6574	1.3835	2.9942
v -2.6556	1.5653	2.9940
v -2.5360	1.7966	2.9810
v -2.6045	1.5522	2.9885
v -2.6045	1.3835	2.9885
v -2.3085	1.3835	2.8999
v -2.2836	1.3835	2.9314
v -2.2819	1.5653	2.9308
v -2.1698	1.7966	2.8872
v -2.2340	1.5522	2.9121
v -2.2340	1.3835	2.9121
v -1.9710	1.3835	2.7500
v -1.9388	1.3835	2.7740
v -1.8959	1.3835	2.7425
v -1.6838	1.3835	2.5179
v -1.6132	1.3835	2.4912
v -1.4665	1.3835	2.2193
v -1.6090	1.3301	2.1418
v -1.8014	1.3301	2.4061
v -2.0557	1.3301	2.6116
v -2.3544	1.3301	2.7443
v -1.6132	1.5522	2.4912
v -1.5701	1.7966	2.4375
v -1.6454	1.5653	2.5313
v -1.8959	1.5522	2.7425
v -1.8403	1.7966	2.7018
v -1.9374	1.5653	2.7729
v -2.9821	1.3835	2.9663
v -2.9946	1.3835	3.0477
v -2.9821	1.5522	2.9663
v -2.9946	1.5522	3.0477
v -2.9140	1.7966	2.9768
v -3.0329	1.5653	2.9584
v -3.0347	1.3835	2.9582
v -2.9266	1.7966	3.0582
v -2.8618	2.2139	3.0682
v -3.1412	1.9826	3.0252
v -3.1412	1.3835	3.0252
v -3.0472	1.3835	3.0396
v -3.0455	1.5653	3.0399
v -2.8492	2.2139	2.9867
v -2.7303	1.9826	3.0050
v -2.7984	2.2270	2.9946
v -3.2042	2.3957	2.9974
v -3.2042	2.2270	2.9974
v -3.1710	2.2270	2.9220
v -3.1080	1.9826	2.9497
v -3.2181	2.2139	2.9013
v -3.2513	2.2139	2.9767
v -3.5100	1.9826	2.8628
v -3.5100	1.3835	2.8628
v -3.4230	1.3835	2.9011
v -3.4213	1.5653	2.9019
v -3.3112	1.7966	2.9503
v -3.3743	1.5522	2.9226
v -3.3743	1.3835	2.9226
v -3.5637	2.3957	2.8197
v -3.5637	2.2270	2.8197
v -3.5121	2.2270	2.7554
v -3.4584	1.9826	2.7986
v -3.5522	2.2139	2.7233
v -3.6038	2.2139	2.7875
v -3.8242	1.9826	2.6106
v -3.8242	1.3835	2.6106
v -3.7501	1.3835	2.6701
v -3.7487	1.5653	2.6712
v -3.6549	1.7966	2.7465
v -3.7086	1.5522	2.7034
v -3.7086	1.3835	2.7034
v -3.8650	2.3957	2.5550
v -3.8650	2.2270	2.5550
v -3.7985	2.2270	2.5063
v -3.7577	1.9826	2.5618
v -3.8289	2.2139	2.4648
v -3.8953	2.2139	2.5136
v -4.0063	1.3835	2.3622
v -4.0052	1.5653	2.3637
v -3.9341	1.7966	2.4607
v -3.9748	1.5522	2.4052
v -3.9748	1.3835	2.4052
v -4.0625	1.3835	2.2856
v -3.9398	1.3835	2.3135
v -3.9387	1.5653	2.3149
v -3.9083	1.3835	2.3564
v -3.9083	1.5522	2.3564
v -3.8676	1.7966	2.4120
v -3.6985	1.3835	2.6058
v -3.6570	1.3835	2.6391
v -3.3898	1.3835	2.8257
v -3.3411	1.3835	2.8471
v -3.3411	1.5522	2.8471
v -3.2780	1.7966	2.8749
v -3.3881	1.5653	2.8264
v -3.6570	1.5522	2.6391
v -3.6033	1.7966	2.6822
v -3.6971	1.5653	2.6069
v -4.0779	1.3835	2.0183
v -4.1548	1.3835	2.0482
v -4.1741	1.3835	1.9986
v -4.1734	1.5653	2.0003
v -4.1298	1.7966	2.1124
v -4.1548	1.5522	2.0482
v -4.0625	1.9826	2.2856
v -4.1061	2.2139	2.1735
v -4.2085	2.3957	1.9100
v -4.2085	1.3835	1.9100
v -4.0972	1.3835	1.9687
v -4.0966	1.5653	1.9704
v -4.0779	1.5522	2.0183
v -4.0530	1.7966	2.0825
v -4.1239	1.3835	1.2176
v -4.1320	1.3835	1.2702
v -4.1542	1.3835	1.6478
v -4.2362	1.3835	1.6568
v -4.2420	1.3835	1.6039
v -4.2418	1.5653	1.6057
v -4.2287	1.7966	1.7253
v -4.2362	1.5522	1.6568
v -4.2085	1.9826	1.9100
v -4.2216	2.2139	1.7904
v -4.2218	2.3957	1.7886
v -4.2523	2.3957	1.5094
v -4.2523	1.3835	1.5094
v -4.1600	1.3835	1.5949
v -4.1598	1.5653	1.5967
v -4.2135	1.3835	1.2577
v -4.1542	1.5522	1.6478
v -4.1467	1.7966	1.7163
v -4.2135	1.5522	1.2577
v -4.1320	1.5522	1.2702
v -4.2054	1.3835	1.2051
v -4.2057	1.5653	1.2069
v -4.2240	1.7966	1.3258
v -4.2523	1.9826	1.5094
v -4.2340	2.2139	1.3905
v -4.2337	2.3957	1.3887
v -4.1910	2.3957	1.1111
v -4.1910	1.3835	1.1111
v -4.1242	1.5653	1.2194
v -4.0883	1.3835	0.8780
v -4.0129	1.3835	0.9112
v -3.9915	1.3835	0.8625
v -4.0286	1.3835	0.7423
v -3.8692	1.3835	0.5437
v -3.8049	1.3835	0.5953
v -3.7716	1.3835	0.5538
v -3.7764	1.3835	0.4281
v -3.5709	1.3835	0.2775
v -3.5222	1.3835	0.3440
v -3.4793	1.3835	0.3125
v -3.4514	1.3835	0.1898
v -3.2140	1.3835	0.0975
v -3.1841	1.3835	0.1744
v -3.1345	1.3835	0.1551
v -3.1643	1.3835	0.0783
v -2.8136	1.3835	0.0981
v -2.8136	1.5522	0.0981
v -2.8821	1.7966	0.1056
v -3.1660	1.5653	0.0789
v -3.2782	1.7966	0.1225
v -3.2140	1.5522	0.0975
v -3.4514	1.9826	0.1898
v -3.3392	2.2139	0.1462
v -3.1362	1.5653	0.1558
v -3.1841	1.5522	0.1744
v -3.2483	1.7966	0.1993
v -3.5280	1.3835	0.2460
v -3.5295	1.5653	0.2471
v -3.6265	1.7966	0.3182
v -3.5709	1.5522	0.2775
v -3.7764	1.9826	0.4281
v -3.6793	2.2139	0.3570
v -3.6779	2.3957	0.3559
v -3.4807	1.5653	0.3136
v -3.5222	1.5522	0.3440
v -3.5777	1.7966	0.3847
v -3.7276	1.9826	0.4946
v -3.6306	2.2139	0.4234
v -3.7208	2.2270	0.3874
v -3.6721	2.2270	0.4538
v -3.3872	2.2270	0.1649
v -3.3573	2.2270	0.2417
v -3.4215	1.9826	0.2667
v -3.3094	2.2139	0.2231
v -3.0073	2.2270	0.0363
v -2.9983	2.2270	0.1183
v -3.0668	1.9826	0.1258
v -2.9472	2.2139	0.1127
v -3.8359	1.3835	0.5022
v -3.7727	1.5653	0.5552
v -3.8370	1.5653	0.5036
v -3.8049	1.5522	0.5953
v -3.8480	1.7966	0.6490
v -3.8692	1.5522	0.5437
v -3.9123	1.7966	0.5974
v -4.0286	1.9826	0.7423
v -3.9533	2.2139	0.6485
v -3.9522	2.3957	0.6471
v -3.9643	1.9826	0.7939
v -3.8890	2.2139	0.7001
v -3.9855	2.2270	0.6886
v -3.9212	2.2270	0.7402
v -4.0669	1.3835	0.8293
v -3.9922	1.5653	0.8642
v -4.0676	1.5653	0.8310
v -4.0129	1.5522	0.9112
v -4.0406	1.7966	0.9743
v -4.0883	1.5522	0.8780
v -4.1161	1.7966	0.9411
v -4.1910	1.9826	1.1111
v -4.1425	2.2139	1.0010
v -4.1418	2.3957	0.9994
v -4.1155	1.9826	1.1444
v -4.0670	2.2139	1.0343
v -4.1632	2.2270	1.0481
v -4.0878	2.2270	1.0813
v -4.1522	2.3957	1.4013
v -4.1398	2.3957	1.7796
v -4.1396	2.2139	1.7814
v -4.1265	1.9826	1.9010
v -4.1340	2.2270	1.8326
v -4.1603	2.3957	1.4539
v -4.1525	2.2139	1.4031
v -4.1708	1.9826	1.5220
v -4.1603	2.2270	1.4539
v -4.2418	2.2270	1.4413
v -4.2418	2.3957	1.4413
v -4.2160	2.2270	1.8415
v -4.2160	2.3957	1.8415
v -4.1425	1.7966	1.3383
v -3.9856	1.9826	2.2557
v -4.0292	2.2139	2.1436
v -4.0106	2.2270	2.1915
v -4.0874	2.2270	2.2214
v -4.0874	2.3957	2.2214
v -1.4794	1.5653	0.7716
v -1.5505	1.7966	0.6746
v -1.5098	1.5522	0.7301
v -1.6694	1.5653	0.4153
v -1.7632	1.7966	0.3400
v -1.7095	1.5522	0.3831
v -1.7095	1.3835	0.3831
v -1.9081	1.9826	0.2237
v -1.8143	2.2139	0.2990
v -1.7210	1.5653	0.4796
v -1.7611	1.5522	0.4474
v -1.8148	1.7966	0.4043
v -1.9967	1.5653	0.1847
v -2.1068	1.7966	0.1362
v -2.0438	1.5522	0.1640
v -2.0438	1.3835	0.1640
v -2.2769	1.9826	0.0613
v -2.1668	2.2139	0.1098
v -2.0300	1.5653	0.2601
v -2.0770	1.5522	0.2394
v -2.1401	1.7966	0.2117
v -2.3726	1.5653	0.0466
v -2.4915	1.7966	0.0283
v -2.4235	1.5522	0.0388
v -2.4235	1.3835	0.0388
v -2.5563	2.2139	0.0183
v -2.3852	1.5653	0.1281
v -2.4360	1.5522	0.1203
v -2.5041	1.7966	0.1098
v -2.2139	2.3957	0.0891
v -2.2139	2.2270	0.0891
v -2.2471	2.2270	0.1646
v -2.3101	1.9826	0.1368
v -2.2000	2.2139	0.1853
v -1.8544	2.3957	0.2668
v -1.8544	2.2270	0.2668
v -1.9060	2.2270	0.3311
v -1.9597	1.9826	0.2880
v -1.8659	2.2139	0.3633
v -1.5023	2.3957	0.8052
v -1.8462	2.4490	0.6356
v -1.6407	2.4490	0.8899
v -2.1105	2.4490	0.4432
v -2.0387	1.4083	1.1563
v -1.9614	1.4083	1.3429
v -1.9614	1.3660	1.3429
v -2.0387	1.3660	1.1563
v -1.9614	1.4083	1.7436
v -1.9350	1.4083	1.5433
v -1.9614	1.3660	1.7436
v -1.9350	1.3660	1.5433
v -2.0387	1.4083	1.9303
v -2.0387	1.3660	1.9303
v -2.0031	1.4083	1.5433
v -2.0272	1.4083	1.7260
v -2.0977	1.4083	1.8962
v -2.1617	1.4083	2.0906
v -2.2099	1.4083	2.0424
v -2.3220	1.4083	2.2136
v -2.3561	1.4083	2.1546
v -2.5087	1.4083	2.2909
v -2.5263	1.4083	2.2251
v -2.7090	1.4083	2.3173
v -2.7090	1.4083	2.2492
v -2.8917	1.4083	2.2251
v -2.9094	1.4083	2.2909
v -3.0620	1.4083	2.1546
v -3.0960	1.4083	2.2136
v -3.2082	1.4083	2.0424
v -3.2564	1.4083	2.0906
v -3.3204	1.4083	1.8962
v -3.3794	1.4083	1.9303
v -3.3909	1.4083	1.7260
v -3.3806	1.4083	1.9273
v -3.4567	1.4083	1.7436
v -3.4149	1.4083	1.5433
v -3.4567	1.4083	1.3429
v -3.3909	1.4083	1.3606
v -3.3794	1.4083	1.1563
v -3.3204	1.4083	1.1903
v -3.2564	1.4083	0.9960
v -3.2082	1.4083	1.0441
v -3.0960	1.4083	0.8729
v -3.0620	1.4083	0.9319
v -2.9094	1.4083	0.7956
v -2.8917	1.4083	0.8614
v -2.7090	1.4083	0.8374
v -2.7090	1.4083	0.7693
v -2.5263	1.4083	0.8614
v -2.5087	1.4083	0.7956
v -2.3561	1.4083	0.9319
v -2.3220	1.4083	0.8729
v -2.2099	1.4083	1.0441
v -2.1617	1.4083	0.9960
v -2.0977	1.4083	1.1903
v -2.0272	1.4083	1.3606
v -2.1617	1.3660	0.9960
v -2.0977	1.3660	1.1903
v -2.0272	1.3660	1.3606
v -2.0031	1.3660	1.5433
v -2.0272	1.3660	1.7260
v -2.0977	1.3660	1.8962
v -2.1617	1.3660	2.0906
v -2.3220	1.3660	2.2136
v -2.2099	1.3660	2.0424
v -2.2099	1.6429	2.0424
v -2.0977	1.6429	1.8962
v -2.3561	1.3660	2.1546
v -2.3561	1.6429	2.1546
v -2.5263	1.3660	2.2251
v -2.5263	1.6429	2.2251
v -2.7090	1.3660	2.2492
v -2.7090	1.6429	2.2492
v -2.8917	1.3660	2.2251
v -2.8917	1.6429	2.2251
v -3.0620	1.3660	2.1546
v -3.0620	1.6429	2.1546
v -3.2082	1.3660	2.0424
v -3.2082	1.6429	2.0424
v -3.3204	1.6429	1.8962
v -3.3204	1.3660	1.8962
v -3.2243	1.6429	1.8408
v -3.1298	1.6429	1.9640
v -3.0065	1.6429	2.0586
v -2.8630	1.6429	2.1180
v -2.7090	1.6429	2.1383
v -2.5550	1.6429	2.1180
v -2.4115	1.6429	2.0586
v -2.2883	1.6429	1.9640
v -2.1937	1.6429	1.8408
v -2.1343	1.6429	1.6973
v -2.1140	1.6429	1.5433
v -2.0977	1.6429	1.1903
v -2.0272	1.6429	1.3606
v -2.0272	1.6429	1.7260
v -2.0031	1.6429	1.5433
v -2.2099	1.3660	1.0441
v -2.2099	1.6429	1.0441
v -2.3220	1.3660	0.8729
v -2.3561	1.3660	0.9319
v -2.3561	1.6429	0.9319
v -2.2883	1.6429	1.1225
v -2.1938	1.6429	1.2458
v -2.1343	1.6429	1.3893
v -2.1140	1.3660	1.5433
v -2.1343	1.3660	1.3893
v -2.1343	1.3660	1.6973
v -2.1937	1.3660	1.8408
v -2.2883	1.3660	1.9640
v -2.4115	1.3660	2.0586
v -2.5550	1.3660	2.1180
v -2.7090	1.3660	2.1383
v -2.8630	1.3660	2.1180
v -3.0065	1.3660	2.0586
v -3.1298	1.3660	1.9640
v -3.0199	1.3660	1.6264
v -2.9878	1.3660	1.7040
v -2.9366	1.3660	1.7706
v -2.8700	1.3660	1.8217
v -2.7924	1.3660	1.8538
v -2.7090	1.3660	1.8648
v -2.6257	1.3660	1.8538
v -2.5481	1.3660	1.8217
v -2.4814	1.3660	1.7706
v -2.4303	1.3660	1.7040
v -2.3982	1.3660	1.6264
v -2.3872	1.3660	1.5433
v -2.2883	1.3660	1.1225
v -2.1938	1.3660	1.2458
v -2.4115	1.3660	1.0280
v -2.4115	1.6429	1.0280
v -2.5550	1.3660	0.9685
v -2.5550	1.6429	0.9685
v -2.7090	1.3660	0.9482
v -2.7090	1.6429	0.9482
v -2.6257	1.3660	1.2327
v -2.5481	1.3660	1.2649
v -2.4814	1.3660	1.3160
v -2.4303	1.3660	1.3826
v -2.3982	1.3660	1.4601
v -3.0308	1.3660	1.5433
v -3.0199	1.3660	1.4601
v -2.9878	1.3660	1.3826
v -2.9366	1.3660	1.3160
v -2.8700	1.3660	1.2649
v -2.7924	1.3660	1.2327
v -2.7090	1.3660	1.2218
v -3.1298	1.3660	1.1225
v -3.0065	1.3660	1.0280
v -2.8630	1.3660	0.9685
v -2.8630	1.6429	0.9685
v -3.0065	1.6429	1.0280
v -3.1298	1.6429	1.1225
v -3.2243	1.3660	1.2458
v -3.2243	1.6429	1.2458
v -3.2243	1.3660	1.8408
v -3.2838	1.3660	1.6973
v -3.2838	1.6429	1.6973
v -3.2838	1.3660	1.3893
v -3.3041	1.3660	1.5433
v -3.3041	1.6429	1.5433
v -3.3204	1.6429	1.1903
v -3.2838	1.6429	1.3893
v -3.2082	1.6429	1.0441
v -3.0620	1.6429	0.9319
v -2.8917	1.6429	0.8614
v -2.7090	1.6429	0.8374
v -2.5263	1.6429	0.8614
v -2.5263	1.3660	0.8614
v -2.7090	1.3660	0.8374
v -2.8917	1.3660	0.8614
v -3.0620	1.3660	0.9319
v -3.2082	1.3660	1.0441
v -3.3204	1.3660	1.1903
v -3.3909	1.6429	1.3606
v -3.3909	1.3660	1.3606
v -3.3909	1.6429	1.7260
v -3.3909	1.3660	1.7260
v -3.3794	1.3660	1.9303
v -3.2564	1.3660	2.0906
v -3.0960	1.3660	2.2136
v -2.9094	1.3660	2.2909
v -2.7090	1.3660	2.3173
v -2.5087	1.3660	2.2909
v -3.3806	1.3660	1.9273
v -3.4567	1.3660	1.7436
v -3.4831	1.3660	1.5433
v -3.4831	1.4083	1.5433
v -3.4567	1.3660	1.3429
v -3.4149	1.3660	1.5433
v -3.3794	1.3660	1.1563
v -3.2564	1.3660	0.9960
v -3.0960	1.3660	0.8729
v -2.9094	1.3660	0.7956
v -2.7090	1.3660	0.7693
v -2.5087	1.3660	0.7956
v -3.4149	1.6429	1.5433
v -3.4567	2.3678	1.7436
v -3.3806	2.3678	1.9273
v -3.3806	2.5765	1.9273
v -3.4567	2.5765	1.7436
v -3.3794	2.3678	1.9303
v -3.3794	2.5765	1.9303
v -3.2564	2.3678	2.0906
v -3.2564	2.5765	2.0906
v -3.0960	2.3678	2.2136
v -3.0960	2.5765	2.2136
v -2.9094	2.3678	2.2909
v -2.9094	2.5765	2.2909
v -2.7090	2.3678	2.3173
v -2.7090	2.5765	2.3173
v -2.5087	2.3678	2.2909
v -2.5087	2.5765	2.2909
v -2.3220	2.3678	2.2136
v -2.3220	2.5765	2.2136
v -2.1617	2.3678	2.0906
v -2.1617	2.5765	2.0906
v -2.0387	2.5765	1.9303
v -2.0387	2.3678	1.9303
v -1.9614	2.5765	1.7436
v -1.9614	2.3678	1.7436
v -1.9350	2.5765	1.5433
v -1.9350	2.3678	1.5433
v -1.9614	2.5765	1.3429
v -1.9614	2.3678	1.3429
v -2.0387	2.5765	1.1563
v -2.0387	2.3678	1.1563
v -2.1617	2.5765	0.9960
v -2.1617	2.3678	0.9960
v -2.3220	2.3678	0.8729
v -2.3220	2.5765	0.8729
v -2.5087	2.3678	0.7956
v -2.5087	2.5765	0.7956
v -2.7090	2.3678	0.7693
v -2.7090	2.5765	0.7693
v -2.9094	2.3678	0.7956
v -2.9094	2.5765	0.7956
v -3.0960	2.3678	0.8729
v -3.0960	2.5765	0.8729
v -3.2564	2.3678	0.9960
v -3.2564	2.5765	0.9960
v -3.3794	2.3678	1.1563
v -3.3794	2.5765	1.1563
v -3.4567	2.3678	1.3429
v -3.4567	2.5765	1.3429
v -3.4831	2.3678	1.5433
v -3.4831	2.5765	1.5433
v 3.7644	3.1807	0.6985
v 3.5301	3.1807	0.6083
v 3.4847	3.1273	0.7967
v 3.6718	3.1273	0.8687
v 3.2804	3.1807	0.5818
v 3.2853	3.1273	0.7756
v 3.0324	3.1807	0.6209
v 3.0873	3.1273	0.8067
v 2.8030	3.1807	0.7228
v 2.9041	3.1273	0.8881
v 2.6077	3.1807	0.8806
v 2.7481	3.1273	1.0141
v 2.4600	3.1807	1.0836
v 2.6302	3.1273	1.1762
v 2.3698	3.1807	1.3179
v 2.5582	3.1273	1.3633
v 2.3433	3.1807	1.5676
v 2.5370	3.1273	1.5627
v 2.5682	3.1273	1.7607
v 2.3824	3.1807	1.8156
v 2.6496	3.1273	1.9439
v 2.4843	3.1807	2.0450
v 2.7756	3.1273	2.0998
v 2.6421	3.1807	2.2403
v 2.9377	3.1273	2.2178
v 2.8451	3.1807	2.3880
v 3.1248	3.1273	2.2898
v 3.0794	3.1807	2.4782
v 3.3290	3.1807	2.5047
v 3.3241	3.1273	2.3110
v 3.5222	3.1273	2.2798
v 3.5771	3.1807	2.4656
v 3.8065	3.1807	2.3637
v 3.7054	3.1273	2.1984
v 4.0018	3.1807	2.2059
v 3.8613	3.1273	2.0724
v 4.1495	3.1807	2.0029
v 3.9793	3.1273	1.9103
v 4.2397	3.1807	1.7686
v 4.0513	3.1273	1.7232
v 4.2662	3.1807	1.5189
v 4.0724	3.1273	1.5238
v 4.2271	3.1807	1.2709
v 4.0413	3.1273	1.3258
v 4.1252	3.1807	1.0415
v 3.9599	3.1273	1.1426
v 3.9674	3.1807	0.8462
v 3.8339	3.1273	0.9867
v 4.2271	2.0618	1.2709
v 4.0413	2.1152	1.3258
v 3.9599	2.1152	1.1426
v 4.1252	2.0618	1.0415
v 4.2662	2.0618	1.5189
v 4.0724	2.1152	1.5238
v 4.2397	2.0618	1.7686
v 4.0513	2.1152	1.7232
v 4.1495	2.0618	2.0029
v 3.9793	2.1152	1.9103
v 4.0018	2.0618	2.2059
v 3.8613	2.1152	2.0724
v 3.8065	2.0618	2.3637
v 3.7054	2.1152	2.1984
v 3.5771	2.0618	2.4656
v 3.5222	2.1152	2.2798
v 3.3290	2.0618	2.5047
v 3.3241	2.1152	2.3110
v 3.0794	2.0618	2.4782
v 3.1248	2.1152	2.2898
v 2.8451	2.0618	2.3880
v 2.9377	2.1152	2.2178
v 2.6421	2.0618	2.2403
v 2.7756	2.1152	2.0998
v 2.4843	2.0618	2.0450
v 2.6496	2.1152	1.9439
v 2.3824	2.0618	1.8156
v 2.5682	2.1152	1.7607
v 2.3433	2.0618	1.5676
v 2.5370	2.1152	1.5627
v 2.5582	2.1152	1.3633
v 2.3698	2.0618	1.3179
v 2.6302	2.1152	1.1762
v 2.4600	2.0618	1.0836
v 2.7481	2.1152	1.0141
v 2.6077	2.0618	0.8806
v 2.9041	2.1152	0.8881
v 2.8030	2.0618	0.7228
v 3.0873	2.1152	0.8067
v 3.0324	2.0618	0.6209
v 3.2853	2.1152	0.7756
v 3.2804	2.0618	0.5818
v 3.5301	2.0618	0.6083
v 3.4847	2.1152	0.7967
v 3.7644	2.0618	0.6985
v 3.6718	2.1152	0.8687
v 3.9674	2.0618	0.8462
v 3.8339	2.1152	0.9867
v 4.1676	3.1807	0.6356
v 4.2662	3.1807	1.5189
v 4.3731	3.1807	0.8899
v 3.9033	3.1807	0.4432
v 3.9674	3.1807	0.8462
v 3.7644	3.1807	0.6985
v 3.5982	3.1807	0.3258
v 3.5301	3.1807	0.6083
v 3.2731	3.1807	0.2914
v 3.2804	3.1807	0.5818
v 3.0324	3.1807	0.6209
v 2.9501	3.1807	0.3422
v 2.8030	3.1807	0.7228
v 2.6514	3.1807	0.4749
v 2.6077	3.1807	0.8806
v 2.3971	3.1807	0.6804
v 2.4600	3.1807	1.0836
v 2.3698	3.1807	1.3179
v 2.2047	3.1807	0.9447
v 2.3433	3.1807	1.5676
v 2.2364	3.1807	2.1966
v 2.1037	3.1807	1.8979
v 2.0873	3.1807	1.2498
v 2.0528	3.1807	1.5749
v 2.3824	3.1807	1.8156
v 2.4419	3.1807	2.4509
v 2.4843	3.1807	2.0450
v 2.6421	3.1807	2.2403
v 2.7062	3.1807	2.6433
v 2.8451	3.1807	2.3880
v 3.0113	3.1807	2.7607
v 3.0794	3.1807	2.4782
v 3.3290	3.1807	2.5047
v 3.3364	3.1807	2.7952
v 3.5771	3.1807	2.4656
v 3.6593	3.1807	2.7443
v 3.8065	3.1807	2.3637
v 3.9581	3.1807	2.6116
v 4.0018	3.1807	2.2059
v 4.1495	3.1807	2.0029
v 4.2124	3.1807	2.4061
v 4.2397	3.1807	1.7686
v 4.4048	3.1807	2.1418
v 4.5058	3.1807	1.1887
v 4.5222	3.1807	1.8367
v 4.5566	3.1807	1.5116
v 4.5222	2.0618	1.8367
v 4.5058	2.0618	1.1887
v 4.5566	2.0618	1.5116
v 4.4048	2.0618	2.1418
v 4.3731	2.0618	0.8899
v 4.2124	2.0618	2.4061
v 4.2662	2.0618	1.5189
v 4.2397	2.0618	1.7686
v 4.1495	2.0618	2.0029
v 3.9581	2.0618	2.6116
v 4.0018	2.0618	2.2059
v 3.8065	2.0618	2.3637
v 3.6593	2.0618	2.7443
v 3.5771	2.0618	2.4656
v 3.3364	2.0618	2.7952
v 3.3290	2.0618	2.5047
v 3.0113	2.0618	2.7607
v 3.0794	2.0618	2.4782
v 2.8451	2.0618	2.3880
v 2.7062	2.0618	2.6433
v 2.6421	2.0618	2.2403
v 2.4419	2.0618	2.4509
v 2.4843	2.0618	2.0450
v 2.3824	2.0618	1.8156
v 2.2364	2.0618	2.1966
v 2.3433	2.0618	1.5676
v 2.2047	2.0618	0.9447
v 2.3698	2.0618	1.3179
v 2.3971	2.0618	0.6804
v 2.4600	2.0618	1.0836
v 2.6077	2.0618	0.8806
v 2.6514	2.0618	0.4749
v 2.8030	2.0618	0.7228
v 2.9501	2.0618	0.3422
v 3.0324	2.0618	0.6209
v 3.2731	2.0618	0.2914
v 3.2804	2.0618	0.5818
v 3.5301	2.0618	0.6083
v 3.5982	2.0618	0.3258
v 3.7644	2.0618	0.6985
v 3.9033	2.0618	0.4432
v 3.9674	2.0618	0.8462
v 4.1252	2.0618	1.0415
v 4.1676	2.0618	0.6356
v 4.2271	2.0618	1.2709
v 2.1037	2.0618	1.8979
v 2.0873	2.0618	1.2498
v 2.0528	2.0618	1.5749
v 3.7731	2.7053	1.2174
v 3.7344	2.7053	1.2191
v 3.7495	2.7053	1.2003
v 3.7687	2.7053	1.2056
v 3.7698	2.7053	1.1851
v 3.7330	2.7053	1.1888
v 3.7178	2.7053	1.2226
v 3.7394	2.7053	1.2526
v 3.7318	2.7053	1.8991
v 3.7168	2.7053	1.8653
v 3.7686	2.7053	1.9029
v 3.7753	2.7053	1.8392
v 3.7720	2.7053	1.8711
v 3.7358	2.7053	1.8623
v 3.7481	2.7053	1.8508
v 3.7690	2.7053	1.8566
v 3.7569	2.7053	1.8372
v 3.7385	2.7053	1.8353
v 3.7715	2.7053	1.8735
v 3.7590	2.7053	1.8875
v 3.7388	2.7053	1.8821
v 3.8594	2.7053	1.5802
v 3.8273	2.7053	1.5617
v 3.8914	2.7053	1.5617
v 3.8594	2.7053	1.5062
v 3.8273	2.7053	1.5247
v 3.8477	2.7053	1.5280
v 3.8709	2.7053	1.5263
v 3.8757	2.7053	1.5345
v 3.8763	2.7053	1.5530
v 3.8576	2.7053	1.5624
v 3.8402	2.7053	1.5483
v 2.7894	2.0976	1.2458
v 2.7300	2.0976	1.3893
v 2.7300	2.3745	1.3893
v 2.7894	2.3745	1.2458
v 2.7300	2.0976	1.6973
v 2.7894	2.0976	1.8408
v 2.8840	2.0976	1.1225
v 2.8840	2.0976	1.9640
v 2.9829	2.0976	1.5433
v 2.9939	2.0976	1.4601
v 3.0072	2.0976	1.0280
v 3.0260	2.0976	1.3826
v 3.0771	2.0976	1.3160
v 3.1438	2.0976	1.2649
v 3.1507	2.0976	0.9685
v 3.2214	2.0976	1.2327
v 3.3047	2.0976	0.9482
v 3.3047	2.0976	1.2218
v 3.3880	2.0976	1.2327
v 3.4587	2.0976	0.9685
v 3.4657	2.0976	1.2649
v 3.5323	2.0976	1.3160
v 3.5834	2.0976	1.3826
v 3.6022	2.0976	1.0280
v 3.6156	2.0976	1.4601
v 3.6265	2.0976	1.5433
v 3.7255	2.0976	1.1225
v 3.6022	2.3745	1.0280
v 3.7255	2.3745	1.1225
v 3.4587	2.3745	0.9685
v 3.3047	2.3745	0.9482
v 3.1507	2.3745	0.9685
v 3.0072	2.3745	1.0280
v 2.8840	2.3745	1.1225
v 2.8056	2.3745	1.0441
v 2.9518	2.3745	0.9319
v 3.1220	2.3745	0.8614
v 3.3047	2.3745	0.8374
v 3.4874	2.3745	0.8614
v 3.6577	2.3745	0.9319
v 3.8039	2.3745	1.0441
v 3.8200	2.3745	1.2458
v 3.8795	2.3745	1.3893
v 3.9161	2.3745	1.1903
v 3.8997	2.3745	1.5433
v 3.9161	2.3745	1.8962
v 3.9866	2.3745	1.3606
v 3.9866	2.3745	1.7260
v 4.0106	2.3745	1.5433
v 3.9866	2.0976	1.3606
v 4.0106	2.0976	1.5433
v 3.9750	2.0976	1.1563
v 4.0524	2.0976	1.3429
v 3.9750	2.1400	1.1563
v 4.0524	2.1400	1.3429
v 4.0524	2.1400	1.7436
v 4.0787	2.1400	1.5433
v 4.0524	2.0976	1.7436
v 4.0787	2.0976	1.5433
v 3.9750	2.1400	1.9303
v 3.9750	2.0976	1.9303
v 4.0106	2.1400	1.5433
v 3.9866	2.1400	1.7260
v 3.9161	2.1400	1.8962
v 3.8520	2.1400	2.0906
v 3.8039	2.1400	2.0424
v 3.6917	2.1400	2.2136
v 3.6577	2.1400	2.1546
v 3.5051	2.1400	2.2909
v 3.4874	2.1400	2.2251
v 3.3047	2.1400	2.3173
v 3.3047	2.1400	2.2492
v 3.1220	2.1400	2.2251
v 3.1044	2.1400	2.2909
v 2.9518	2.1400	2.1546
v 2.9177	2.1400	2.2136
v 2.8056	2.1400	2.0424
v 2.7574	2.1400	2.0906
v 2.6934	2.1400	1.8962
v 2.6344	2.1400	1.9303
v 2.6229	2.1400	1.7260
v 2.6332	2.1400	1.9273
v 2.5571	2.1400	1.7436
v 2.5988	2.1400	1.5433
v 2.5571	2.1400	1.3429
v 2.6229	2.1400	1.3606
v 2.6344	2.1400	1.1563
v 2.6934	2.1400	1.1903
v 2.7574	2.1400	0.9960
v 2.8056	2.1400	1.0441
v 2.9177	2.1400	0.8729
v 2.9518	2.1400	0.9319
v 3.1044	2.1400	0.7956
v 3.1220	2.1400	0.8614
v 3.3047	2.1400	0.8374
v 3.3047	2.1400	0.7693
v 3.4874	2.1400	0.8614
v 3.5051	2.1400	0.7956
v 3.6577	2.1400	0.9319
v 3.6917	2.1400	0.8729
v 3.8039	2.1400	1.0441
v 3.8520	2.1400	0.9960
v 3.9161	2.1400	1.1903
v 3.9866	2.1400	1.3606
v 3.8520	2.0976	0.9960
v 3.9161	2.0976	1.1903
v 3.8039	2.0976	1.0441
v 3.6917	2.0976	0.8729
v 3.6577	2.0976	0.9319
v 3.4874	2.0976	0.8614
v 3.3047	2.0976	0.8374
v 3.1220	2.0976	0.8614
v 2.9518	2.0976	0.9319
v 2.8056	2.0976	1.0441
v 2.6934	2.3745	1.1903
v 2.6934	2.0976	1.1903
v 2.7097	2.3745	1.5433
v 2.7097	2.0976	1.5433
v 2.7300	2.3745	1.6973
v 2.7894	2.3745	1.8408
v 2.8840	2.3745	1.9640
v 3.0072	2.0976	2.0586
v 3.0072	2.3745	2.0586
v 2.9939	2.0976	1.6264
v 3.0260	2.0976	1.7040
v 3.0771	2.0976	1.7706
v 3.1438	2.0976	1.8217
v 3.1507	2.0976	2.1180
v 3.2214	2.0976	1.8538
v 3.3047	2.0976	1.8648
v 3.3047	2.0976	2.1383
v 3.3881	2.0976	1.8538
v 3.4587	2.0976	2.1180
v 3.4657	2.0976	1.8217
v 3.5323	2.0976	1.7706
v 3.5834	2.0976	1.7040
v 3.6022	2.0976	2.0586
v 3.6156	2.0976	1.6264
v 3.7255	2.0976	1.9640
v 3.8200	2.0976	1.2458
v 3.8200	2.0976	1.8408
v 3.8795	2.0976	1.3893
v 3.8795	2.0976	1.6973
v 3.8997	2.0976	1.5433
v 3.8795	2.3745	1.6973
v 3.8039	2.3745	2.0424
v 3.9161	2.0976	1.8962
v 3.8039	2.0976	2.0424
v 3.8520	2.0976	2.0906
v 3.9866	2.0976	1.7260
v 3.6917	2.0976	2.2136
v 3.6577	2.0976	2.1546
v 3.5051	2.0976	2.2909
v 3.3047	2.0976	2.3173
v 3.1044	2.0976	2.2909
v 2.9177	2.0976	2.2136
v 2.9518	2.0976	2.1546
v 3.1220	2.0976	2.2251
v 3.3047	2.0976	2.2492
v 3.4874	2.0976	2.2251
v 3.4874	2.3745	2.2251
v 3.6577	2.3745	2.1546
v 3.3047	2.3745	2.2492
v 3.1220	2.3745	2.2251
v 2.9518	2.3745	2.1546
v 2.8056	2.0976	2.0424
v 2.8056	2.3745	2.0424
v 2.6934	2.3745	1.8962
v 2.6934	2.0976	1.8962
v 3.1507	2.3745	2.1180
v 3.3047	2.3745	2.1383
v 3.4587	2.3745	2.1180
v 3.6022	2.3745	2.0586
v 3.7255	2.3745	1.9640
v 3.8200	2.3745	1.8408
v 2.6229	2.3745	1.7260
v 2.6229	2.0976	1.7260
v 2.6344	2.0976	1.9303
v 2.7574	2.0976	2.0906
v 2.6332	2.0976	1.9273
v 2.5571	2.0976	1.7436
v 2.5307	2.0976	1.5433
v 2.5307	2.1400	1.5433
v 2.5571	2.0976	1.3429
v 2.5988	2.0976	1.5433
v 2.6229	2.0976	1.3606
v 2.6344	2.0976	1.1563
v 2.7574	2.0976	0.9960
v 2.9177	2.0976	0.8729
v 3.1044	2.0976	0.7956
v 3.3047	2.0976	0.7693
v 3.5051	2.0976	0.7956
v 2.6229	2.3745	1.3606
v 2.5988	2.3745	1.5433
v 4.0188	3.1188	1.3519
v 4.0188	3.1188	1.7346
v 4.0439	3.1188	1.5433
v 4.0106	3.1188	1.5433
v 3.9866	3.1188	1.3606
v 3.9449	3.1188	1.1737
v 4.0188	3.1453	1.3519
v 3.9449	3.1453	1.1737
v 4.0439	3.1453	1.5433
v 4.0188	3.1453	1.7346
v 3.9449	3.1188	1.9129
v 3.9449	3.1453	1.9129
v 3.9866	3.1188	1.7260
v 3.9161	3.1188	1.1903
v 3.8274	3.1188	1.0206
v 3.8274	3.1453	1.0206
v 3.8520	3.1453	0.9960
v 3.9750	3.1453	1.1563
v 4.0524	3.1453	1.3429
v 4.0524	3.1453	1.7436
v 4.0787	3.1453	1.5433
v 4.0524	3.0994	1.7436
v 4.0787	3.0994	1.5433
v 3.9750	3.1453	1.9303
v 3.9750	3.0994	1.9303
v 3.8520	3.1453	2.0906
v 3.8274	3.1453	2.0660
v 3.8274	3.1188	2.0660
v 3.9161	3.1188	1.8962
v 3.9603	3.1188	1.5433
v 3.9379	3.1188	1.7129
v 3.9603	3.1393	1.5433
v 3.9379	3.1393	1.7129
v 3.9379	3.1393	1.3736
v 3.9231	3.1393	1.5433
v 3.9020	3.1393	1.3832
v 3.8725	3.1393	1.2155
v 3.9379	3.1188	1.3736
v 3.8725	3.1188	1.2155
v 3.8039	3.1188	1.0441
v 3.6743	3.1188	0.9031
v 3.6743	3.1453	0.9031
v 3.6917	3.1453	0.8729
v 3.8520	3.0994	0.9960
v 3.6917	3.0994	0.8729
v 3.5051	3.0994	0.7956
v 3.5051	3.1453	0.7956
v 3.3047	3.0994	0.7693
v 3.3047	3.1453	0.7693
v 3.1044	3.0994	0.7956
v 3.1044	3.1453	0.7956
v 2.9177	3.0994	0.8729
v 2.9177	3.1453	0.8729
v 2.7574	3.0994	0.9960
v 2.7574	3.1453	0.9960
v 2.6344	3.0994	1.1563
v 2.6344	3.1453	1.1563
v 2.5571	3.0994	1.3429
v 2.5571	3.1453	1.3429
v 2.5307	3.0994	1.5433
v 2.5307	3.1453	1.5433
v 2.5571	3.0994	1.7436
v 2.5571	3.1453	1.7436
v 2.6332	3.0994	1.9273
v 2.6332	3.1453	1.9273
v 2.6344	3.0994	1.9303
v 2.6344	3.1453	1.9303
v 2.7574	3.0994	2.0906
v 2.7574	3.1453	2.0906
v 2.9177	3.0994	2.2136
v 2.9177	3.1453	2.2136
v 3.1044	3.0994	2.2909
v 3.1044	3.1453	2.2909
v 3.3047	3.0994	2.3173
v 3.3047	3.1453	2.3173
v 3.5051	3.0994	2.2909
v 3.5051	3.1453	2.2909
v 3.6917	3.0994	2.2136
v 3.6917	3.1453	2.2136
v 3.8520	3.0994	2.0906
v 3.6743	3.1453	2.1834
v 3.6743	3.1188	2.1834
v 3.4961	3.1188	2.2573
v 3.4961	3.1453	2.2573
v 3.3047	3.1188	2.2825
v 3.3047	3.1453	2.2825
v 3.4874	3.1188	2.2251
v 3.6577	3.1188	2.1546
v 3.8039	3.1188	2.0424
v 3.8725	3.1188	1.8710
v 3.8725	3.1393	1.8710
v 3.9020	3.1393	1.7033
v 3.9231	2.6653	1.5433
v 3.9020	2.6653	1.7033
v 3.9020	2.6653	1.3832
v 2.7692	2.6653	1.2341
v 2.7074	2.6653	1.3832
v 2.6864	2.6653	1.5433
v 2.7074	2.6653	1.7033
v 2.7692	2.6653	1.8524
v 2.8675	2.6653	1.9805
v 2.9956	2.6653	2.0788
v 3.1447	2.6653	2.1406
v 3.3047	2.6653	2.1616
v 3.4648	2.6653	2.1406
v 3.6139	2.6653	2.0788
v 3.7420	2.6653	1.9805
v 3.8402	2.6653	1.8524
v 3.8402	2.6653	1.2341
v 3.7420	2.6653	1.1060
v 3.6139	2.6653	1.0077
v 3.4648	2.6653	0.9460
v 3.3047	2.6653	0.9249
v 3.1447	2.6653	0.9460
v 2.9956	2.6653	1.0077
v 2.8675	2.6653	1.1060
v 2.7692	3.1393	1.2341
v 2.7074	3.1393	1.3832
v 2.7370	3.1393	1.2155
v 2.8412	3.1393	1.0797
v 2.8675	3.1393	1.1060
v 2.9770	3.1393	0.9755
v 2.9956	3.1393	1.0077
v 3.1351	3.1393	0.9101
v 3.1447	3.1393	0.9460
v 3.3047	3.1393	0.9249
v 3.3047	3.1393	0.8877
v 3.4648	3.1393	0.9460
v 3.4744	3.1393	0.9101
v 3.6139	3.1393	1.0077
v 3.6325	3.1393	0.9755
v 3.7420	3.1393	1.1060
v 3.7683	3.1393	1.0797
v 3.8402	3.1393	1.2341
v 3.7683	3.1188	1.0797
v 3.6325	3.1188	0.9755
v 3.4744	3.1188	0.9101
v 3.4874	3.1188	0.8614
v 3.6577	3.1188	0.9319
v 3.4961	3.1188	0.8292
v 3.4961	3.1453	0.8292
v 3.3047	3.1453	0.8040
v 3.1134	3.1453	0.8292
v 2.9351	3.1453	0.9031
v 2.7820	3.1453	1.0206
v 2.6646	3.1453	1.1737
v 2.5907	3.1453	1.3519
v 2.5655	3.1453	1.5433
v 2.5907	3.1453	1.7346
v 2.6646	3.1453	1.9129
v 2.7820	3.1453	2.0660
v 2.9351	3.1453	2.1834
v 3.1134	3.1453	2.2573
v 3.1134	3.1188	2.2573
v 2.9351	3.1188	2.1834
v 2.7820	3.1188	2.0660
v 2.6646	3.1188	1.9129
v 2.6934	3.1188	1.8962
v 2.8056	3.1188	2.0424
v 2.9518	3.1188	2.1546
v 3.1220	3.1188	2.2251
v 3.3047	3.1188	2.2492
v 3.4744	3.1188	2.1765
v 3.6325	3.1188	2.1110
v 3.7683	3.1188	2.0068
v 3.7683	3.1393	2.0068
v 3.8402	3.1393	1.8524
v 3.7420	3.1393	1.9805
v 3.6139	3.1393	2.0788
v 3.4648	3.1393	2.1406
v 3.3047	3.1393	2.1616
v 3.1447	3.1393	2.1406
v 2.9956	3.1393	2.0788
v 2.8675	3.1393	1.9805
v 2.7692	3.1393	1.8524
v 2.8412	3.1393	2.0068
v 2.9770	3.1393	2.1110
v 3.1351	3.1393	2.1765
v 3.3047	3.1393	2.1988
v 3.4744	3.1393	2.1765
v 3.6325	3.1393	2.1110
v 3.3047	3.1188	2.1988
v 3.1351	3.1188	2.1765
v 2.9770	3.1188	2.1110
v 2.8412	3.1188	2.0068
v 2.7370	3.1188	1.8710
v 2.7370	3.1393	1.8710
v 2.6715	3.1188	1.7129
v 2.6715	3.1393	1.7129
v 2.7074	3.1393	1.7033
v 2.6864	3.1393	1.5433
v 2.6715	3.1393	1.3736
v 2.7370	3.1188	1.2155
v 2.6715	3.1188	1.3736
v 2.6934	3.1188	1.1903
v 2.8056	3.1188	1.0441
v 2.8412	3.1188	1.0797
v 2.9518	3.1188	0.9319
v 2.9770	3.1188	0.9755
v 3.1220	3.1188	0.8614
v 3.1351	3.1188	0.9101
v 3.3047	3.1188	0.8877
v 3.3047	3.1188	0.8374
v 3.3047	3.1188	0.8040
v 3.1134	3.1188	0.8292
v 2.9351	3.1188	0.9031
v 2.7820	3.1188	1.0206
v 2.6646	3.1188	1.1737
v 2.5907	3.1188	1.3519
v 2.5655	3.1188	1.5433
v 2.5907	3.1188	1.7346
v 2.6229	3.1188	1.7260
v 2.6492	3.1188	1.5433
v 2.6492	3.1393	1.5433
v 2.6229	3.1188	1.3606
v 2.5988	3.1188	1.5433
v 3.9750	3.0994	1.1563
v 4.0524	3.0994	1.3429
v 2.2364	2.0618	2.1966
v 2.0980	2.1152	2.2813
v 1.9481	2.1152	1.9438
v 2.1037	2.0618	1.8979
v 2.4419	2.0618	2.4509
v 2.3301	2.1152	2.5685
v 2.7062	2.0618	2.6433
v 2.6287	2.1152	2.7858
v 3.0113	2.0618	2.7607
v 2.9733	2.1152	2.9184
v 3.3405	2.1152	2.9573
v 3.3364	2.0618	2.7952
v 3.2709	2.1152	3.0865
v 3.3564	2.1152	2.9942
v 3.3653	2.1152	3.0762
v 3.3582	2.2970	2.9940
v 3.3672	2.2970	3.0760
v 3.4778	2.5283	2.9810
v 3.4867	2.5283	3.0629
v 3.4093	2.2839	2.9885
v 3.4183	2.2839	3.0704
v 3.4093	2.1152	2.9885
v 3.4183	2.1152	3.0704
v 3.6715	2.1152	3.0427
v 3.7053	2.1152	2.8999
v 3.7302	2.1152	2.9314
v 3.7600	2.1152	3.0083
v 3.7319	2.2970	2.9308
v 3.7617	2.2970	3.0076
v 3.8440	2.5283	2.8872
v 3.8738	2.5283	2.9640
v 3.7798	2.2839	2.9121
v 3.8096	2.2839	2.9890
v 3.7798	2.1152	2.9121
v 3.8096	2.1152	2.9890
v 4.0428	2.1152	2.7500
v 4.0471	2.1152	2.8967
v 4.0750	2.1152	2.7740
v 4.1179	2.1152	2.7425
v 4.3299	2.1152	2.5179
v 4.1666	2.1152	2.8090
v 4.3672	2.1152	2.5327
v 4.3721	2.1152	2.6584
v 4.4315	2.1152	2.5843
v 4.3684	2.2970	2.5313
v 4.4327	2.2970	2.5829
v 4.4006	2.1152	2.4912
v 4.4006	2.2839	2.4912
v 4.4437	2.5283	2.4375
v 4.4649	2.1152	2.5428
v 4.4649	2.2839	2.5428
v 4.6243	2.7142	2.3442
v 4.5490	2.9455	2.4380
v 4.5479	3.1273	2.4394
v 4.3721	3.1273	2.6584
v 4.5080	2.5283	2.4891
v 4.6243	2.1152	2.3442
v 4.5600	2.7142	2.2926
v 4.4847	2.9455	2.3864
v 4.5812	2.9586	2.3979
v 4.5169	2.9586	2.3463
v 4.6243	3.1273	2.3442
v 4.5812	3.1273	2.3979
v 4.5472	3.1273	2.2193
v 4.6620	3.1273	2.0539
v 4.6799	3.1273	1.8747
v 4.6834	3.1273	2.0052
v 4.7188	3.1273	1.5075
v 4.7355	3.1273	1.3069
v 4.7479	3.1273	1.6852
v 4.7589	3.1273	2.0384
v 4.7866	3.1273	1.9754
v 4.8294	3.1273	1.6978
v 4.8480	2.7142	1.5771
v 4.8297	2.9455	1.6960
v 4.7866	2.1152	1.9754
v 4.8011	2.1152	1.8815
v 4.8014	2.2970	1.8797
v 4.8197	2.5283	1.7608
v 4.8092	2.2839	1.8289
v 4.8092	2.1152	1.8289
v 4.8480	2.1152	1.5771
v 4.7665	2.7142	1.5646
v 4.7482	2.9455	1.6835
v 4.8375	2.9586	1.6452
v 4.7560	2.9586	1.6326
v 4.8480	3.1273	1.5771
v 4.8375	3.1273	1.6452
v 4.8175	3.1273	1.2979
v 4.7560	3.1273	1.6326
v 4.8172	2.9455	1.2961
v 4.7353	2.9455	1.3051
v 4.8042	2.7142	1.1765
v 4.7222	2.7142	1.1855
v 4.8117	2.9586	1.2450
v 4.7297	2.9586	1.2540
v 4.8042	3.1273	1.1765
v 4.8117	3.1273	1.2450
v 4.7297	3.1273	1.2540
v 4.7024	3.1273	0.9148
v 4.6582	2.7142	0.8009
v 4.7017	2.9455	0.9131
v 4.8042	2.1152	1.1765
v 4.7697	2.1152	1.0880
v 4.7691	2.2970	1.0863
v 4.7255	2.5283	0.9741
v 4.7504	2.2839	1.0383
v 4.7504	2.1152	1.0383
v 4.6582	2.1152	0.8009
v 4.5813	2.7142	0.8308
v 4.6249	2.9455	0.9429
v 4.6831	2.9586	0.8651
v 4.6063	2.9586	0.8950
v 4.6582	3.1273	0.8009
v 4.6831	3.1273	0.8651
v 4.6063	3.1273	0.8950
v 4.4921	3.1273	0.5744
v 4.4199	2.7142	0.4759
v 4.4910	2.9455	0.5730
v 4.6020	2.1152	0.7243
v 4.6009	2.2970	0.7228
v 4.5298	2.5283	0.6258
v 4.5705	2.2839	0.6814
v 4.5705	2.1152	0.6814
v 4.4199	2.1152	0.4759
v 4.3534	2.7142	0.5247
v 4.4245	2.9455	0.6217
v 4.4606	2.9586	0.5315
v 4.3942	2.9586	0.5802
v 4.4199	3.1273	0.4759
v 4.4606	3.1273	0.5315
v 4.3942	3.1273	0.5802
v 4.2009	3.1273	0.3001
v 4.3458	2.1152	0.4165
v 4.3444	2.2970	0.4153
v 4.2506	2.5283	0.3400
v 4.3043	2.2839	0.3831
v 4.3043	2.1152	0.3831
v 4.1057	2.1152	0.2237
v 4.1057	2.7142	0.2237
v 4.1995	2.9455	0.2990
v 4.2942	2.1152	0.4807
v 4.2928	2.2970	0.4796
v 4.2793	2.1152	0.5181
v 4.5040	2.1152	0.7301
v 4.5115	2.1152	0.8052
v 4.5355	2.1152	0.7730
v 4.6614	2.1152	1.1427
v 4.6736	2.1152	1.0682
v 4.6736	2.2839	1.0682
v 4.6487	2.5283	1.0040
v 4.6922	2.2970	1.1161
v 4.6929	2.1152	1.1178
v 4.7499	2.1152	1.4387
v 4.8319	2.1152	1.4297
v 4.8377	2.1152	1.4826
v 4.8375	2.2970	1.4808
v 4.8244	2.5283	1.3613
v 4.8319	2.2839	1.4297
v 4.7557	2.1152	1.4916
v 4.7277	2.1152	1.8163
v 4.7277	2.2839	1.8163
v 4.7382	2.5283	1.7482
v 4.7199	2.2970	1.8671
v 4.7196	2.1152	1.8689
v 4.6840	2.1152	2.2085
v 4.7866	2.7142	1.9754
v 4.7382	2.9455	2.0855
v 4.7375	3.1273	2.0871
v 4.6626	2.1152	2.2572
v 4.6633	2.2970	2.2556
v 4.7118	2.5283	2.1455
v 4.6840	2.2839	2.2085
v 4.7112	2.7142	1.9422
v 4.6627	2.9455	2.0523
v 4.7589	2.9586	2.0384
v 4.6834	2.9586	2.0052
v 4.5871	2.1152	2.2240
v 4.5472	2.1152	2.2193
v 4.2124	2.0618	2.4061
v 4.4048	2.0618	2.1418
v 3.9581	2.0618	2.6116
v 3.6593	2.0618	2.7443
v 4.6799	2.1152	1.8747
v 4.5222	2.0618	1.8367
v 4.6086	2.1152	2.1753
v 4.7188	2.1152	1.5075
v 4.5566	2.0618	1.5116
v 4.5058	2.0618	1.1887
v 4.3731	2.0618	0.8899
v 4.1676	2.0618	0.6356
v 3.9033	2.0618	0.4432
v 3.9808	2.1152	0.3007
v 3.5982	2.0618	0.3258
v 3.6362	2.1152	0.1681
v 3.2731	2.0618	0.2914
v 3.2690	2.1152	0.1292
v 2.9501	2.0618	0.3422
v 2.9042	2.1152	0.1866
v 2.6514	2.0618	0.4749
v 2.5667	2.1152	0.3365
v 2.3971	2.0618	0.6804
v 2.2795	2.1152	0.5686
v 2.2047	2.0618	0.9447
v 2.0622	2.1152	0.8672
v 2.0873	2.0618	1.2498
v 1.9296	2.1152	1.2118
v 2.0528	2.0618	1.5749
v 1.8906	2.1152	1.5790
v 1.9359	2.1152	2.0183
v 1.9166	2.1152	1.9687
v 1.9359	2.2839	2.0183
v 1.9608	2.5283	2.0825
v 1.9172	2.2970	1.9704
v 1.8590	2.1152	2.0482
v 1.8590	2.2839	2.0482
v 1.8397	2.1152	1.9986
v 1.8404	2.2970	2.0003
v 1.8840	2.5283	2.1124
v 1.9513	2.1152	2.2856
v 1.9513	2.7142	2.2856
v 1.9077	2.9455	2.1735
v 1.9071	3.1273	2.1718
v 1.8053	3.1273	1.9100
v 1.8053	2.1152	1.9100
v 1.8898	2.1152	1.2176
v 1.8817	2.1152	1.2702
v 1.8595	2.1152	1.6478
v 1.7776	2.1152	1.6568
v 1.7718	2.1152	1.6039
v 1.7720	2.2970	1.6057
v 1.7851	2.5283	1.7253
v 1.7776	2.2839	1.6568
v 1.8053	2.7142	1.9100
v 1.7922	2.9455	1.7904
v 1.7920	3.1273	1.7886
v 1.7615	3.1273	1.5094
v 1.7615	2.1152	1.5094
v 1.8538	2.1152	1.5949
v 1.8540	2.2970	1.5967
v 1.8002	2.1152	1.2577
v 1.8595	2.2839	1.6478
v 1.8670	2.5283	1.7163
v 1.8002	2.2839	1.2577
v 1.8817	2.2839	1.2702
v 1.8083	2.1152	1.2051
v 1.8081	2.2970	1.2069
v 1.7898	2.5283	1.3258
v 1.7615	2.7142	1.5094
v 1.7798	2.9455	1.3905
v 1.7801	3.1273	1.3887
v 1.8228	3.1273	1.1111
v 1.8228	2.1152	1.1111
v 1.8895	2.2970	1.2194
v 1.9254	2.1152	0.8780
v 2.0009	2.1152	0.9112
v 2.0223	2.1152	0.8625
v 1.9852	2.1152	0.7423
v 2.1446	2.1152	0.5437
v 2.2089	2.1152	0.5953
v 2.2422	2.1152	0.5538
v 2.2374	2.1152	0.4281
v 2.4428	2.1152	0.2775
v 2.4916	2.1152	0.3440
v 2.5345	2.1152	0.3125
v 2.5624	2.1152	0.1898
v 2.7998	2.1152	0.0975
v 2.8297	2.1152	0.1744
v 2.8793	2.1152	0.1551
v 2.8494	2.1152	0.0783
v 2.9380	2.1152	0.0438
v 3.1912	2.1152	0.0161
v 3.2002	2.1152	0.0981
v 3.2531	2.1152	0.0923
v 3.2441	2.1152	0.0103
v 3.3386	2.1152	0.0000
v 3.5778	2.1152	0.1203
v 3.6304	2.1152	0.1284
v 3.6429	2.1152	0.0469
v 3.7369	2.1152	0.0613
v 3.9368	2.1152	0.2394
v 3.9855	2.1152	0.2609
v 4.0187	2.1152	0.1854
v 4.2527	2.1152	0.4474
v 4.2527	2.2839	0.4474
v 4.1990	2.5283	0.4043
v 4.0170	2.2970	0.1847
v 3.9069	2.5283	0.1362
v 3.9700	2.2839	0.1640
v 3.9700	2.1152	0.1640
v 3.7369	2.7142	0.0613
v 3.8470	2.9455	0.1098
v 3.8486	3.1273	0.1105
v 4.1057	3.1273	0.2237
v 3.9838	2.2970	0.2601
v 3.9368	2.2839	0.2394
v 3.8737	2.5283	0.2117
v 3.6411	2.2970	0.0466
v 3.5222	2.5283	0.0283
v 3.5903	2.2839	0.0388
v 3.5903	2.1152	0.0388
v 3.3386	2.7142	0.0000
v 3.4575	2.9455	0.0183
v 3.4593	3.1273	0.0186
v 3.7369	3.1273	0.0613
v 3.6286	2.2970	0.1281
v 3.5778	2.2839	0.1203
v 3.5097	2.5283	0.1098
v 3.2423	2.2970	0.0105
v 3.1227	2.5283	0.0236
v 3.1912	2.2839	0.0161
v 2.9380	2.7142	0.0438
v 3.0576	2.9455	0.0307
v 3.0594	3.1273	0.0305
v 3.3386	3.1273	0.0000
v 3.2513	2.2970	0.0925
v 3.2002	2.2839	0.0981
v 3.1317	2.5283	0.1056
v 2.8477	2.2970	0.0789
v 2.7356	2.5283	0.1225
v 2.7998	2.2839	0.0975
v 2.5624	2.7142	0.1898
v 2.6745	2.9455	0.1462
v 2.6762	3.1273	0.1456
v 2.9380	3.1273	0.0438
v 2.8776	2.2970	0.1558
v 2.8297	2.2839	0.1744
v 2.7655	2.5283	0.1993
v 2.4858	2.1152	0.2460
v 2.4843	2.2970	0.2471
v 2.3873	2.5283	0.3182
v 2.4428	2.2839	0.2775
v 2.2374	2.7142	0.4281
v 2.3344	2.9455	0.3570
v 2.3359	3.1273	0.3559
v 2.5624	3.1273	0.1898
v 2.5330	2.2970	0.3136
v 2.4916	2.2839	0.3440
v 2.4360	2.5283	0.3847
v 2.2862	2.7142	0.4946
v 2.3832	2.9455	0.4234
v 2.2930	2.9586	0.3874
v 2.3417	2.9586	0.4538
v 2.2930	3.1273	0.3874
v 2.3417	3.1273	0.4538
v 2.2795	3.1273	0.5686
v 2.3846	3.1273	0.4224
v 2.5667	3.1273	0.3365
v 2.6266	3.1273	0.1649
v 2.6565	3.1273	0.2417
v 2.7061	3.1273	0.2224
v 2.9042	3.1273	0.1866
v 2.9501	3.1807	0.3422
v 2.6514	3.1807	0.4749
v 3.2731	3.1807	0.2914
v 3.2690	3.1273	0.1292
v 3.6362	3.1273	0.1681
v 3.5982	3.1807	0.3258
v 3.4467	3.1273	0.1001
v 3.7667	3.1273	0.1645
v 3.8154	3.1273	0.1860
v 3.9808	3.1273	0.3007
v 4.1078	3.1273	0.3311
v 4.1493	3.1273	0.3644
v 4.2793	3.1273	0.5181
v 4.4256	3.1273	0.6232
v 4.5115	3.1273	0.8052
v 4.6256	3.1273	0.9446
v 4.6614	3.1273	1.1427
v 4.5058	3.1807	1.1887
v 4.5566	3.1807	1.5116
v 4.3731	3.1807	0.8899
v 4.1676	3.1807	0.6356
v 3.9033	3.1807	0.4432
v 4.5222	3.1807	1.8367
v 4.4048	3.1807	2.1418
v 4.2124	3.1807	2.4061
v 4.3299	3.1273	2.5179
v 3.9581	3.1807	2.6116
v 4.0428	3.1273	2.7500
v 3.6593	3.1807	2.7443
v 3.7053	3.1273	2.8999
v 3.3364	3.1807	2.7952
v 3.3405	3.1273	2.9573
v 3.0113	3.1807	2.7607
v 2.9733	3.1273	2.9184
v 2.7062	3.1807	2.6433
v 2.6287	3.1273	2.7858
v 2.4419	3.1807	2.4509
v 2.3301	3.1273	2.5685
v 2.2364	3.1807	2.1966
v 2.0980	3.1273	2.2813
v 2.1037	3.1807	1.8979
v 1.9481	3.1273	1.9438
v 2.0528	3.1807	1.5749
v 1.8906	3.1273	1.5790
v 2.0873	3.1807	1.2498
v 1.9296	3.1273	1.2118
v 2.2047	3.1807	0.9447
v 2.0622	3.1273	0.8672
v 2.3971	3.1807	0.6804
v 2.2374	3.1273	0.4281
v 2.1259	3.1273	0.6987
v 2.0616	3.1273	0.6471
v 2.0605	2.9455	0.6485
v 2.1247	2.9455	0.7001
v 1.9852	2.7142	0.7423
v 2.0494	2.7142	0.7939
v 2.0283	2.9586	0.6886
v 2.0926	2.9586	0.7402
v 2.0283	3.1273	0.6886
v 1.9852	3.1273	0.7423
v 2.0926	3.1273	0.7402
v 1.9475	3.1273	1.0326
v 1.8720	3.1273	0.9994
v 1.8713	2.9455	1.0010
v 1.9467	2.9455	1.0343
v 1.8228	2.7142	1.1111
v 1.8983	2.7142	1.1444
v 1.8506	2.9586	1.0481
v 1.9260	2.9586	1.0813
v 1.8506	3.1273	1.0481
v 1.9260	3.1273	1.0813
v 1.8798	3.1273	1.8326
v 1.8740	3.1273	1.7796
v 1.8615	3.1273	1.4013
v 1.8613	2.9455	1.4031
v 1.8430	2.7142	1.5220
v 1.8534	2.9586	1.4539
v 1.8534	3.1273	1.4539
v 1.7720	2.9586	1.4413
v 1.7720	3.1273	1.4413
v 1.8742	2.9455	1.7814
v 1.8872	2.7142	1.9010
v 1.8798	2.9586	1.8326
v 1.7978	2.9586	1.8415
v 1.7978	3.1273	1.8415
v 1.9839	3.1273	2.1419
v 2.0032	3.1273	2.1915
v 1.9513	3.1273	2.2856
v 2.1174	3.1273	2.5121
v 2.1838	3.1273	2.4634
v 2.2153	3.1273	2.5063
v 2.1896	3.1273	2.6106
v 2.4086	3.1273	2.7864
v 2.4602	3.1273	2.7221
v 2.5017	3.1273	2.7554
v 2.5038	3.1273	2.8628
v 2.7608	3.1273	2.9760
v 2.7941	3.1273	2.9005
v 2.8428	3.1273	2.9220
v 2.8726	3.1273	3.0252
v 3.1502	3.1273	3.0679
v 3.1628	3.1273	2.9865
v 3.2154	3.1273	2.9946
v 3.2709	3.1273	3.0865
v 3.5411	3.1273	2.9740
v 3.5501	3.1273	3.0560
v 3.5429	2.9455	2.9738
v 3.5519	2.9455	3.0558
v 3.6625	2.7142	2.9607
v 3.5940	2.9586	2.9682
v 3.5940	3.1273	2.9682
v 3.6715	2.7142	3.0427
v 3.6030	2.9586	3.0502
v 3.4712	3.1273	3.0646
v 3.2709	2.7142	3.0865
v 3.5396	2.1152	3.0571
v 3.2028	3.1273	3.0760
v 3.2028	2.9586	3.0760
v 3.2154	2.9586	2.9946
v 3.2834	2.7142	3.0050
v 3.1645	2.9455	2.9867
v 3.1520	2.9455	3.0682
v 2.8726	2.7142	3.0252
v 2.8726	2.1152	3.0252
v 2.9665	2.1152	3.0396
v 2.9683	2.2970	3.0399
v 3.0872	2.5283	3.0582
v 3.0191	2.2839	3.0477
v 3.0191	2.1152	3.0477
v 2.8096	3.1273	2.9974
v 2.8096	2.9586	2.9974
v 2.8428	2.9586	2.9220
v 2.9058	2.7142	2.9497
v 2.7957	2.9455	2.9013
v 2.7625	2.9455	2.9767
v 2.5038	2.7142	2.8628
v 2.5038	2.1152	2.8628
v 2.5908	2.1152	2.9011
v 2.5924	2.2970	2.9019
v 2.7025	2.5283	2.9503
v 2.6395	2.2839	2.9226
v 2.6395	2.1152	2.9226
v 2.4501	3.1273	2.8197
v 2.4501	2.9586	2.8197
v 2.5017	2.9586	2.7554
v 2.5554	2.7142	2.7986
v 2.4616	2.9455	2.7233
v 2.4100	2.9455	2.7875
v 2.1896	2.7142	2.6106
v 2.1896	2.1152	2.6106
v 2.2636	2.1152	2.6701
v 2.2651	2.2970	2.6712
v 2.3589	2.5283	2.7465
v 2.3052	2.2839	2.7034
v 2.3052	2.1152	2.7034
v 2.1488	3.1273	2.5550
v 2.1488	2.9586	2.5550
v 2.2153	2.9586	2.5063
v 2.2560	2.7142	2.5618
v 2.1849	2.9455	2.4648
v 2.1184	2.9455	2.5136
v 2.0075	2.1152	2.3622
v 2.0086	2.2970	2.3637
v 2.0797	2.5283	2.4607
v 2.0390	2.2839	2.4052
v 2.0390	2.1152	2.4052
v 2.0740	2.1152	2.3135
v 2.0750	2.2970	2.3149
v 2.1054	2.1152	2.3564
v 2.1054	2.2839	2.3564
v 2.1462	2.5283	2.4120
v 2.3153	2.1152	2.6058
v 2.3568	2.1152	2.6391
v 2.6240	2.1152	2.8257
v 2.6727	2.1152	2.8471
v 2.9791	2.1152	2.9582
v 3.0317	2.1152	2.9663
v 3.0317	2.2839	2.9663
v 3.0998	2.5283	2.9768
v 2.9809	2.2970	2.9584
v 2.6727	2.2839	2.8471
v 2.7357	2.5283	2.8749
v 2.6256	2.2970	2.8264
v 2.3568	2.2839	2.6391
v 2.4105	2.5283	2.6822
v 2.3167	2.2970	2.6069
v 4.0471	2.7142	2.8967
v 3.9349	2.9455	2.9403
v 3.9332	3.1273	2.9409
v 3.6715	3.1273	3.0427
v 4.0172	2.7142	2.8198
v 3.9051	2.9455	2.8634
v 3.9530	2.9586	2.8448
v 3.9530	3.1273	2.8448
v 3.9034	3.1273	2.8641
v 3.9829	2.9586	2.9216
v 4.0471	3.1273	2.8967
v 3.9829	3.1273	2.9216
v 4.3721	2.7142	2.6584
v 4.2750	2.9455	2.7296
v 4.2736	3.1273	2.7306
v 4.1237	2.1152	2.8405
v 4.1252	2.2970	2.8394
v 4.2222	2.5283	2.7683
v 4.1666	2.2839	2.8090
v 4.3233	2.7142	2.5920
v 4.2263	2.9455	2.6631
v 4.2678	2.9586	2.6327
v 4.2678	3.1273	2.6327
v 4.2248	3.1273	2.6641
v 4.3165	2.9586	2.6992
v 4.3165	3.1273	2.6992
v 4.4836	3.1273	2.3878
v 4.5169	3.1273	2.3463
v 3.6030	3.1273	3.0502
v 4.0764	2.2970	2.7729
v 4.1734	2.5283	2.7018
v 4.1179	2.2839	2.7425
v 1.9263	3.1273	2.2214
v 2.0032	2.9586	2.1915
v 1.9263	2.9586	2.2214
v 2.0281	2.7142	2.2557
v 1.9846	2.9455	2.1436
v 1.9469	2.1152	0.8293
v 1.9461	2.2970	0.8310
v 1.8977	2.5283	0.9411
v 1.9254	2.2839	0.8780
v 2.0216	2.2970	0.8642
v 2.0009	2.2839	0.9112
v 1.9731	2.5283	0.9743
v 2.1779	2.1152	0.5022
v 2.1768	2.2970	0.5036
v 2.1015	2.5283	0.5974
v 2.1446	2.2839	0.5437
v 2.2411	2.2970	0.5552
v 2.2089	2.2839	0.5953
v 2.1658	2.5283	0.6490
v 4.1479	2.9455	0.3633
v 4.0541	2.7142	0.2880
v 4.1594	2.9586	0.2668
v 4.1078	2.9586	0.3311
v 4.1594	3.1273	0.2668
v 3.8137	2.9455	0.1853
v 3.7036	2.7142	0.1368
v 3.7999	2.9586	0.0891
v 3.7667	2.9586	0.1645
v 3.7999	3.1273	0.0891
v 3.4449	2.9455	0.0998
v 3.3260	2.7142	0.0815
v 3.4067	2.9586	0.0105
v 3.3941	2.9586	0.0920
v 3.4067	3.1273	0.0105
v 3.3941	3.1273	0.0920
v 3.0684	3.1273	0.1125
v 3.0665	2.9455	0.1127
v 2.9470	2.7142	0.1258
v 3.0065	2.9586	0.0363
v 3.0154	2.9586	0.1183
v 3.0065	3.1273	0.0363
v 3.0154	3.1273	0.1183
v 2.7044	2.9455	0.2231
v 2.5923	2.7142	0.2667
v 2.6266	2.9586	0.1649
v 2.6565	2.9586	0.2417
v 1.8712	2.5283	1.3383
v 4.7499	2.2839	1.4387
v 4.7424	2.5283	1.3702
v 4.7555	2.2970	1.4898
v 4.6086	2.2839	2.1753
v 4.6363	2.5283	2.1123
v 4.5879	2.2970	2.2224
v 4.5344	2.2970	0.7716
v 4.4633	2.5283	0.6746
v 4.5040	2.2839	0.7301
v 3.0504	3.0279	1.5433
v 3.0591	3.0279	1.6091
v 3.0591	3.0048	1.6091
v 3.0504	3.0048	1.5433
v 3.0312	3.0279	1.7012
v 3.0814	3.0279	1.7666
v 3.0845	3.0279	1.6704
v 3.1249	3.0279	1.7231
v 3.1468	3.0279	1.8168
v 3.1776	3.0279	1.7635
v 3.2230	3.0279	1.8484
v 3.2389	3.0279	1.7889
v 3.3047	3.0279	1.8591
v 3.3047	3.0279	1.7975
v 3.3705	3.0279	1.7889
v 3.3865	3.0279	1.8484
v 3.4319	3.0279	1.7635
v 3.4627	3.0279	1.8168
v 3.4845	3.0279	1.7231
v 3.5249	3.0279	1.6704
v 3.5281	3.0279	1.7666
v 3.5504	3.0279	1.6091
v 3.5783	3.0279	1.7012
v 3.5590	3.0279	1.5433
v 3.5783	3.0279	1.3853
v 3.6098	3.0279	1.6250
v 3.6098	3.0279	1.4615
v 3.6206	3.0279	1.5433
v 3.6098	2.6266	1.6250
v 3.6206	2.6266	1.5433
v 3.5783	2.6266	1.7012
v 3.5281	2.6266	1.7666
v 3.4627	2.6266	1.8168
v 3.3865	2.6266	1.8484
v 3.3047	2.6266	1.8591
v 3.2230	2.6266	1.8484
v 3.1468	2.6266	1.8168
v 3.0814	2.6266	1.7666
v 3.0312	2.6266	1.7012
v 2.9996	2.6266	1.6250
v 2.9996	3.0279	1.6250
v 2.9996	3.0279	1.4615
v 3.0312	3.0279	1.3853
v 3.0591	3.0279	1.4774
v 3.0814	3.0279	1.3199
v 3.0845	3.0279	1.4161
v 3.1249	3.0279	1.3635
v 3.1468	3.0279	1.2697
v 3.1776	3.0279	1.3230
v 3.2230	3.0279	1.2382
v 3.2389	3.0279	1.2976
v 3.3047	3.0279	1.2890
v 3.3047	3.0279	1.2274
v 3.3705	3.0279	1.2976
v 3.3865	3.0279	1.2382
v 3.4319	3.0279	1.3230
v 3.4627	3.0279	1.2697
v 3.4845	3.0279	1.3635
v 3.5249	3.0279	1.4161
v 3.5281	3.0279	1.3199
v 3.5504	3.0279	1.4774
v 3.5504	3.0048	1.4774
v 3.5590	3.0048	1.5433
v 3.0845	3.0048	1.4161
v 3.0591	3.0048	1.4774
v 3.0845	3.0048	1.6704
v 3.1249	3.0048	1.7231
v 3.1776	3.0048	1.7635
v 3.2389	3.0048	1.7889
v 3.3047	3.0048	1.7975
v 3.3705	3.0048	1.7889
v 3.4319	3.0048	1.7635
v 3.4845	3.0048	1.7231
v 3.5249	3.0048	1.6704
v 3.5504	3.0048	1.6091
v 3.5249	3.0048	1.4161
v 3.4845	3.0048	1.3635
v 3.4319	3.0048	1.3230
v 3.3705	3.0048	1.2976
v 3.3047	3.0048	1.2890
v 3.2389	3.0048	1.2976
v 3.1776	3.0048	1.3230
v 3.1249	3.0048	1.3635
v 3.5783	2.6266	1.3853
v 3.5281	2.6266	1.3199
v 3.6098	2.6266	1.4615
v 3.4627	2.6266	1.2697
v 3.3865	2.6266	1.2382
v 3.3047	2.6266	1.2274
v 3.2230	2.6266	1.2382
v 3.1468	2.6266	1.2697
v 3.0814	2.6266	1.3199
v 3.0312	2.6266	1.3853
v 2.9996	2.6266	1.4615
v 2.9889	2.6266	1.5433
v 2.9889	3.0279	1.5433
v 4.8228	2.9316	3.7730
v 4.7987	2.9316	3.7730
v 4.7987	2.9316	4.4714
v 4.8228	2.9316	4.4714
v 4.7987	2.9176	3.7730
v 4.8228	2.9176	3.7730
v 4.7987	2.9176	4.4714
v 4.8228	2.9176	4.4714
v 3.6280	2.9316	3.7730
v 3.6040	2.9316	3.7730
v 3.6040	2.9316	4.4714
v 3.6280	2.9316	4.4714
v 3.6040	2.9176	3.7730
v 3.6280	2.9176	3.7730
v 3.6040	2.9176	4.4714
v 3.6280	2.9176	4.4714
v 3.6280	-2.9278	3.7730
v 3.6040	-2.9278	3.7730
v 3.6040	-2.9278	4.4714
v 3.6280	-2.9278	4.4714
v 3.6040	-2.9418	3.7730
v 3.6280	-2.9418	3.7730
v 3.6040	-2.9418	4.4714
v 3.6280	-2.9418	4.4714
v 4.8228	-2.9278	3.7730
v 4.7987	-2.9278	3.7730
v 4.7987	-2.9278	4.4714
v 4.8228	-2.9278	4.4714
v 4.7987	-2.9418	3.7730
v 4.8228	-2.9418	3.7730
v 4.7987	-2.9418	4.4714
v 4.8228	-2.9418	4.4714
v 5.4759	-2.1396	3.7730
v 5.4757	-2.1156	3.7730
v 5.4757	-2.1156	4.4714
v 5.4759	-2.1396	4.4714
v 5.4622	-2.1157	3.7730
v 5.4624	-2.1398	3.7730
v 5.4622	-2.1157	4.4714
v 5.4624	-2.1398	4.4714
v 5.4759	-1.1901	3.7730
v 5.4757	-1.1661	3.7730
v 5.4757	-1.1661	4.4714
v 5.4759	-1.1901	4.4714
v 5.4622	-1.1662	3.7730
v 5.4624	-1.1903	3.7730
v 5.4622	-1.1662	4.4714
v 5.4624	-1.1903	4.4714
v 5.4759	-0.2316	3.7730
v 5.4757	-0.2076	3.7730
v 5.4757	-0.2076	4.4714
v 5.4759	-0.2316	4.4714
v 5.4622	-0.2077	3.7730
v 5.4624	-0.2317	3.7730
v 5.4622	-0.2077	4.4714
v 5.4624	-0.2317	4.4714
v 4.2507	1.3512	4.4672
v 4.2465	1.3512	4.4654
v 4.2546	1.3512	4.4696
v 4.2581	1.3512	4.4723
v 4.2611	1.3512	4.4754
v 4.2685	1.3416	4.4956
v 4.2729	1.3378	4.4483
v 4.2704	1.3378	5.1278
v 4.2765	1.3378	5.1242
v 4.2793	1.3378	4.4533
v 4.2820	1.3378	5.1198
v 4.2850	1.3378	4.4591
v 4.2869	1.3378	5.1149
v 4.2898	1.3378	4.4655
v 3.7253	1.3378	5.1146
v 3.7303	1.3378	5.1196
v 3.7359	1.3378	5.1240
v 3.7421	1.3378	5.1277
v 3.7706	1.3378	5.1345
v 4.2422	1.3378	5.1345
v 4.2495	1.3378	5.1341
v 3.6760	1.3416	5.1679
v 3.6760	1.3416	4.2339
v 4.3360	1.3416	4.2339
v 4.3360	1.3416	5.1679
v 4.2495	1.3416	5.1341
v 4.2329	1.3378	4.4362
v 3.7772	1.3378	4.4362
v 3.8307	1.3416	4.4187
v 3.8324	1.3416	4.4179
v 3.8340	1.3416	4.4170
v 3.8355	1.3416	4.4158
v 3.8368	1.3416	4.4145
v 3.8379	1.3416	4.4131
v 3.8387	1.3416	4.4115
v 3.8394	1.3416	4.4099
v 3.8397	1.3416	4.4082
v 3.8399	1.3416	4.4065
v 3.8399	1.3416	4.3794
v 3.8397	1.3416	4.3777
v 3.8394	1.3416	4.3760
v 3.8387	1.3416	4.3744
v 3.8379	1.3416	4.3729
v 3.8368	1.3416	4.3714
v 3.8355	1.3416	4.3701
v 3.8341	1.3416	4.3690
v 3.8325	1.3416	4.3680
v 3.8308	1.3416	4.3673
v 3.8289	1.3416	4.3667
v 3.8270	1.3416	4.3664
v 3.8251	1.3416	4.3663
v 3.7296	1.3416	4.3663
v 3.7251	1.3416	4.3668
v 3.7210	1.3416	4.3683
v 3.7174	1.3416	4.3708
v 3.7147	1.3416	4.3739
v 3.7130	1.3416	4.3776
v 3.7124	1.3416	4.3816
v 3.7124	1.3416	4.4057
v 3.7129	1.3416	4.4093
v 3.7145	1.3416	4.4127
v 3.7170	1.3416	4.4156
v 3.7203	1.3416	4.4178
v 3.7241	1.3416	4.4192
v 3.7282	1.3416	4.4197
v 3.8250	1.3416	4.4197
v 3.8269	1.3416	4.4196
v 3.8288	1.3416	4.4193
v 3.7384	1.3378	4.4479
v 3.7322	1.3378	4.4528
v 3.7267	1.3378	4.4584
v 3.7435	1.3416	4.4938
v 3.7782	1.3416	4.4630
v 4.2319	1.3416	4.4630
v 4.2421	1.3512	4.4641
v 4.2637	1.3512	4.4788
v 4.2658	1.3512	4.4826
v 4.2673	1.3512	4.4865
v 4.2682	1.3512	4.4906
v 4.2685	1.3512	4.4956
v 4.3360	1.3512	5.1679
v 3.6760	1.3512	5.1679
v 4.2490	1.3512	5.1070
v 4.2522	1.3512	5.1060
v 4.2553	1.3512	5.1046
v 4.2582	1.3512	5.1029
v 4.2608	1.3512	5.1009
v 4.2630	1.3512	5.0986
v 4.2650	1.3512	5.0960
v 4.2665	1.3512	5.0933
v 4.2676	1.3512	5.0904
v 4.2683	1.3512	5.0874
v 4.2685	1.3512	5.0834
v 4.2685	1.3416	5.0834
v 4.2412	1.3416	5.1078
v 3.7716	1.3416	5.1078
v 3.7435	1.3416	5.0828
v 3.7435	1.3512	4.4938
v 3.7435	1.3512	5.0828
v 3.7439	1.3512	4.4890
v 3.7448	1.3512	4.4852
v 3.7462	1.3512	4.4815
v 3.7481	1.3512	4.4780
v 3.7505	1.3512	4.4747
v 3.7534	1.3512	4.4718
v 3.7567	1.3512	4.4692
v 3.7604	1.3512	4.4670
v 3.7643	1.3512	4.4653
v 3.7685	1.3512	4.4640
v 3.7728	1.3512	4.4633
v 3.7782	1.3512	4.4630
v 4.2319	1.3512	4.4630
v 4.2376	1.3512	4.4633
v 4.2208	1.3512	4.2956
v 4.3360	1.3512	4.2956
v 4.1712	1.3512	4.3412
v 4.2120	1.3512	4.2896
v 4.2208	1.4056	4.2956
v 4.2120	1.4056	4.2896
v 4.3327	1.3512	4.2956
v 4.3327	1.4056	4.2956
v 4.3327	1.4056	4.1611
v 4.3327	1.3512	4.1611
v 4.1883	1.4056	4.1611
v 4.1782	1.4056	4.1727
v 4.1883	1.3512	4.1611
v 4.1782	1.3512	4.1727
v 3.6760	1.3512	3.8918
v 4.3360	1.3512	4.1611
v 4.3360	1.3512	3.8918
v 4.1530	1.3512	4.3235
v 4.1310	1.3512	4.3416
v 3.8862	1.3512	4.1843
v 3.6760	1.3512	4.1843
v 3.8862	1.3512	4.2463
v 3.8394	1.3512	4.4099
v 3.8387	1.3512	4.4115
v 3.8379	1.3512	4.4131
v 3.8368	1.3512	4.4145
v 3.8355	1.3512	4.4158
v 3.8340	1.3512	4.4170
v 3.8324	1.3512	4.4179
v 3.8307	1.3512	4.4187
v 4.1493	1.3512	4.3593
v 4.1712	1.4210	4.3412
v 4.1493	1.4210	4.3593
v 4.0452	1.4362	4.2194
v 4.1564	1.4362	4.3269
v 4.1530	1.4037	4.3235
v 4.0452	1.4037	4.2194
v 3.8862	1.4362	4.2194
v 3.8862	1.4362	4.2435
v 4.0295	1.4362	4.2435
v 4.1344	1.4362	4.3449
v 3.8862	1.4037	4.2194
v 3.8862	1.4495	4.2187
v 3.8862	1.4003	4.1843
v 3.6813	1.3512	4.1843
v 3.6813	1.3610	4.1843
v 3.6760	1.3610	4.1843
v 3.6760	1.4003	4.1843
v 3.6813	1.3512	4.2464
v 3.6813	1.3610	4.2464
v 3.8862	1.4495	4.2463
v 3.6760	1.4495	4.2464
v 3.6760	1.3610	4.2464
v 3.8862	1.4037	4.2435
v 3.6760	1.4495	4.2187
v 4.0295	1.4037	4.2435
v 4.1310	1.4037	4.3416
v 4.0232	1.4037	4.2374
v 3.8862	1.4037	4.2374
v 3.8288	1.3512	4.4193
v 3.8269	1.3512	4.4196
v 3.8288	1.3550	4.4193
v 3.8269	1.3550	4.4196
v 3.8307	1.3550	4.4187
v 3.8324	1.3550	4.4179
v 3.8340	1.3550	4.4170
v 3.8355	1.3550	4.4158
v 3.8368	1.3550	4.4145
v 3.8379	1.3550	4.4131
v 3.8387	1.3550	4.4115
v 3.8394	1.3550	4.4099
v 3.8397	1.3550	4.4082
v 3.8399	1.3550	4.4065
v 3.8399	1.3550	4.3794
v 3.8399	1.3512	4.4065
v 3.8399	1.3512	4.3794
v 3.8397	1.3512	4.4082
v 3.7124	1.3512	4.3816
v 3.7124	1.3512	4.4057
v 3.7125	1.3512	4.4075
v 3.7129	1.3512	4.4093
v 3.7145	1.3512	4.4127
v 3.7170	1.3512	4.4156
v 3.7203	1.3512	4.4178
v 3.7241	1.3512	4.4192
v 3.7282	1.3512	4.4197
v 3.8250	1.3512	4.4197
v 3.8397	1.3512	4.3777
v 3.8394	1.3512	4.3760
v 3.8387	1.3512	4.3744
v 3.8379	1.3512	4.3729
v 3.8368	1.3512	4.3714
v 3.8355	1.3512	4.3701
v 3.8341	1.3512	4.3690
v 3.8325	1.3512	4.3680
v 3.8308	1.3512	4.3673
v 3.8289	1.3512	4.3667
v 3.8270	1.3512	4.3664
v 3.8251	1.3512	4.3663
v 3.7296	1.3512	4.3663
v 3.7273	1.3512	4.3664
v 3.7251	1.3512	4.3668
v 3.7230	1.3512	4.3674
v 3.7210	1.3512	4.3683
v 3.7191	1.3512	4.3694
v 3.7174	1.3512	4.3708
v 3.7159	1.3512	4.3723
v 3.7147	1.3512	4.3739
v 3.7137	1.3512	4.3757
v 3.7130	1.3512	4.3776
v 3.7125	1.3512	4.3796
v 3.6760	1.3512	4.2464
v 3.7233	1.3550	4.4053
v 3.7237	1.3550	4.4073
v 3.7247	1.3550	4.4087
v 3.7263	1.3550	4.4096
v 3.7282	1.3550	4.4197
v 3.7285	1.3550	4.4100
v 3.8246	1.3550	4.4100
v 3.8250	1.3550	4.4197
v 3.8265	1.3550	4.4097
v 3.8278	1.3550	4.4089
v 3.8286	1.3550	4.4078
v 3.8290	1.3550	4.4061
v 3.8290	1.3550	4.3798
v 3.8286	1.3550	4.3781
v 3.8278	1.3550	4.3770
v 3.8266	1.3550	4.3763
v 3.8247	1.3550	4.3760
v 3.7299	1.3550	4.3760
v 3.7279	1.3550	4.3762
v 3.7258	1.3550	4.3772
v 3.7251	1.3550	4.3777
v 3.7238	1.3550	4.3795
v 3.7233	1.3550	4.3819
v 3.7233	1.3598	4.4053
v 3.7233	1.3598	4.3819
v 3.8290	1.3550	4.3834
v 3.7615	1.3550	4.3834
v 3.7615	1.3550	4.4035
v 3.8290	1.3550	4.4035
v 3.7615	1.3321	4.3834
v 3.8290	1.3321	4.3834
v 3.7615	1.3321	4.4035
v 3.8290	1.3321	4.4035
v 3.7285	1.3321	4.4100
v 3.8246	1.3321	4.4100
v 3.7247	1.3598	4.4087
v 3.7263	1.3598	4.4096
v 3.7285	1.3598	4.4100
v 3.8246	1.3598	4.4100
v 3.8265	1.3598	4.4097
v 3.8278	1.3598	4.4089
v 3.7237	1.3598	4.4073
v 3.8286	1.3598	4.4078
v 3.8290	1.3598	4.4061
v 3.8290	1.3598	4.4035
v 3.7615	1.3598	4.4035
v 3.7615	1.3598	4.3834
v 3.8290	1.3598	4.3834
v 3.8290	1.3598	4.3798
v 3.8286	1.3598	4.3781
v 3.8278	1.3598	4.3770
v 3.8266	1.3598	4.3763
v 3.8247	1.3598	4.3760
v 3.7299	1.3598	4.3760
v 3.7272	1.3598	4.3764
v 3.7251	1.3598	4.3777
v 3.7238	1.3598	4.3795
v 3.7299	1.3321	4.3760
v 3.8247	1.3321	4.3760
v 3.7438	1.3512	5.0868
v 3.7445	1.3512	5.0899
v 3.7457	1.3512	5.0929
v 3.7472	1.3512	5.0957
v 3.7492	1.3512	5.0983
v 3.7515	1.3512	5.1007
v 3.7542	1.3512	5.1028
v 3.7571	1.3512	5.1045
v 3.7603	1.3512	5.1059
v 3.7636	1.3512	5.1069
v 3.7671	1.3512	5.1075
v 3.7716	1.3512	5.1078
v 4.2412	1.3512	5.1078
v 4.2456	1.3512	5.1076
v 3.6760	1.3416	4.1337
v 4.3360	1.3416	4.1337
v 3.6760	1.3416	3.8918
v 4.3360	1.3416	3.8918
v 4.4065	2.5436	5.0356
v 4.3597	2.5151	5.1583
v 4.2356	2.7566	5.1583
v 4.2824	2.7851	5.0356
v 4.4103	2.5459	5.1836
v 4.4571	2.5744	5.0609
v 4.2862	2.7874	5.1836
v 4.3330	2.8158	5.0609
v 3.7423	1.3477	5.0951
v 3.7416	1.3477	5.0921
v 3.7413	1.3477	5.0882
v 3.7413	1.3477	4.5197
v 3.7416	1.3477	4.5151
v 3.7425	1.3477	4.5114
v 3.7439	1.3477	4.5078
v 3.7459	1.3477	4.5044
v 3.7483	1.3477	4.5013
v 3.7512	1.3477	4.4984
v 3.7545	1.3477	4.4959
v 3.7581	1.3477	4.4938
v 3.7621	1.3477	4.4922
v 3.7662	1.3477	4.4909
v 3.7706	1.3477	4.4902
v 3.7759	1.3477	4.4899
v 4.2297	1.3477	4.4899
v 4.2353	1.3477	4.4902
v 4.2399	1.3477	4.4910
v 4.2443	1.3477	4.4923
v 4.2485	1.3477	4.4941
v 4.2523	1.3477	4.4963
v 4.2558	1.3477	4.4989
v 4.2589	1.3477	4.5019
v 4.2615	1.3477	4.5053
v 4.2635	1.3477	4.5088
v 4.2650	1.3477	4.5126
v 4.2659	1.3477	4.5165
v 4.2663	1.3477	4.5214
v 4.2663	1.3477	5.0888
v 4.2660	1.3477	5.0926
v 4.2653	1.3477	5.0955
v 4.2642	1.3477	5.0983
v 4.2627	1.3477	5.1010
v 4.2608	1.3477	5.1034
v 4.2585	1.3477	5.1057
v 4.2559	1.3477	5.1076
v 4.2531	1.3477	5.1093
v 4.2500	1.3477	5.1106
v 4.2467	1.3477	5.1115
v 4.2433	1.3477	5.1121
v 4.2389	1.3477	5.1123
v 3.7693	1.3477	5.1123
v 3.7648	1.3477	5.1121
v 3.7614	1.3477	5.1115
v 3.7580	1.3477	5.1105
v 3.7549	1.3477	5.1092
v 3.7519	1.3477	5.1075
v 3.7493	1.3477	5.1055
v 3.7469	1.3477	5.1032
v 3.7450	1.3477	5.1007
v 3.7434	1.3477	5.0980
v 3.7423	1.3524	5.0951
v 3.7416	1.3524	5.0921
v 3.7434	1.3524	5.0980
v 3.7450	1.3524	5.1007
v 3.7469	1.3524	5.1032
v 3.7493	1.3524	5.1055
v 3.7519	1.3524	5.1075
v 3.7549	1.3524	5.1092
v 3.7580	1.3524	5.1105
v 3.7614	1.3524	5.1115
v 3.7648	1.3524	5.1121
v 3.7693	1.3524	5.1123
v 3.7416	1.3524	4.5151
v 3.7413	1.3524	4.5197
v 3.7413	1.3524	5.0882
v 4.2389	1.3524	5.1123
v 4.2433	1.3524	5.1121
v 4.2467	1.3524	5.1115
v 4.2500	1.3524	5.1106
v 4.2531	1.3524	5.1093
v 4.2559	1.3524	5.1076
v 4.2585	1.3524	5.1057
v 4.2608	1.3524	5.1034
v 4.2627	1.3524	5.1010
v 4.2642	1.3524	5.0983
v 4.2653	1.3524	5.0955
v 4.2660	1.3524	5.0926
v 4.2663	1.3524	5.0888
v 4.2663	1.3524	4.5214
v 4.2659	1.3524	4.5165
v 4.2650	1.3524	4.5126
v 4.2635	1.3524	4.5088
v 4.2615	1.3524	4.5053
v 4.2589	1.3524	4.5019
v 4.2558	1.3524	4.4989
v 4.2523	1.3524	4.4963
v 4.2485	1.3524	4.4941
v 4.2443	1.3524	4.4923
v 4.2399	1.3524	4.4910
v 4.2353	1.3524	4.4902
v 4.2297	1.3524	4.4899
v 3.7759	1.3524	4.4899
v 3.7706	1.3524	4.4902
v 3.7662	1.3524	4.4909
v 3.7621	1.3524	4.4922
v 3.7581	1.3524	4.4938
v 3.7545	1.3524	4.4959
v 3.7512	1.3524	4.4984
v 3.7483	1.3524	4.5013
v 3.7459	1.3524	4.5044
v 3.7439	1.3524	4.5078
v 3.7425	1.3524	4.5114
v 4.6450	2.2334	4.4062
v 4.6450	2.0986	4.4062
v 4.6771	2.0986	4.4440
v 4.6771	2.2334	4.4440
v 4.6199	1.9571	4.3767
v 4.6744	1.9571	4.4409
v 4.6744	2.0777	4.4409
v 4.6199	2.0777	4.3767
v 4.6170	2.2555	4.3733
v 4.6745	2.2555	4.4410
v 4.6745	2.4993	4.4410
v 4.6170	2.4993	4.3733
v 4.6129	2.2334	4.3685
v 4.6129	2.0986	4.3685
v 4.6450	2.0986	4.4062
v 4.6450	2.2334	4.4062
v 4.5726	2.2517	4.3210
v 4.5588	2.0830	4.3047
v 4.5588	2.2714	4.3047
v 4.5566	1.9258	4.3022
v 4.5668	1.9480	4.3142
v 4.6828	1.9258	4.4508
v 4.6771	2.5033	4.4440
v 4.6828	2.6389	4.4508
v 4.6144	2.5033	4.3703
v 4.5844	2.6389	4.3348
v 4.6063	2.2883	4.3606
v 4.5844	2.2883	4.3348
v 3.6268	1.5043	4.7753
v 3.6268	1.9587	4.7753
v 3.5419	1.9587	4.7753
v 3.5419	1.5043	4.7753
v 3.6791	1.9587	4.3248
v 3.6791	1.5043	4.3248
v 3.6876	1.5043	4.2516
v 3.6972	1.5043	4.1689
v 3.6972	1.9587	4.1689
v 3.6876	1.9587	4.2516
v 3.5419	1.9587	4.3248
v 3.9231	1.9587	4.3248
v 3.9231	2.0142	4.3248
v 3.5419	2.0142	4.3248
v 4.0050	1.9587	4.2882
v 4.0050	2.0142	4.2882
v 4.0050	2.0142	4.2516
v 4.0050	1.9587	4.2516
v 3.5419	2.0142	4.2516
v 3.5419	1.9587	4.2516
v 3.5419	1.5043	4.3248
v 3.5419	1.9587	4.0311
v 3.5419	1.5043	4.0311
v 3.5419	1.5043	4.2516
v 4.1330	1.5043	4.0311
v 4.1330	1.5043	4.1976
v 4.0644	1.5043	4.2342
v 4.0050	1.5043	4.2516
v 3.9231	1.5043	4.3248
v 4.0050	1.5043	4.2882
v 4.0050	1.4488	4.2882
v 3.9231	1.4488	4.3248
v 4.0050	1.4488	4.2516
v 3.5419	1.4488	4.3248
v 3.5419	1.4488	4.2516
v 3.6339	1.5963	4.0311
v 3.6339	1.8667	4.0311
v 4.0410	1.8667	4.0311
v 4.1330	1.9587	4.0311
v 4.0410	1.5963	4.0311
v 3.6339	1.5963	3.8510
v 4.0410	1.5963	3.8510
v 3.6339	1.8667	3.8510
v 4.0410	1.8667	3.8510
v 4.1330	1.9587	4.1976
v 4.0644	1.9587	4.2342
v 3.6268	2.1538	4.7753
v 3.6268	2.6082	4.7753
v 3.5419	2.6082	4.7753
v 3.5419	2.1538	4.7753
v 3.6791	2.6082	4.3248
v 3.6791	2.1538	4.3248
v 3.6876	2.1538	4.2516
v 3.6972	2.1538	4.1689
v 3.6972	2.6082	4.1689
v 3.6876	2.6082	4.2516
v 3.5419	2.6082	4.3248
v 3.9231	2.6082	4.3248
v 3.9231	2.6637	4.3248
v 3.5419	2.6637	4.3248
v 4.0050	2.6082	4.2882
v 4.0050	2.6637	4.2882
v 4.0050	2.6637	4.2516
v 4.0050	2.6082	4.2516
v 3.5419	2.6637	4.2516
v 3.5419	2.6082	4.2516
v 3.5419	2.1538	4.3248
v 3.5419	2.6082	4.0311
v 3.5419	2.1538	4.0311
v 3.5419	2.1538	4.2516
v 4.1330	2.1538	4.0311
v 4.1330	2.1538	4.1976
v 4.0644	2.1538	4.2342
v 4.0050	2.1538	4.2516
v 3.9231	2.1538	4.3248
v 4.0050	2.1538	4.2882
v 4.0050	2.0983	4.2882
v 3.9231	2.0983	4.3248
v 4.0050	2.0983	4.2516
v 3.5419	2.0983	4.3248
v 3.5419	2.0983	4.2516
v 3.6339	2.2458	4.0311
v 3.6339	2.5162	4.0311
v 4.0410	2.5162	4.0311
v 4.1330	2.6082	4.0311
v 4.0410	2.2458	4.0311
v 3.6339	2.2458	3.8510
v 4.0410	2.2458	3.8510
v 3.6339	2.5162	3.8510
v 4.0410	2.5162	3.8510
v 4.1330	2.6082	4.1976
v 4.0644	2.6082	4.2342
v 4.3360	1.3512	4.1789
v 4.3360	1.3512	4.3225
v 4.3360	1.4056	4.3225
v 4.3360	1.4056	4.1789
v 4.3824	1.3512	4.3225
v 4.3824	1.4056	4.3225
v 4.5001	1.3512	4.4339
v 4.5001	1.4056	4.4339
v 4.6656	1.3512	4.4339
v 4.6656	1.4056	4.4339
v 4.6679	1.3512	4.4321
v 4.6679	1.8972	4.4321
v 4.6656	1.8972	4.4339
v 4.7227	1.3512	4.4294
v 4.7227	1.8972	4.4294
v 4.7227	2.8117	4.4321
v 4.7203	2.6727	4.4450
v 4.7203	1.9057	4.4411
v 4.7170	1.9177	4.4574
v 4.7202	2.6844	4.4446
v 4.7187	2.7180	4.4499
v 4.7178	2.7281	4.4538
v 4.7170	2.8117	4.4574
v 4.6943	2.8117	4.4632
v 4.6943	1.9177	4.4632
v 4.8790	2.8117	3.8510
v 4.8826	2.8117	3.8510
v 4.8938	2.8212	3.8510
v 4.8938	2.8212	4.2566
v 4.7428	2.8212	4.4053
v 4.5839	2.8212	5.1890
v 4.5726	2.8117	5.1890
v 4.4922	2.8117	5.2742
v 4.5691	2.8117	5.1868
v 4.6679	2.8117	4.4321
v 4.5521	2.8117	4.2957
v 4.5521	2.8117	4.2772
v 4.5763	2.8117	4.2566
v 4.8766	2.8117	4.2566
v 4.8790	2.8117	4.2542
v 4.8790	2.8117	4.2566
v 4.8790	2.8117	4.1498
v 4.7428	1.3416	4.4053
v 4.5839	1.3416	5.1890
v 4.7229	1.4371	4.5037
v 4.7265	1.4441	4.4857
v 4.7290	1.4630	4.4732
v 4.7300	1.4902	4.4685
v 4.7300	2.6715	4.4685
v 4.7290	2.6992	4.4733
v 4.7264	2.7186	4.4861
v 4.7227	2.7258	4.5044
v 4.6027	1.4376	5.0962
v 4.7081	1.4371	4.5015
v 4.7117	1.4441	4.4835
v 4.7143	1.4630	4.4710
v 4.7152	1.4902	4.4663
v 4.7152	2.6715	4.4663
v 4.7142	2.6992	4.4711
v 4.7116	2.7186	4.4839
v 4.7079	2.7258	4.5023
v 4.6046	2.7258	5.0871
v 4.5898	2.7258	5.0849
v 4.6005	2.7180	5.1068
v 4.5977	2.6971	5.1207
v 4.5967	2.6673	5.1258
v 4.5967	1.4897	5.1258
v 4.5972	1.4688	5.1232
v 4.5994	1.4478	5.1124
v 4.5879	1.4376	5.0940
v 4.5723	1.3512	5.1708
v 4.5723	2.8117	5.1708
v 4.5858	2.7180	5.1047
v 4.5830	2.6971	5.1185
v 4.5819	2.6673	5.1236
v 4.5819	1.4897	5.1236
v 4.5825	1.4688	5.1210
v 4.5846	1.4478	5.1103
v 4.5691	1.3512	5.1868
v 3.4159	1.3512	5.1708
v 3.4741	1.3512	5.2742
v 4.4922	1.3512	5.2742
v 4.3360	1.3512	5.1679
v 4.6580	1.4056	4.4250
v 4.4530	1.4056	4.1789
v 4.6603	1.4056	4.4232
v 4.4530	1.3512	4.1789
v 4.5521	1.3512	4.2957
v 4.5521	1.4056	4.2957
v 3.0368	1.3512	4.4339
v 4.5521	1.3512	4.2772
v 4.6589	1.3512	4.1865
v 4.7227	1.3512	4.1498
v 4.8790	1.3512	4.1498
v 4.8790	1.3512	3.8510
v 4.7404	1.3512	3.8510
v 4.7404	1.3512	3.8603
v 2.9551	1.3512	3.8603
v 2.9551	1.3512	3.8510
v 2.9438	1.3512	3.8510
v 2.9438	1.3416	4.2566
v 3.0511	2.8117	4.4650
v 3.6760	1.3512	5.1679
v 2.9551	2.8117	4.2566
v 2.9551	1.3512	4.2566
v 2.9551	2.8117	3.8603
v 2.9551	2.8117	3.8510
v 3.4139	2.8117	5.1890
v 3.4159	2.8117	5.1708
v 3.4252	2.8117	5.1890
v 3.4741	2.8117	5.2742
v 4.4922	2.5896	5.2742
v 4.3586	2.5896	5.2742
v 4.3586	2.0120	5.2742
v 4.3531	2.0021	5.2742
v 4.3084	1.9837	5.2742
v 4.3034	1.9747	5.2742
v 4.3034	1.5510	5.2742
v 4.4922	1.5510	5.2742
v 4.8938	1.3416	3.8510
v 4.8826	1.3512	3.8510
v 4.8790	1.3512	4.2566
v 4.8790	1.3512	4.2542
v 4.8766	1.3512	4.2566
v 4.7280	1.3512	4.4029
v 4.8938	1.3416	4.2566
v 4.8826	1.4172	3.8510
v 4.8790	1.4172	3.8510
v 4.8826	1.3512	4.2566
v 4.8826	2.8117	4.2566
v 4.8790	2.8117	3.8603
v 4.8790	1.4172	3.8603
v 4.7404	1.4172	3.8510
v 4.7404	1.4172	3.8603
v 4.8790	1.3512	3.8603
v 4.8750	2.2938	4.1498
v 4.7227	1.3756	4.1498
v 4.6589	1.3756	4.1865
v 4.6589	2.8117	4.1865
v 4.6589	1.9749	4.1865
v 4.4530	2.8117	4.1789
v 4.7227	2.8117	4.1498
v 4.8750	2.4615	4.1498
v 4.8750	2.4615	4.0482
v 4.8750	2.2938	4.0482
v 4.4101	2.4615	4.3148
v 4.4846	2.4615	4.4026
v 4.5805	2.4615	4.3291
v 4.5521	2.4615	4.2957
v 4.7425	2.4615	4.1498
v 4.8750	2.4615	3.9585
v 4.4092	2.4541	4.3226
v 4.4764	2.4541	4.4017
v 4.4101	2.2938	4.3148
v 4.4092	2.3012	4.3226
v 4.4764	2.3012	4.4017
v 4.4846	2.2938	4.4026
v 4.4217	2.3605	4.3374
v 4.4217	2.3948	4.3374
v 4.4394	2.4119	4.3582
v 4.3590	2.3948	4.3906
v 4.3766	2.4119	4.4114
v 4.3590	2.3605	4.3906
v 4.3766	2.3434	4.4114
v 4.3943	2.3605	4.4322
v 4.3943	2.3948	4.4322
v 4.4570	2.3605	4.3790
v 4.4394	2.3434	4.3582
v 4.4570	2.3948	4.3790
v 4.5805	2.2938	4.3291
v 4.6867	2.7637	4.4542
v 4.6679	2.7637	4.4321
v 4.5521	2.2938	4.2957
v 4.6603	1.9078	4.4232
v 4.6834	1.9258	4.4504
v 4.5572	1.9258	4.3017
v 4.5572	2.2702	4.3017
v 4.5849	2.2856	4.3344
v 4.5849	2.6389	4.3344
v 4.6834	2.6389	4.4504
v 4.6834	1.9258	4.4504
v 4.6867	1.9283	4.4542
v 4.7425	2.2938	4.1498
v 4.8750	2.2938	3.9585
v 4.7227	1.9749	4.1498
v 4.8772	1.9749	3.9807
v 4.6216	1.9749	4.1281
v 4.8772	1.9749	4.1498
v 4.8772	1.9749	4.0607
v 4.6216	1.3756	4.1281
v 4.8772	1.3756	3.9807
v 4.8772	1.3756	4.1498
v 4.8772	1.3756	4.0607
v 4.6580	1.9078	4.4250
v 4.6920	1.9177	4.4650
v 4.6920	2.8117	4.4650
v 4.6844	2.8117	4.4560
v 4.6844	1.9283	4.4560
v 4.6530	2.8117	4.5167
v 4.5303	2.8117	5.0956
v 4.5272	2.8117	5.1031
v 4.5239	2.8117	5.1069
v 4.5196	2.8117	5.1100
v 4.5119	2.8117	5.1129
v 4.5054	2.8117	5.1135
v 4.4283	2.8117	5.1120
v 4.4247	2.8117	5.1094
v 4.4226	2.8117	5.1058
v 4.4222	2.8117	5.1022
v 4.4224	2.8117	4.5157
v 4.4250	2.8117	4.5084
v 4.4283	2.8117	4.5043
v 4.4326	2.8117	4.5012
v 4.4375	2.8117	4.4993
v 4.4439	2.8117	4.4985
v 4.6370	2.8117	4.4985
v 4.6425	2.8117	4.4992
v 4.6465	2.8117	4.5010
v 4.6498	2.8117	4.5038
v 4.6521	2.8117	4.5074
v 4.6532	2.8117	4.5114
v 4.6530	2.8212	4.5167
v 4.5303	2.8212	5.0956
v 4.5272	2.8212	5.1031
v 4.5239	2.8212	5.1069
v 4.5196	2.8212	5.1100
v 4.5119	2.8212	5.1129
v 4.5054	2.8212	5.1135
v 4.4283	2.8212	5.1120
v 4.4946	2.8212	5.2931
v 3.4672	2.8212	5.2931
v 4.4222	2.8212	5.1022
v 4.4224	2.8212	4.5157
v 4.4250	2.8212	4.5084
v 4.4283	2.8212	4.5043
v 4.4326	2.8212	4.5012
v 4.4375	2.8212	4.4993
v 4.4439	2.8212	4.4985
v 4.6370	2.8212	4.4985
v 4.6425	2.8212	4.4992
v 4.6465	2.8212	4.5010
v 4.6498	2.8212	4.5038
v 4.6521	2.8212	4.5074
v 4.6532	2.8212	4.5114
v 2.9438	2.8212	4.2566
v 4.4946	1.3416	5.2931
v 3.4672	1.3416	5.2931
v 2.9438	2.8212	4.1498
v 2.9438	1.3416	4.1498
v 3.6760	1.3416	4.2566
v 3.6760	1.3416	5.1679
v 4.3360	1.3416	5.1679
v 4.6530	1.3416	4.5167
v 4.5303	1.3416	5.0956
v 4.5272	1.3416	5.1031
v 4.5218	1.3416	5.1086
v 4.5146	1.3416	5.1122
v 4.5054	1.3416	5.1135
v 4.4353	1.3416	5.1135
v 4.3360	1.3416	4.2566
v 4.3360	1.3416	3.8918
v 3.6760	1.3416	3.8918
v 2.9438	1.3416	3.8510
v 2.9438	2.8212	3.8510
v 4.6530	1.3512	4.5167
v 4.5303	1.3512	5.0956
v 4.5272	1.3512	5.1031
v 4.5218	1.3512	5.1086
v 4.5146	1.3512	5.1122
v 4.5054	1.3512	5.1135
v 4.4353	1.3512	5.1135
v 4.4297	1.3512	5.1126
v 4.4258	1.3512	5.1104
v 4.3360	1.3512	4.4339
v 4.4231	1.3512	5.1070
v 4.4222	1.3416	5.1022
v 4.4222	1.3416	4.5191
v 4.4238	1.3416	4.5107
v 4.4283	1.3416	4.5043
v 4.4350	1.3416	4.5001
v 4.4439	1.3416	4.4985
v 4.6370	1.3416	4.4985
v 4.6445	1.3416	4.5000
v 4.6498	1.3416	4.5038
v 4.6528	1.3416	4.5093
v 4.6528	1.3512	4.5093
v 4.6498	1.3512	4.5038
v 4.6445	1.3512	4.5000
v 4.6370	1.3512	4.4985
v 4.4439	1.3512	4.4985
v 4.4350	1.3512	4.5001
v 4.4283	1.3512	4.5043
v 4.4238	1.3512	4.5107
v 4.4222	1.3512	4.5191
v 4.4222	1.3512	5.1022
v 3.3420	2.8212	4.5117
v 3.6519	2.8212	5.1057
v 3.6600	2.8212	5.1103
v 3.6853	2.8212	5.1099
v 3.6869	2.8212	5.1067
v 3.7990	2.8212	5.1023
v 3.8021	2.8212	5.1085
v 4.3039	2.8212	5.1087
v 4.3090	2.8212	5.1005
v 4.3088	2.8212	4.5102
v 4.3068	2.8212	4.5063
v 4.3007	2.8212	4.5042
v 3.8128	2.8212	4.5044
v 3.8088	2.8212	4.5054
v 3.8037	2.8212	4.5087
v 3.8002	2.8212	4.5136
v 3.7990	2.8212	4.5203
v 3.7990	2.8117	5.1023
v 3.7990	2.8117	4.5203
v 3.7993	2.8117	5.1049
v 3.8001	2.8117	5.1065
v 3.8021	2.8117	5.1085
v 4.3039	2.8117	5.1087
v 4.3068	2.8117	5.1065
v 4.3086	2.8117	5.1035
v 4.3090	2.8117	5.1005
v 4.3090	2.8117	4.5120
v 4.3090	2.8117	4.5120
v 4.3068	2.8117	4.5063
v 4.3007	2.8117	4.5042
v 3.8128	2.8117	4.5044
v 3.8088	2.8117	4.5054
v 3.8037	2.8117	4.5087
v 3.8002	2.8117	4.5136
v 3.6822	2.8117	4.5050
v 3.6849	2.8117	4.5073
v 3.6865	2.8117	4.5104
v 3.6869	2.8117	4.5137
v 3.6869	2.8117	5.1067
v 3.6866	2.8117	5.1086
v 3.6862	2.8117	5.1092
v 3.6853	2.8117	5.1099
v 3.6600	2.8117	5.1103
v 3.6564	2.8117	5.1098
v 3.6539	2.8117	5.1084
v 3.6519	2.8117	5.1057
v 3.3420	2.8117	4.5117
v 3.3414	2.8117	4.5075
v 3.3432	2.8117	4.5049
v 3.3475	2.8117	4.5038
v 3.6787	2.8117	4.5039
v 3.6822	2.8212	4.5050
v 3.6849	2.8212	4.5073
v 3.6865	2.8212	4.5104
v 3.6869	2.8212	4.5137
v 3.3414	2.8212	4.5075
v 3.3432	2.8212	4.5049
v 3.3475	2.8212	4.5038
v 3.6787	2.8212	4.5039
v 4.5305	2.8117	4.4542
v 4.5152	2.8117	4.4482
v 4.3824	2.8117	4.3225
v 4.2208	2.8117	4.3225
v 4.2120	2.8117	4.3160
v 3.9314	2.8117	4.2699
v 3.6156	2.8117	4.2699
v 3.6156	2.8117	4.1701
v 3.9314	2.8117	4.1701
v 4.1782	2.8117	4.1913
v 4.1883	2.8117	4.1789
v 4.1883	2.7637	4.1789
v 4.4530	2.7637	4.1789
v 4.1782	2.7637	4.1913
v 4.2208	2.7637	4.3225
v 4.2120	2.7637	4.3160
v 4.5521	2.7637	4.2957
v 4.5305	2.7637	4.4542
v 4.5152	2.7637	4.4482
v 4.3824	2.7637	4.3225
v 4.6867	2.8117	4.4542
v 3.8862	2.6809	4.2699
v 3.8862	2.6809	4.2200
v 3.6539	2.6809	4.2699
v 3.6539	2.6809	4.2200
v 4.7280	2.8117	4.4029
v 4.3785	2.5151	5.1464
v 4.3785	2.5592	5.2220
v 4.5191	2.5151	5.1464
v 4.3785	2.0120	5.1464
v 4.3785	2.0120	5.1624
v 4.3785	2.4979	5.1624
v 4.3785	2.5033	5.1644
v 4.3785	2.5450	5.2127
v 4.3785	2.5415	5.2166
v 4.3785	2.0120	5.2166
v 4.3785	2.0120	5.2234
v 4.3785	2.5580	5.2234
v 4.3727	2.0021	5.1464
v 4.5191	1.6192	5.1464
v 4.3204	1.6192	5.1464
v 4.3204	1.9747	5.1464
v 4.3257	1.9837	5.1464
v 4.3727	2.0021	5.1624
v 4.3257	1.9837	5.1624
v 4.3204	1.9747	5.1624
v 4.3204	1.5782	5.2234
v 4.3204	1.9747	5.2234
v 4.3204	1.9747	5.2166
v 4.3204	1.5895	5.2166
v 4.3204	1.6310	5.1643
v 4.3204	1.6372	5.1624
v 4.3257	1.9837	5.2234
v 4.3727	2.0021	5.2234
v 4.3727	2.0021	5.2166
v 4.3257	1.9837	5.2166
v 4.3852	2.0120	5.2166
v 4.3760	1.9961	5.2166
v 4.3290	1.9778	5.2166
v 4.3256	1.9721	5.2166
v 4.3256	1.5895	5.2166
v 4.3852	2.0120	5.1624
v 4.3760	1.9961	5.1624
v 4.3290	1.9778	5.1624
v 4.3256	1.6372	5.1624
v 4.3256	1.9721	5.1624
v 4.3852	2.4979	5.1624
v 4.3852	2.0616	5.1679
v 4.3852	2.0616	5.2121
v 4.3852	2.4701	5.2121
v 4.3852	2.5450	5.2127
v 4.3852	2.5415	5.2166
v 4.3852	2.4701	5.1679
v 4.3770	2.4701	5.1679
v 4.3770	2.4701	5.2121
v 4.3770	2.4272	5.1679
v 4.3770	2.4272	5.2121
v 4.3770	2.0616	5.1679
v 4.3770	2.1045	5.1679
v 4.3770	2.0616	5.2121
v 4.3770	2.1045	5.2121
v 4.3770	2.1217	5.2121
v 4.3770	2.1217	5.1679
v 4.3770	2.1647	5.2121
v 4.3770	2.1647	5.1679
v 4.3770	2.1838	5.2121
v 4.3770	2.1838	5.1679
v 4.3770	2.2267	5.2121
v 4.3770	2.2267	5.1679
v 4.3770	2.2410	5.2121
v 4.3770	2.2410	5.1679
v 4.3770	2.2840	5.2121
v 4.3770	2.2840	5.1679
v 4.3770	2.3031	5.2121
v 4.3770	2.3031	5.1679
v 4.3770	2.3461	5.2121
v 4.3770	2.3461	5.1679
v 4.3770	2.3651	5.2121
v 4.3770	2.3651	5.1679
v 4.3770	2.4081	5.2121
v 4.3770	2.4081	5.1679
v 4.3256	1.6310	5.1643
v 4.3256	1.7051	5.1643
v 4.3256	1.7051	5.2143
v 4.3256	1.8999	5.2143
v 4.3256	1.8999	5.1643
v 2.9438	2.8117	3.8510
v 4.7404	1.3416	3.8510
v 4.0300	2.1308	4.0990
v 4.3266	2.1308	4.0990
v 4.3266	2.0147	4.0990
v 4.0300	2.0147	4.0990
v 4.0300	2.1308	4.2100
v 4.0664	2.1308	4.2100
v 4.0897	2.1308	4.2094
v 4.1129	2.1308	4.2075
v 4.1359	2.1308	4.2044
v 4.1588	2.1308	4.2000
v 4.1814	2.1308	4.1944
v 4.2036	2.1308	4.1876
v 4.2255	2.1308	4.1796
v 4.2469	2.1308	4.1705
v 4.2678	2.1308	4.1602
v 4.2881	2.1308	4.1488
v 4.3077	2.1308	4.1363
v 4.3266	2.1308	4.1228
v 4.0300	2.0147	4.2100
v 4.0897	2.0147	4.2094
v 4.0664	2.0147	4.2100
v 4.3266	2.0147	4.1228
v 4.3077	2.0147	4.1363
v 4.2881	2.0147	4.1488
v 4.2678	2.0147	4.1602
v 4.2469	2.0147	4.1705
v 4.2255	2.0147	4.1796
v 4.2036	2.0147	4.1876
v 4.1814	2.0147	4.1944
v 4.1588	2.0147	4.2000
v 4.1359	2.0147	4.2044
v 4.1129	2.0147	4.2075
v 4.0664	2.0740	4.2100
v 4.2881	2.0740	4.1488
v 4.2881	2.0980	4.1488
v 4.3266	2.0980	4.1228
v 4.0664	2.0980	4.2100
v 4.3212	2.1238	3.8603
v 4.3212	2.1238	4.0990
v 4.3212	2.0217	4.0990
v 4.3212	2.0217	3.8603
v 4.0354	2.1238	3.8603
v 4.0354	2.1238	4.0990
v 4.0354	2.0217	3.8603
v 4.0354	2.0217	4.0990
v 4.8938	1.3416	3.8510
v 4.8629	1.3752	3.8510
v 2.9438	1.3416	3.8510
v 4.8938	2.8212	3.8510
v 4.8938	2.8212	3.7730
v 4.8938	1.3416	3.7730
v 2.9438	2.8212	3.7730
v 2.9438	2.8212	3.8510
v 2.9438	1.3416	3.7730
v 2.9747	1.3752	3.8510
v 4.8629	2.7876	3.8510
v 2.9747	2.7876	3.8510
v 5.3943	2.9674	3.3069
v 4.8662	2.9674	3.3069
v 4.8662	2.9674	3.6034
v 5.3943	2.9674	3.6034
v 5.4906	1.7456	1.3686
v 5.4906	1.7567	1.3780
v 5.5304	1.7567	1.3780
v 5.5304	1.7456	1.3686
v 5.4906	1.5222	3.3553
v 5.4906	1.4563	3.4186
v 5.4906	1.3762	3.4186
v 5.4906	1.3762	3.4529
v 5.4906	1.4710	3.4529
v 5.4906	1.5524	3.3747
v 5.4906	1.6337	3.1859
v 5.4906	1.6337	2.3916
v 5.4906	1.6338	2.3834
v 5.4906	1.6340	2.3752
v 5.4906	1.6343	2.3670
v 5.4906	1.6347	2.3588
v 5.4906	1.6353	2.3506
v 5.4906	1.6360	2.3424
v 5.4906	1.6368	2.3343
v 5.4906	1.6377	2.3261
v 5.4906	1.6388	2.3180
v 5.4906	1.6399	2.3098
v 5.4906	1.6412	2.3017
v 5.4906	1.6427	2.2937
v 5.4906	1.7860	1.5166
v 5.4906	1.7866	1.5132
v 5.4906	1.7871	1.5098
v 5.4906	1.7876	1.5064
v 5.4906	1.7881	1.5030
v 5.4906	1.7885	1.4995
v 5.4906	1.7888	1.4961
v 5.4906	1.7891	1.4927
v 5.4906	1.7893	1.4892
v 5.4906	1.7895	1.4858
v 5.4906	1.7897	1.4824
v 5.4906	1.7897	1.4789
v 5.4906	1.7898	1.4755
v 5.4906	1.7898	1.4547
v 5.4906	1.7888	1.4406
v 5.4906	1.7859	1.4266
v 5.4906	1.7812	1.4132
v 5.4906	1.7746	1.4005
v 5.4906	1.7664	1.3887
v 5.4906	1.7333	1.3607
v 5.4906	1.7201	1.3545
v 5.4906	1.7061	1.3499
v 5.4906	1.6916	1.3471
v 5.4906	1.6769	1.3462
v 5.4906	1.4597	1.3462
v 5.4906	1.4560	1.3763
v 5.4906	1.4913	1.3804
v 5.4906	1.6757	1.3804
v 5.4906	1.6869	1.3811
v 5.4906	1.6968	1.3830
v 5.4906	1.7064	1.3861
v 5.4906	1.7155	1.3904
v 5.4906	1.7239	1.3958
v 5.4906	1.7315	1.4022
v 5.4906	1.7381	1.4095
v 5.4906	1.7437	1.4176
v 5.4906	1.7482	1.4263
v 5.4906	1.7515	1.4355
v 5.4906	1.7534	1.4450
v 5.4906	1.7542	1.4558
v 5.4906	1.7542	1.4753
v 5.4906	1.7541	1.4784
v 5.4906	1.7541	1.4814
v 5.4906	1.7540	1.4843
v 5.4906	1.7538	1.4872
v 5.4906	1.7536	1.4902
v 5.4906	1.7534	1.4931
v 5.4906	1.7531	1.4961
v 5.4906	1.7527	1.4990
v 5.4906	1.7524	1.5019
v 5.4906	1.7519	1.5048
v 5.4906	1.7515	1.5077
v 5.4906	1.7509	1.5108
v 5.4906	1.6076	2.2878
v 5.4906	1.6061	2.2963
v 5.4906	1.6047	2.3049
v 5.4906	1.6035	2.3135
v 5.4906	1.6024	2.3221
v 5.4906	1.6014	2.3308
v 5.4906	1.6005	2.3394
v 5.4906	1.5998	2.3481
v 5.4906	1.5992	2.3568
v 5.4906	1.5987	2.3655
v 5.4906	1.5984	2.3742
v 5.4906	1.5982	2.3829
v 5.4906	1.5981	2.3915
v 5.4906	1.5981	3.1791
v 5.5304	1.4563	3.4186
v 5.5304	1.5222	3.3553
v 5.5304	1.3762	3.4186
v 5.5304	1.7664	1.3887
v 5.5304	1.7746	1.4005
v 5.5304	1.7812	1.4132
v 5.5304	1.7859	1.4266
v 5.5304	1.7888	1.4406
v 5.5304	1.7898	1.4547
v 5.5304	1.7898	1.4755
v 5.5304	1.7897	1.4789
v 5.5304	1.7897	1.4824
v 5.5304	1.7895	1.4858
v 5.5304	1.7893	1.4892
v 5.5304	1.7891	1.4927
v 5.5304	1.7888	1.4961
v 5.5304	1.7885	1.4995
v 5.5304	1.7881	1.5030
v 5.5304	1.7876	1.5064
v 5.5304	1.7871	1.5098
v 5.5304	1.7866	1.5132
v 5.5304	1.7860	1.5166
v 5.5304	1.6427	2.2937
v 5.5304	1.6412	2.3017
v 5.5304	1.6399	2.3098
v 5.5304	1.6388	2.3180
v 5.5304	1.6377	2.3261
v 5.5304	1.6368	2.3343
v 5.5304	1.6360	2.3424
v 5.5304	1.6353	2.3506
v 5.5304	1.6347	2.3588
v 5.5304	1.6343	2.3670
v 5.5304	1.6340	2.3752
v 5.5304	1.6338	2.3834
v 5.5304	1.6337	2.3916
v 5.5304	1.6337	3.1859
v 5.5304	1.5524	3.3747
v 5.5304	1.4710	3.4529
v 5.5304	1.3762	3.4529
v 5.5304	1.5981	3.1791
v 5.5304	1.5981	2.3915
v 5.5304	1.5982	2.3829
v 5.5304	1.5984	2.3742
v 5.5304	1.5987	2.3655
v 5.5304	1.5992	2.3568
v 5.5304	1.5998	2.3481
v 5.5304	1.6005	2.3394
v 5.5304	1.6014	2.3308
v 5.5304	1.6024	2.3221
v 5.5304	1.6035	2.3135
v 5.5304	1.6047	2.3049
v 5.5304	1.6061	2.2963
v 5.5304	1.6076	2.2878
v 5.5304	1.7509	1.5108
v 5.5304	1.7515	1.5077
v 5.5304	1.7519	1.5048
v 5.5304	1.7524	1.5019
v 5.5304	1.7527	1.4990
v 5.5304	1.7531	1.4961
v 5.5304	1.7534	1.4931
v 5.5304	1.7536	1.4902
v 5.5304	1.7538	1.4872
v 5.5304	1.7540	1.4843
v 5.5304	1.7541	1.4814
v 5.5304	1.7541	1.4784
v 5.5304	1.7542	1.4753
v 5.5304	1.7542	1.4558
v 5.5304	1.7534	1.4450
v 5.5304	1.7515	1.4355
v 5.5304	1.7482	1.4263
v 5.5304	1.7437	1.4176
v 5.5304	1.7381	1.4095
v 5.5304	1.7315	1.4022
v 5.5304	1.7239	1.3958
v 5.5304	1.7155	1.3904
v 5.5304	1.7064	1.3861
v 5.5304	1.6968	1.3830
v 5.5304	1.6869	1.3811
v 5.5304	1.6757	1.3804
v 5.5304	1.4913	1.3804
v 5.5304	1.4560	1.3763
v 5.5304	1.4597	1.3462
v 5.5304	1.6769	1.3462
v 5.5304	1.6916	1.3471
v 5.5304	1.7061	1.3499
v 5.5304	1.7201	1.3545
v 5.5304	1.7333	1.3607
v 5.8341	1.4560	1.3763
v 5.8341	1.4913	1.3804
v 5.7944	1.4913	1.3804
v 5.7944	1.4560	1.3763
v 5.8341	1.7456	1.3686
v 5.8341	1.7567	1.3780
v 5.8341	1.7664	1.3887
v 5.8341	1.7746	1.4005
v 5.8341	1.7812	1.4132
v 5.8341	1.7859	1.4266
v 5.8341	1.7888	1.4406
v 5.8341	1.7898	1.4547
v 5.8341	1.7898	1.4755
v 5.8341	1.7897	1.4789
v 5.8341	1.7897	1.4824
v 5.8341	1.7895	1.4858
v 5.8341	1.7893	1.4892
v 5.8341	1.7891	1.4927
v 5.8341	1.7888	1.4961
v 5.8341	1.7885	1.4995
v 5.8341	1.7881	1.5030
v 5.8341	1.7876	1.5064
v 5.8341	1.7871	1.5098
v 5.8341	1.7866	1.5132
v 5.8341	1.7860	1.5166
v 5.8341	1.6427	2.2937
v 5.8341	1.6412	2.3017
v 5.8341	1.6399	2.3098
v 5.8341	1.6388	2.3180
v 5.8341	1.6377	2.3261
v 5.8341	1.6368	2.3343
v 5.8341	1.6360	2.3424
v 5.8341	1.6353	2.3506
v 5.8341	1.6347	2.3588
v 5.8341	1.6343	2.3670
v 5.8341	1.6340	2.3752
v 5.8341	1.6338	2.3834
v 5.8341	1.6337	2.3916
v 5.8341	1.6337	3.1859
v 5.8341	1.5524	3.3747
v 5.8341	1.4710	3.4529
v 5.8341	1.4425	3.4529
v 5.8341	1.4425	3.4186
v 5.8341	1.4563	3.4186
v 5.8341	1.5222	3.3553
v 5.8341	1.5981	3.1791
v 5.8341	1.5981	2.3915
v 5.8341	1.5982	2.3829
v 5.8341	1.5984	2.3742
v 5.8341	1.5987	2.3655
v 5.8341	1.5992	2.3568
v 5.8341	1.5998	2.3481
v 5.8341	1.6005	2.3394
v 5.8341	1.6014	2.3308
v 5.8341	1.6024	2.3221
v 5.8341	1.6035	2.3135
v 5.8341	1.6047	2.3049
v 5.8341	1.6061	2.2963
v 5.8341	1.6076	2.2878
v 5.8341	1.7509	1.5108
v 5.8341	1.7515	1.5077
v 5.8341	1.7519	1.5048
v 5.8341	1.7524	1.5019
v 5.8341	1.7527	1.4990
v 5.8341	1.7531	1.4961
v 5.8341	1.7534	1.4931
v 5.8341	1.7536	1.4902
v 5.8341	1.7538	1.4872
v 5.8341	1.7540	1.4843
v 5.8341	1.7541	1.4814
v 5.8341	1.7541	1.4784
v 5.8341	1.7542	1.4753
v 5.8341	1.7542	1.4558
v 5.8341	1.7534	1.4450
v 5.8341	1.7515	1.4355
v 5.8341	1.7482	1.4263
v 5.8341	1.7437	1.4176
v 5.8341	1.7381	1.4095
v 5.8341	1.7315	1.4022
v 5.8341	1.7239	1.3958
v 5.8341	1.7155	1.3904
v 5.8341	1.7064	1.3861
v 5.8341	1.6968	1.3830
v 5.8341	1.6869	1.3811
v 5.8341	1.6757	1.3804
v 5.8341	1.4597	1.3462
v 5.8341	1.6769	1.3462
v 5.8341	1.6916	1.3471
v 5.8341	1.7061	1.3499
v 5.8341	1.7201	1.3545
v 5.8341	1.7333	1.3607
v 5.7944	1.7456	1.3686
v 5.7944	1.7567	1.3780
v 5.7944	1.5222	3.3553
v 5.7944	1.4563	3.4186
v 5.7944	1.4425	3.4186
v 5.7944	1.4425	3.4529
v 5.7944	1.4710	3.4529
v 5.7944	1.5524	3.3747
v 5.7944	1.6337	3.1859
v 5.7944	1.6337	2.3916
v 5.7944	1.6338	2.3834
v 5.7944	1.6340	2.3752
v 5.7944	1.6343	2.3670
v 5.7944	1.6347	2.3588
v 5.7944	1.6353	2.3506
v 5.7944	1.6360	2.3424
v 5.7944	1.6368	2.3343
v 5.7944	1.6377	2.3261
v 5.7944	1.6388	2.3180
v 5.7944	1.6399	2.3098
v 5.7944	1.6412	2.3017
v 5.7944	1.6427	2.2937
v 5.7944	1.7860	1.5166
v 5.7944	1.7866	1.5132
v 5.7944	1.7871	1.5098
v 5.7944	1.7876	1.5064
v 5.7944	1.7881	1.5030
v 5.7944	1.7885	1.4995
v 5.7944	1.7888	1.4961
v 5.7944	1.7891	1.4927
v 5.7944	1.7893	1.4892
v 5.7944	1.7895	1.4858
v 5.7944	1.7897	1.4824
v 5.7944	1.7897	1.4789
v 5.7944	1.7898	1.4755
v 5.7944	1.7898	1.4547
v 5.7944	1.7888	1.4406
v 5.7944	1.7859	1.4266
v 5.7944	1.7812	1.4132
v 5.7944	1.7746	1.4005
v 5.7944	1.7664	1.3887
v 5.7944	1.7333	1.3607
v 5.7944	1.7201	1.3545
v 5.7944	1.7061	1.3499
v 5.7944	1.6916	1.3471
v 5.7944	1.6769	1.3462
v 5.7944	1.4597	1.3462
v 5.7944	1.6757	1.3804
v 5.7944	1.6869	1.3811
v 5.7944	1.6968	1.3830
v 5.7944	1.7064	1.3861
v 5.7944	1.7155	1.3904
v 5.7944	1.7239	1.3958
v 5.7944	1.7315	1.4022
v 5.7944	1.7381	1.4095
v 5.7944	1.7437	1.4176
v 5.7944	1.7482	1.4263
v 5.7944	1.7515	1.4355
v 5.7944	1.7534	1.4450
v 5.7944	1.7542	1.4558
v 5.7944	1.7542	1.4753
v 5.7944	1.7541	1.4784
v 5.7944	1.7541	1.4814
v 5.7944	1.7540	1.4843
v 5.7944	1.7538	1.4872
v 5.7944	1.7536	1.4902
v 5.7944	1.7534	1.4931
v 5.7944	1.7531	1.4961
v 5.7944	1.7527	1.4990
v 5.7944	1.7524	1.5019
v 5.7944	1.7519	1.5048
v 5.7944	1.7515	1.5077
v 5.7944	1.7509	1.5108
v 5.7944	1.6076	2.2878
v 5.7944	1.6061	2.2963
v 5.7944	1.6047	2.3049
v 5.7944	1.6035	2.3135
v 5.7944	1.6024	2.3221
v 5.7944	1.6014	2.3308
v 5.7944	1.6005	2.3394
v 5.7944	1.5998	2.3481
v 5.7944	1.5992	2.3568
v 5.7944	1.5987	2.3655
v 5.7944	1.5984	2.3742
v 5.7944	1.5982	2.3829
v 5.7944	1.5981	2.3915
v 5.7944	1.5981	3.1791
v 5.9438	-0.7541	1.9925
v 5.9438	-0.7541	2.6838
v 5.9438	-1.2080	2.1855
v 5.9438	-1.2297	2.1557
v 5.9438	-1.2505	2.1132
v 5.9438	-1.2613	2.0762
v 5.9438	-1.2665	2.0405
v 5.9438	-1.2669	1.4300
v 5.9438	-1.2917	1.4028
v 5.9438	-1.2911	2.0453
v 5.9438	-1.2850	2.0840
v 5.9438	-1.2723	2.1255
v 5.9438	-1.2534	2.1635
v 5.9438	-1.2310	2.1963
v 5.9438	0.5622	4.1634
v 5.9438	0.5731	4.1703
v 5.9438	0.5853	4.1733
v 5.9438	0.6099	4.1728
v 5.9438	0.6342	4.1620
v 5.9438	0.6477	4.1476
v 5.9438	0.6565	4.1280
v 5.9438	0.6573	3.5405
v 5.9438	0.6324	3.5133
v 5.9438	0.6315	4.1255
v 5.9438	0.6209	4.1416
v 5.9438	0.6052	4.1491
v 5.9438	0.5875	4.1495
v 5.9438	0.5802	4.1468
v 5.9438	0.1977	3.7278
v 5.9438	0.1977	3.0365
v 5.9438	0.1684	3.0044
v 5.9438	0.1684	3.6956
v 5.9438	-0.2301	3.2585
v 5.9438	-0.2301	2.5672
v 5.9438	-0.2594	2.5351
v 5.9438	-0.2594	3.2264
v 5.9438	-0.7248	2.7159
v 5.9438	-0.7248	2.0246
v 5.9633	-0.7541	2.6838
v 5.9633	-0.7541	1.9925
v 5.9633	-1.2066	2.1872
v 5.9633	-1.2276	2.1590
v 5.9633	-1.2491	2.1169
v 5.9633	-1.2607	2.0789
v 5.9633	-1.2663	2.0435
v 5.9633	-1.2669	1.4300
v 5.9633	-1.2917	1.4028
v 5.9633	-1.2913	2.0421
v 5.9633	-1.2857	2.0811
v 5.9633	-1.2764	2.1140
v 5.9633	-1.2631	2.1457
v 5.9633	-1.2459	2.1756
v 5.9633	-1.2275	2.2004
v 5.9633	0.5627	4.1639
v 5.9633	0.6040	4.1733
v 5.9633	0.5837	4.1732
v 5.9633	0.5724	4.1698
v 5.9633	-0.7248	2.0246
v 5.9633	-0.7248	2.7159
v 5.9633	-0.2594	3.2264
v 5.9633	-0.2594	2.5351
v 5.9633	-0.2301	2.5672
v 5.9633	-0.2301	3.2585
v 5.9633	0.1684	3.6956
v 5.9633	0.1684	3.0044
v 5.9633	0.1977	3.0365
v 5.9633	0.1977	3.7278
v 5.9633	0.5791	4.1459
v 5.9633	0.5858	4.1493
v 5.9633	0.6054	4.1491
v 5.9633	0.6189	4.1428
v 5.9633	0.6264	4.1352
v 5.9633	0.6319	4.1236
v 5.9633	0.6324	3.5133
v 5.9633	0.6573	3.5405
v 5.9633	0.6570	4.1223
v 5.9633	0.6540	4.1354
v 5.9633	0.6470	4.1487
v 5.9633	0.6342	4.1619
v 5.9633	0.6176	4.1704
v 5.4464	-2.9417	4.4855
v 5.4596	-2.9417	4.4855
v 5.4644	-2.9329	4.4855
v 5.4417	-2.9332	4.4855
v 5.4594	-2.9417	3.8181
v 5.4644	-2.9417	3.8093
v 5.4644	-2.9417	4.4855
v 5.4644	-2.9285	3.7730
v 5.4644	-2.9285	4.4855
v 5.4644	-2.9417	3.8048
v 5.4644	-2.9417	3.7730
v 5.4377	-2.9285	3.7998
v 2.9144	-2.9285	3.7730
v 2.9144	-2.9417	3.7730
v 2.9149	-2.9417	4.3230
v 2.9153	-2.9285	4.3261
v 2.9205	-2.9417	4.3535
v 2.9280	-2.9417	4.3756
v 2.9383	-2.9417	4.3965
v 2.9411	-2.9417	3.7998
v 5.4377	-2.9417	3.7998
v 5.4466	-2.9417	3.7960
v 5.4594	-2.9417	3.7960
v 5.4466	-2.9417	3.8181
v 5.4403	-2.9417	3.8071
v 5.4377	-2.9417	4.4588
v 3.0771	-2.9417	4.4850
v 3.0792	-2.9285	4.4855
v 5.4402	-2.9306	4.4855
v 5.4466	-2.9421	4.4855
v 5.4467	-2.9425	4.8108
v 5.4402	-2.9314	4.8159
v 5.4594	-2.9424	4.8108
v 5.4594	-2.9421	4.4855
v 5.4658	-2.9313	4.8156
v 5.4657	-2.9306	4.4855
v 5.4594	-2.9191	4.4855
v 5.4594	-2.9194	4.8110
v 5.4414	-2.9285	4.4855
v 5.4466	-2.9191	4.4855
v 5.4467	-2.9193	4.8101
v 5.4658	-2.9743	4.8564
v 5.4594	-2.9742	4.8675
v 5.4594	-3.0896	4.8679
v 5.4402	-3.1382	4.8152
v 5.4466	-3.1270	4.8109
v 5.4402	-3.1382	3.8697
v 5.4467	-3.1273	3.8765
v 5.4466	-3.1501	3.8732
v 5.4467	-3.1503	4.8096
v 5.4594	-3.1502	4.8106
v 5.4594	-3.1502	3.8744
v 5.4594	-3.1269	4.8127
v 5.4594	-3.1272	3.8756
v 5.4658	-3.0726	3.8075
v 5.4594	-3.0705	3.8185
v 5.4658	-2.9417	3.8071
v 5.4594	-3.0692	3.7963
v 5.4658	-3.1386	3.8744
v 5.4658	-3.1382	4.8152
v 5.4467	-3.0720	3.8187
v 5.4403	-3.0685	3.8073
v 5.4466	-3.0704	3.7964
v 5.4657	-3.0961	4.8561
v 5.4377	-2.9285	4.4588
v 3.0796	-2.9285	4.4584
v 3.0769	-2.9417	4.4581
v 2.9383	-2.9285	4.3965
v 2.9416	-2.9285	4.3203
v 2.9412	-2.9417	4.3185
v 2.9411	-2.9417	4.0616
v 2.9411	-2.9285	3.7998
v 2.9411	-2.9285	4.0616
v 5.4377	-2.9417	4.0616
v 5.4377	-2.9285	4.0616
v 5.4377	-2.9285	4.0833
v 2.9411	-2.9285	4.0833
v 2.9280	-2.9285	4.3756
v 2.9205	-2.9285	4.3535
v 2.9411	-2.9417	4.0833
v 5.4377	-2.9417	4.0833
v 2.7791	2.9352	4.0833
v 2.7791	2.9149	4.3569
v 2.7791	2.9149	4.0833
v 2.7524	2.9352	3.7730
v 2.7791	2.9352	4.0616
v 2.7791	2.9352	3.7998
v 5.4257	2.9352	3.7998
v 5.4466	2.9352	3.7960
v 5.4594	2.9352	3.7960
v 5.4726	2.9352	3.7730
v 5.4658	2.9352	3.8071
v 5.4726	2.9352	4.4855
v 5.4257	2.9352	4.4588
v 2.8760	2.9352	4.4852
v 2.8694	2.9352	4.4577
v 2.8722	2.9149	4.4581
v 5.4257	2.9149	4.4588
v 2.8776	2.9149	4.4855
v 5.4726	2.9149	4.4855
v 5.4654	2.9149	4.4855
v 5.4726	2.7508	4.4855
v 5.4726	2.6704	4.4649
v 5.4726	2.7437	4.4587
v 5.4726	2.8872	4.4588
v 5.4726	2.8872	4.0833
v 5.4726	2.8872	4.0616
v 5.4726	2.8872	3.7998
v 5.4726	1.4247	3.7730
v 5.4726	1.4525	3.7998
v 5.4726	1.4253	4.3105
v 5.4726	1.4525	4.0616
v 5.4524	1.4525	3.7998
v 5.4524	1.4525	4.0616
v 5.4524	2.8872	3.7998
v 5.4524	2.8872	4.0616
v 5.4524	1.4525	4.0833
v 5.4524	1.4256	4.3138
v 5.4524	1.4247	3.7730
v 5.4524	2.9149	3.7730
v 5.4524	2.9149	4.4855
v 5.4524	2.8872	4.0833
v 5.4726	1.4525	4.0833
v 5.4726	1.4533	4.3108
v 5.4524	1.4530	4.3078
v 5.4524	1.7350	4.4507
v 5.4524	1.7162	4.4307
v 5.4524	1.7976	4.3811
v 5.4524	1.7771	4.3629
v 5.4524	1.9823	4.2984
v 5.4524	1.9029	4.2859
v 5.4524	2.4859	4.2942
v 5.4524	2.4417	4.2807
v 5.4524	1.9455	4.2756
v 5.4524	2.3892	4.2722
v 5.4524	1.9836	4.2716
v 5.4726	2.3746	4.2716
v 5.4726	1.9807	4.2717
v 5.4726	2.4147	4.2755
v 5.4726	2.4600	4.2856
v 5.4726	2.4947	4.2979
v 5.4524	2.3827	4.2986
v 5.4726	1.9849	4.2983
v 5.4726	2.3761	4.2984
v 5.4726	1.8993	4.2871
v 5.4726	1.9417	4.2762
v 5.4726	1.7841	4.3558
v 5.4726	1.7972	4.3813
v 5.4726	1.7161	4.4309
v 5.4726	1.7352	4.4503
v 5.4524	2.5889	4.3546
v 5.4726	2.5968	4.3617
v 5.4726	2.5706	4.3747
v 5.4524	2.5778	4.3813
v 5.4726	2.6663	4.4298
v 5.4524	2.6635	4.4273
v 5.4726	2.6451	4.4474
v 5.4524	2.6450	4.4472
v 5.4524	2.7329	4.4582
v 5.4524	2.6724	4.4663
v 5.4524	2.8872	4.4588
v 5.4524	2.7369	4.4851
v 2.7524	2.9149	3.7730
v 5.4257	2.9149	3.7998
v 2.7759	2.9149	4.4269
v 2.7802	2.9352	4.3685
v 2.7654	2.9352	4.4087
v 2.7791	2.9149	4.0616
v 2.7791	2.9149	3.7998
v 5.4257	2.9149	4.0616
v 5.4257	2.9352	4.0616
v 5.4257	2.9352	4.0833
v 5.4257	2.9149	4.0833
v 5.4403	2.9352	3.8071
v 5.4466	2.9352	3.8181
v 5.4594	2.9352	3.8181
v 5.4658	3.0630	3.8082
v 5.4594	3.0604	3.7967
v 5.4466	3.0550	3.7964
v 5.4402	3.1226	3.8652
v 5.4593	3.1118	3.8714
v 5.4466	3.1123	3.8766
v 5.4594	3.1121	4.8105
v 5.4466	3.1118	4.8129
v 5.4403	3.1236	4.8115
v 5.4467	3.1352	4.8100
v 5.4403	2.9158	4.8096
v 5.4467	2.9043	4.8101
v 5.4466	2.9041	4.4855
v 5.4402	2.9156	4.4855
v 5.4594	2.9043	4.8105
v 5.4594	2.9041	4.4855
v 5.4658	2.9160	4.8126
v 5.4594	2.9277	4.8135
v 5.4467	2.9278	4.8133
v 5.4657	2.9156	4.4855
v 5.4594	2.9271	4.4855
v 5.4466	2.9271	4.4855
v 5.4594	3.1351	4.8103
v 5.4658	3.1235	4.8120
v 5.4594	3.1352	3.8739
v 5.4658	3.1236	3.8742
v 5.4466	3.1351	3.8736
v 2.7598	2.9149	4.3953
v 2.7570	2.9352	4.3852
v 2.7528	2.9352	4.3620
v 2.7530	2.9149	4.3643
v 5.6744	1.4091	4.4850
v 5.6757	1.4247	4.4851
v 5.9801	1.4091	4.4855
v 5.9801	1.4193	4.4855
v 5.9801	1.4247	4.4855
v 5.9958	0.9157	4.4851
v 5.9958	1.4193	4.4855
v 5.9801	0.9127	4.4848
v 5.9958	0.8779	4.4778
v 5.9958	0.8380	4.4595
v 5.9958	0.9158	4.4582
v 5.9958	1.3969	4.4588
v 5.9958	1.3969	4.0833
v 5.9958	1.3969	4.0616
v 5.9958	1.3969	3.7998
v 5.9958	1.4193	3.7730
v 5.9958	0.7615	3.7730
v 5.9958	0.7893	3.7998
v 5.9958	0.7620	4.3374
v 5.9958	0.7893	4.0616
v 5.9801	0.7893	3.7998
v 5.9801	0.7893	4.0616
v 5.9801	1.3969	3.7998
v 5.9801	1.3969	4.0616
v 5.9801	0.7893	4.0833
v 5.9801	0.7623	4.3402
v 5.9801	0.7615	3.7730
v 5.9801	1.4091	3.7730
v 5.9801	1.3969	4.0833
v 5.9958	0.7893	4.0833
v 5.9958	0.7900	4.3372
v 5.9801	0.7897	4.3348
v 5.9801	0.8459	4.4638
v 5.9801	0.9184	4.4584
v 5.9801	1.3969	4.4588
v 5.9801	0.8741	4.4766
v 5.9801	1.4193	3.7730
v 5.5301	1.4091	3.7730
v 5.5301	1.4247	3.7730
v 5.9801	1.4247	3.7730
v 5.5308	1.4091	4.3427
v 5.5306	1.4247	4.3399
v 5.5389	1.4091	4.3792
v 5.5515	1.4091	4.4058
v 5.5568	1.4091	3.7998
v 5.9534	1.4091	3.7998
v 5.9534	1.4091	4.4588
v 5.6783	1.4091	4.4584
v 5.6759	1.4247	4.4582
v 5.9534	1.4247	4.4588
v 5.9534	1.4247	3.7998
v 5.5568	1.4247	3.7998
v 5.5568	1.4247	4.0616
v 5.5568	1.4247	4.0833
v 5.5574	1.4247	4.3398
v 5.5557	1.4247	4.4133
v 5.5377	1.4247	4.3757
v 5.5572	1.4091	4.3373
v 5.5568	1.4091	4.0833
v 5.5568	1.4091	4.0616
v 5.9534	1.4247	4.0616
v 5.9534	1.4091	4.0616
v 5.9534	1.4247	4.0833
v 5.9534	1.4091	4.0833
v 5.4644	-2.9239	3.7730
v 5.4644	-2.9007	3.7998
v 5.4644	0.7386	3.7730
v 5.4644	-2.9239	4.4855
v 5.4779	-2.9239	4.4855
v 5.4779	-2.9239	3.7730
v 5.4779	0.5726	4.4847
v 5.4644	0.5694	4.4850
v 5.4779	0.6150	4.4757
v 5.4779	0.6459	4.4617
v 5.4779	-2.9007	4.4588
v 5.4779	-2.9007	4.0833
v 5.4779	-2.9007	4.0616
v 5.4779	-2.9007	3.7998
v 5.4779	0.7108	3.7998
v 5.4779	0.7386	3.7730
v 5.4779	0.7377	4.3261
v 5.4644	0.7380	4.3229
v 5.4644	0.7108	3.7998
v 5.4779	0.7108	4.0616
v 5.4644	0.7108	4.0616
v 5.4644	-2.9007	4.0616
v 5.4644	-2.9007	4.0833
v 5.4644	-2.9007	4.4588
v 5.4644	0.5696	4.4581
v 5.4644	0.6459	4.4617
v 5.4644	0.6110	4.4771
v 5.4779	0.7103	4.3203
v 5.4779	0.7108	4.0833
v 5.4644	0.7108	4.0833
v 5.4644	0.7100	4.3231
v 5.4779	0.5667	4.4584
v 3.7187	-1.0665	4.4867
v 3.7187	-1.1111	4.4857
v 3.7112	-0.9607	4.4913
v 3.7112	-1.0077	4.4627
v 3.7112	-1.2171	4.4854
v 3.7112	-1.1688	4.4590
v 3.7112	-1.0604	4.4473
v 3.7112	-1.1154	4.4460
v 3.4981	-1.1688	4.4590
v 3.4981	-1.1154	4.4460
v 3.5219	-1.1016	4.4463
v 3.5219	-1.0742	4.4470
v 3.4981	-1.0604	4.4473
v 3.5219	-1.0857	3.7581
v 3.5219	-1.0582	3.7587
v 3.4981	-1.0995	3.7578
v 3.4981	-1.0445	3.7590
v 3.4981	-1.0077	4.4627
v 3.4981	-0.9607	4.4913
v 3.4981	-0.9227	4.5311
v 3.7112	-0.9227	4.5311
v 3.4981	-0.8963	4.5793
v 3.7112	-0.8963	4.5793
v 3.7112	-0.8833	4.6328
v 3.4981	-0.8833	4.6328
v 3.7187	-0.9336	4.5938
v 3.7187	-0.9549	4.5547
v 3.7187	-0.9857	4.5224
v 3.7187	-1.0238	4.4993
v 3.6638	-1.0689	4.6015
v 3.6638	-1.0837	4.5971
v 3.6638	-1.0558	4.6095
v 3.6638	-1.0451	4.6206
v 3.6638	-1.0377	4.6341
v 3.7187	-0.9230	4.6371
v 3.6638	-1.0341	4.6491
v 3.7112	-0.8846	4.6877
v 3.4981	-0.8846	4.6877
v 3.4981	-0.9001	4.7405
v 3.7112	-0.9001	4.7405
v 3.7112	-0.9286	4.7875
v 3.4981	-0.9286	4.7875
v 3.7187	-0.9598	4.7624
v 3.7187	-0.9366	4.7244
v 3.7187	-0.9241	4.6816
v 3.6638	-1.0345	4.6645
v 3.6638	-1.0388	4.6792
v 3.6638	-1.0468	4.6924
v 3.7187	-0.9920	4.7932
v 3.6638	-1.0579	4.7030
v 3.7112	-0.9684	4.8254
v 3.4981	-0.9684	4.8254
v 3.7112	-1.0167	4.8518
v 3.4981	-1.0167	4.8518
v 3.7187	-1.0311	4.8146
v 3.6638	-1.0714	4.7104
v 3.7187	-1.0744	4.8251
v 3.6638	-1.0864	4.7141
v 3.7112	-1.1778	4.8481
v 3.7112	-1.1251	4.8635
v 3.7112	-1.0701	4.8648
v 3.4981	-1.0701	4.8648
v 3.4981	-1.1251	4.8635
v 3.4981	-1.1778	4.8481
v 3.7112	-1.2248	4.8195
v 3.4981	-1.2248	4.8195
v 3.7112	-1.2628	4.7797
v 3.7112	-1.2891	4.7315
v 3.7112	-1.3021	4.6781
v 3.7112	-1.3009	4.6231
v 3.7112	-1.2854	4.5703
v 3.7112	-1.2568	4.5234
v 3.7187	-1.1544	4.4962
v 3.6638	-1.0991	4.5968
v 3.6638	-1.1140	4.6004
v 3.6638	-1.1018	4.7137
v 3.6638	-1.1166	4.7094
v 3.6638	-1.1297	4.7014
v 3.6638	-1.1403	4.6902
v 3.6638	-1.1477	4.6767
v 3.6638	-1.1514	4.6618
v 3.6638	-1.1510	4.6464
v 3.6638	-1.1467	4.6316
v 3.6638	-1.1387	4.6184
v 3.6638	-1.1276	4.6078
v 3.7187	-1.1189	4.8241
v 3.7187	-1.1617	4.8116
v 3.7187	-1.1998	4.7884
v 3.7187	-1.2305	4.7562
v 3.7187	-1.2519	4.7171
v 3.7187	-1.2625	4.6738
v 3.7187	-1.2614	4.6292
v 3.7187	-1.2489	4.5865
v 3.7187	-1.2257	4.5484
v 3.7187	-1.1935	4.5176
v 3.4981	-1.2568	4.5234
v 3.4981	-1.2171	4.4854
v 3.4981	-1.2854	4.5703
v 3.4981	-1.3009	4.6231
v 3.4981	-1.3021	4.6781
v 3.4981	-1.2891	4.7315
v 3.4981	-1.2628	4.7797
v 3.7187	-0.5970	4.4867
v 3.7187	-0.6416	4.4857
v 3.7112	-0.4912	4.4913
v 3.7112	-0.5381	4.4627
v 3.7112	-0.7475	4.4854
v 3.7112	-0.6993	4.4590
v 3.7112	-0.5909	4.4473
v 3.7112	-0.6459	4.4460
v 3.4981	-0.6993	4.4590
v 3.4981	-0.6459	4.4460
v 3.5219	-0.6321	4.4463
v 3.5219	-0.6046	4.4470
v 3.4981	-0.5909	4.4473
v 3.5219	-0.6162	3.7581
v 3.5219	-0.5887	3.7587
v 3.4981	-0.6299	3.7578
v 3.4981	-0.5750	3.7590
v 3.4981	-0.5381	4.4627
v 3.4981	-0.4912	4.4913
v 3.4981	-0.4532	4.5311
v 3.7112	-0.4532	4.5311
v 3.4981	-0.4268	4.5793
v 3.7112	-0.4268	4.5793
v 3.7112	-0.4138	4.6328
v 3.4981	-0.4138	4.6328
v 3.7187	-0.4640	4.5938
v 3.7187	-0.4854	4.5547
v 3.7187	-0.5162	4.5224
v 3.7187	-0.5543	4.4993
v 3.6638	-0.5994	4.6015
v 3.6638	-0.6142	4.5971
v 3.6638	-0.5862	4.6095
v 3.6638	-0.5756	4.6206
v 3.6638	-0.5682	4.6341
v 3.7187	-0.4535	4.6371
v 3.6638	-0.5646	4.6491
v 3.7112	-0.4151	4.6877
v 3.4981	-0.4151	4.6877
v 3.4981	-0.4305	4.7405
v 3.7112	-0.4305	4.7405
v 3.7112	-0.4591	4.7875
v 3.4981	-0.4591	4.7875
v 3.7187	-0.4902	4.7624
v 3.7187	-0.4671	4.7244
v 3.7187	-0.4545	4.6816
v 3.6638	-0.5649	4.6645
v 3.6638	-0.5693	4.6792
v 3.6638	-0.5773	4.6924
v 3.7187	-0.5225	4.7932
v 3.6638	-0.5884	4.7030
v 3.7112	-0.4989	4.8254
v 3.4981	-0.4989	4.8254
v 3.7112	-0.5471	4.8518
v 3.4981	-0.5471	4.8518
v 3.7187	-0.5616	4.8146
v 3.6638	-0.6019	4.7104
v 3.7187	-0.6049	4.8251
v 3.6638	-0.6169	4.7141
v 3.7112	-0.7083	4.8481
v 3.7112	-0.6555	4.8635
v 3.7112	-0.6006	4.8648
v 3.4981	-0.6006	4.8648
v 3.4981	-0.6555	4.8635
v 3.4981	-0.7083	4.8481
v 3.7112	-0.7553	4.8195
v 3.4981	-0.7553	4.8195
v 3.7112	-0.7932	4.7797
v 3.7112	-0.8196	4.7315
v 3.7112	-0.8326	4.6781
v 3.7112	-0.8313	4.6231
v 3.7112	-0.8159	4.5703
v 3.7112	-0.7873	4.5234
v 3.7187	-0.6849	4.4962
v 3.6638	-0.6296	4.5968
v 3.6638	-0.6445	4.6004
v 3.6638	-0.6323	4.7137
v 3.6638	-0.6470	4.7094
v 3.6638	-0.6602	4.7014
v 3.6638	-0.6708	4.6902
v 3.6638	-0.6782	4.6767
v 3.6638	-0.6818	4.6618
v 3.6638	-0.6815	4.6464
v 3.6638	-0.6772	4.6316
v 3.6638	-0.6692	4.6184
v 3.6638	-0.6580	4.6078
v 3.7187	-0.6494	4.8241
v 3.7187	-0.6922	4.8116
v 3.7187	-0.7302	4.7884
v 3.7187	-0.7610	4.7562
v 3.7187	-0.7824	4.7171
v 3.7187	-0.7929	4.6738
v 3.7187	-0.7919	4.6292
v 3.7187	-0.7794	4.5865
v 3.7187	-0.7562	4.5484
v 3.7187	-0.7240	4.5176
v 3.4981	-0.7873	4.5234
v 3.4981	-0.7475	4.4854
v 3.4981	-0.8159	4.5703
v 3.4981	-0.8313	4.6231
v 3.4981	-0.8326	4.6781
v 3.4981	-0.8196	4.7315
v 3.4981	-0.7932	4.7797
v 3.7187	-0.1366	4.4867
v 3.7187	-0.1812	4.4857
v 3.7112	-0.0308	4.4913
v 3.7112	-0.0778	4.4627
v 3.7112	-0.2872	4.4854
v 3.7112	-0.2389	4.4590
v 3.7112	-0.1305	4.4473
v 3.7112	-0.1855	4.4460
v 3.4981	-0.2389	4.4590
v 3.4981	-0.1855	4.4460
v 3.5219	-0.1717	4.4463
v 3.5219	-0.1443	4.4470
v 3.4981	-0.1305	4.4473
v 3.5219	-0.1558	3.7581
v 3.5219	-0.1283	3.7587
v 3.4981	-0.1696	3.7578
v 3.4981	-0.1146	3.7590
v 3.4981	-0.0778	4.4627
v 3.4981	-0.0308	4.4913
v 3.4981	0.0072	4.5311
v 3.7112	0.0072	4.5311
v 3.4981	0.0336	4.5793
v 3.7112	0.0336	4.5793
v 3.7112	0.0466	4.6328
v 3.4981	0.0466	4.6328
v 3.7187	-0.0037	4.5938
v 3.7187	-0.0250	4.5547
v 3.7187	-0.0558	4.5224
v 3.7187	-0.0939	4.4993
v 3.6638	-0.1390	4.6015
v 3.6638	-0.1538	4.5971
v 3.6638	-0.1259	4.6095
v 3.6638	-0.1152	4.6206
v 3.6638	-0.1078	4.6341
v 3.7187	0.0069	4.6371
v 3.6638	-0.1042	4.6491
v 3.7112	0.0453	4.6877
v 3.4981	0.0453	4.6877
v 3.4981	0.0298	4.7405
v 3.7112	0.0298	4.7405
v 3.7112	0.0013	4.7875
v 3.4981	0.0013	4.7875
v 3.7187	-0.0298	4.7624
v 3.7187	-0.0067	4.7244
v 3.7187	0.0058	4.6816
v 3.6638	-0.1046	4.6645
v 3.6638	-0.1089	4.6792
v 3.6638	-0.1169	4.6924
v 3.7187	-0.0621	4.7932
v 3.6638	-0.1280	4.7030
v 3.7112	-0.0385	4.8254
v 3.4981	-0.0385	4.8254
v 3.7112	-0.0868	4.8518
v 3.4981	-0.0868	4.8518
v 3.7187	-0.1012	4.8146
v 3.6638	-0.1415	4.7104
v 3.7187	-0.1445	4.8251
v 3.6638	-0.1565	4.7141
v 3.7112	-0.2479	4.8481
v 3.7112	-0.1952	4.8635
v 3.7112	-0.1402	4.8648
v 3.4981	-0.1402	4.8648
v 3.4981	-0.1952	4.8635
v 3.4981	-0.2479	4.8481
v 3.7112	-0.2949	4.8195
v 3.4981	-0.2949	4.8195
v 3.7112	-0.3329	4.7797
v 3.7112	-0.3592	4.7315
v 3.7112	-0.3722	4.6781
v 3.7112	-0.3710	4.6231
v 3.7112	-0.3555	4.5703
v 3.7112	-0.3269	4.5234
v 3.7187	-0.2245	4.4962
v 3.6638	-0.1692	4.5968
v 3.6638	-0.1841	4.6004
v 3.6638	-0.1719	4.7137
v 3.6638	-0.1867	4.7094
v 3.6638	-0.1998	4.7014
v 3.6638	-0.2104	4.6902
v 3.6638	-0.2178	4.6767
v 3.6638	-0.2215	4.6618
v 3.6638	-0.2211	4.6464
v 3.6638	-0.2168	4.6316
v 3.6638	-0.2088	4.6184
v 3.6638	-0.1976	4.6078
v 3.7187	-0.1890	4.8241
v 3.7187	-0.2318	4.8116
v 3.7187	-0.2699	4.7884
v 3.7187	-0.3006	4.7562
v 3.7187	-0.3220	4.7171
v 3.7187	-0.3325	4.6738
v 3.7187	-0.3315	4.6292
v 3.7187	-0.3190	4.5865
v 3.7187	-0.2958	4.5484
v 3.7187	-0.2636	4.5176
v 3.4981	-0.3269	4.5234
v 3.4981	-0.2872	4.4854
v 3.4981	-0.3555	4.5703
v 3.4981	-0.3710	4.6231
v 3.4981	-0.3722	4.6781
v 3.4981	-0.3592	4.7315
v 3.4981	-0.3329	4.7797
v 3.7187	0.3329	4.4867
v 3.7187	0.2883	4.4857
v 3.7112	0.4387	4.4913
v 3.7112	0.3918	4.4627
v 3.7112	0.1824	4.4854
v 3.7112	0.2306	4.4590
v 3.7112	0.3390	4.4473
v 3.7112	0.2840	4.4460
v 3.4981	0.2306	4.4590
v 3.4981	0.2840	4.4460
v 3.5219	0.2978	4.4463
v 3.5219	0.3253	4.4470
v 3.4981	0.3390	4.4473
v 3.5219	0.3137	3.7581
v 3.5219	0.3412	3.7587
v 3.4981	0.3000	3.7578
v 3.4981	0.3549	3.7590
v 3.4981	0.3918	4.4627
v 3.4981	0.4387	4.4913
v 3.4981	0.4767	4.5311
v 3.7112	0.4767	4.5311
v 3.4981	0.5031	4.5793
v 3.7112	0.5031	4.5793
v 3.7112	0.5161	4.6328
v 3.4981	0.5161	4.6328
v 3.7187	0.4659	4.5938
v 3.7187	0.4445	4.5547
v 3.7187	0.4137	4.5224
v 3.7187	0.3757	4.4993
v 3.6638	0.3305	4.6015
v 3.6638	0.3157	4.5971
v 3.6638	0.3437	4.6095
v 3.6638	0.3543	4.6206
v 3.6638	0.3617	4.6341
v 3.7187	0.4764	4.6371
v 3.6638	0.3653	4.6491
v 3.7112	0.5148	4.6877
v 3.4981	0.5148	4.6877
v 3.4981	0.4994	4.7405
v 3.7112	0.4994	4.7405
v 3.7112	0.4708	4.7875
v 3.4981	0.4708	4.7875
v 3.7187	0.4397	4.7624
v 3.7187	0.4628	4.7244
v 3.7187	0.4754	4.6816
v 3.6638	0.3650	4.6645
v 3.6638	0.3606	4.6792
v 3.6638	0.3526	4.6924
v 3.7187	0.4074	4.7932
v 3.6638	0.3415	4.7030
v 3.7112	0.4310	4.8254
v 3.4981	0.4310	4.8254
v 3.7112	0.3828	4.8518
v 3.4981	0.3828	4.8518
v 3.7187	0.3684	4.8146
v 3.6638	0.3280	4.7104
v 3.7187	0.3251	4.8251
v 3.6638	0.3130	4.7141
v 3.7112	0.2216	4.8481
v 3.7112	0.2744	4.8635
v 3.7112	0.3293	4.8648
v 3.4981	0.3293	4.8648
v 3.4981	0.2744	4.8635
v 3.4981	0.2216	4.8481
v 3.7112	0.1746	4.8195
v 3.4981	0.1746	4.8195
v 3.7112	0.1367	4.7797
v 3.7112	0.1103	4.7315
v 3.7112	0.0973	4.6781
v 3.7112	0.0986	4.6231
v 3.7112	0.1140	4.5703
v 3.7112	0.1426	4.5234
v 3.7187	0.2450	4.4962
v 3.6638	0.3004	4.5968
v 3.6638	0.2854	4.6004
v 3.6638	0.2976	4.7137
v 3.6638	0.2829	4.7094
v 3.6638	0.2697	4.7014
v 3.6638	0.2591	4.6902
v 3.6638	0.2517	4.6767
v 3.6638	0.2481	4.6618
v 3.6638	0.2484	4.6464
v 3.6638	0.2527	4.6316
v 3.6638	0.2607	4.6184
v 3.6638	0.2719	4.6078
v 3.7187	0.2805	4.8241
v 3.7187	0.2377	4.8116
v 3.7187	0.1997	4.7884
v 3.7187	0.1689	4.7562
v 3.7187	0.1475	4.7171
v 3.7187	0.1370	4.6738
v 3.7187	0.1380	4.6292
v 3.7187	0.1505	4.5865
v 3.7187	0.1737	4.5484
v 3.7187	0.2059	4.5176
v 3.4981	0.1426	4.5234
v 3.4981	0.1824	4.4854
v 3.4981	0.1140	4.5703
v 3.4981	0.0986	4.6231
v 3.4981	0.0973	4.6781
v 3.4981	0.1103	4.7315
v 3.4981	0.1367	4.7797
v 3.7187	0.7858	4.4867
v 3.7187	0.7412	4.4857
v 3.7112	0.8916	4.4913
v 3.7112	0.8447	4.4627
v 3.7112	0.6353	4.4854
v 3.7112	0.6835	4.4590
v 3.7112	0.7919	4.4473
v 3.7112	0.7369	4.4460
v 3.4981	0.6835	4.4590
v 3.4981	0.7369	4.4460
v 3.5219	0.7507	4.4463
v 3.5219	0.7781	4.4470
v 3.4981	0.7919	4.4473
v 3.5219	0.7666	3.7581
v 3.5219	0.7941	3.7587
v 3.4981	0.7529	3.7578
v 3.4981	0.8078	3.7590
v 3.4981	0.8447	4.4627
v 3.4981	0.8916	4.4913
v 3.4981	0.9296	4.5311
v 3.7112	0.9296	4.5311
v 3.4981	0.9560	4.5793
v 3.7112	0.9560	4.5793
v 3.7112	0.9690	4.6328
v 3.4981	0.9690	4.6328
v 3.7187	0.9187	4.5938
v 3.7187	0.8974	4.5547
v 3.7187	0.8666	4.5224
v 3.7187	0.8285	4.4993
v 3.6638	0.7834	4.6015
v 3.6638	0.7686	4.5971
v 3.6638	0.7966	4.6095
v 3.6638	0.8072	4.6206
v 3.6638	0.8146	4.6341
v 3.7187	0.9293	4.6371
v 3.6638	0.8182	4.6491
v 3.7112	0.9677	4.6877
v 3.4981	0.9677	4.6877
v 3.4981	0.9522	4.7405
v 3.7112	0.9522	4.7405
v 3.7112	0.9237	4.7875
v 3.4981	0.9237	4.7875
v 3.7187	0.8926	4.7624
v 3.7187	0.9157	4.7244
v 3.7187	0.9283	4.6816
v 3.6638	0.8179	4.6645
v 3.6638	0.8135	4.6792
v 3.6638	0.8055	4.6924
v 3.7187	0.8603	4.7932
v 3.6638	0.7944	4.7030
v 3.7112	0.8839	4.8254
v 3.4981	0.8839	4.8254
v 3.7112	0.8357	4.8518
v 3.4981	0.8357	4.8518
v 3.7187	0.8212	4.8146
v 3.6638	0.7809	4.7104
v 3.7187	0.7779	4.8251
v 3.6638	0.7659	4.7141
v 3.7112	0.6745	4.8481
v 3.7112	0.7273	4.8635
v 3.7112	0.7822	4.8648
v 3.4981	0.7822	4.8648
v 3.4981	0.7273	4.8635
v 3.4981	0.6745	4.8481
v 3.7112	0.6275	4.8195
v 3.4981	0.6275	4.8195
v 3.7112	0.5896	4.7797
v 3.7112	0.5632	4.7315
v 3.7112	0.5502	4.6781
v 3.7112	0.5514	4.6231
v 3.7112	0.5669	4.5703
v 3.7112	0.5955	4.5234
v 3.7187	0.6979	4.4962
v 3.6638	0.7532	4.5968
v 3.6638	0.7383	4.6004
v 3.6638	0.7505	4.7137
v 3.6638	0.7357	4.7094
v 3.6638	0.7226	4.7014
v 3.6638	0.7120	4.6902
v 3.6638	0.7046	4.6767
v 3.6638	0.7009	4.6618
v 3.6638	0.7013	4.6464
v 3.6638	0.7056	4.6316
v 3.6638	0.7136	4.6184
v 3.6638	0.7248	4.6078
v 3.7187	0.7334	4.8241
v 3.7187	0.6906	4.8116
v 3.7187	0.6525	4.7884
v 3.7187	0.6218	4.7562
v 3.7187	0.6004	4.7171
v 3.7187	0.5899	4.6738
v 3.7187	0.5909	4.6292
v 3.7187	0.6034	4.5865
v 3.7187	0.6266	4.5484
v 3.7187	0.6588	4.5176
v 3.4981	0.5955	4.5234
v 3.4981	0.6353	4.4854
v 3.4981	0.5669	4.5703
v 3.4981	0.5514	4.6231
v 3.4981	0.5502	4.6781
v 3.4981	0.5632	4.7315
v 3.4981	0.5896	4.7797
v 5.1413	-1.3849	1.4855
v 5.1413	-1.3849	3.5105
v 5.1413	1.3901	3.5105
v 5.1413	1.3901	1.4855
v 5.2313	-1.3849	1.4855
v 5.2313	-1.3849	3.5105
v 5.3438	1.3901	1.4855
v 5.1188	1.3901	1.4855
v 5.1188	-1.3849	1.4855
v 5.3438	-1.3849	1.4855
v 5.3438	1.3901	3.5105
v 5.1188	1.3901	3.5105
v 5.1188	-1.3849	3.5105
v 5.3438	-1.3849	3.5105
v 5.1188	-1.4974	3.6230
v 5.1188	-1.4974	1.3730
v 5.1188	1.5026	1.3730
v 5.1188	1.5026	3.6230
v 2.8852	0.9776	3.6230
v 4.1438	0.9776	3.6230
v 4.1438	1.5026	3.6230
v 4.1438	-1.4974	3.6230
v 4.1438	-0.9724	3.6230
v 2.8852	-0.9724	3.6230
v 2.8852	0.9776	1.9791
v 3.6924	0.9776	1.9791
v 3.6924	0.9776	1.3355
v 4.0313	0.9776	1.3355
v 4.1438	0.9776	1.3355
v 2.0888	-0.7849	1.9791
v 2.0888	0.7901	1.9791
v 2.8710	0.7901	1.9791
v 2.8710	1.0901	1.9791
v 3.6924	1.0901	1.9791
v 2.8852	-0.9724	1.9791
v 2.8710	-0.9724	1.9791
v 2.8710	-0.7849	1.9791
v 2.1638	-0.7849	1.9791
v 2.0888	-0.7849	2.1905
v 2.0888	0.7901	2.1905
v 2.0701	-0.7849	1.2758
v 2.1078	-0.7849	1.2923
v 2.1443	-0.7849	1.3112
v 2.2134	-0.7849	1.3559
v 2.2763	-0.7849	1.4089
v 2.1638	-0.9724	1.9791
v 2.2763	-1.0849	1.4089
v 2.8710	-1.0849	1.9791
v 2.2134	-1.0849	1.3559
v 2.1796	-1.0849	1.3325
v 2.1443	-1.0849	1.3112
v 2.1078	-1.0849	1.2923
v 2.0701	-1.0849	1.2758
v 1.8034	-1.0849	2.6085
v 2.1638	-1.0849	3.4650
v 2.1638	-1.0849	3.6230
v 3.6924	-1.0849	1.9791
v 4.0313	-1.0849	3.6230
v 4.0313	-1.0849	1.3355
v 3.6924	-1.0849	1.3355
v 3.6924	-0.9724	1.3355
v 4.0313	-0.9724	1.3355
v 3.6924	-0.9724	1.9791
v 4.1438	-0.9724	1.3355
v 4.1438	-1.4974	1.3355
v 5.1188	-1.4974	1.3355
v 5.1188	1.5026	1.3355
v 4.1438	1.5026	1.3355
v 4.0313	-1.6324	3.3980
v 4.0313	-1.4974	3.3980
v 4.0313	-1.4974	3.6230
v 4.0313	-1.5574	1.3355
v 4.0313	-1.5574	3.2480
v 4.0313	-1.6324	3.2480
v 3.5305	-1.4974	3.3980
v 3.5305	-1.4974	3.6230
v 3.4924	-1.5574	3.3980
v 3.5212	-1.5199	3.3980
v 4.0313	-1.5574	3.3980
v 3.1315	-1.5199	3.3980
v 3.1221	-1.4974	3.3980
v 3.3846	-1.5574	3.3980
v 3.2681	-1.5574	3.3980
v 3.1602	-1.5574	3.3980
v 3.1221	-1.4974	3.6230
v 3.1090	-1.4656	3.6230
v 3.1090	-1.4656	2.6916
v 3.1315	-1.5199	2.6916
v 2.1638	-1.5574	3.3980
v 2.1638	-1.4974	3.3980
v 2.1638	-1.4974	3.6230
v 2.1638	-1.5574	3.5722
v 2.1638	-2.9606	3.5722
v 2.1638	-2.9606	3.6703
v 2.1638	-2.4461	3.6703
v 2.1638	-2.4461	3.7730
v 2.1638	2.9674	3.7730
v 2.1638	2.9674	3.6230
v 2.1638	1.5626	3.6230
v 2.1638	1.5626	3.3980
v 2.1638	1.5026	3.3980
v 2.1638	1.5026	3.6230
v 2.1638	1.0901	3.6230
v 2.1638	1.0901	3.4650
v 3.4388	-1.2125	3.6230
v 3.3846	-1.1900	3.6230
v 3.3263	-1.1824	3.6230
v 3.2681	-1.1900	3.6230
v 3.2138	-1.2125	3.6230
v 3.1672	-1.2483	3.6230
v 3.1315	-1.2949	3.6230
v 3.1090	-1.3491	3.6230
v 3.1013	-1.4074	3.6230
v 3.5437	-1.4656	3.6230
v 3.5513	-1.4074	3.6230
v 3.5437	-1.3491	3.6230
v 3.5212	-1.2949	3.6230
v 3.4854	-1.2483	3.6230
v 3.4388	-1.2125	2.6916
v 3.3846	-1.1900	2.6916
v 3.4854	-1.2483	2.6916
v 3.5212	-1.2949	2.6916
v 3.5437	-1.3491	2.6916
v 3.5513	-1.4074	2.6916
v 3.5437	-1.4656	2.6916
v 3.5212	-1.5199	2.6916
v 3.4916	-1.5584	3.6008
v 3.4907	-1.5596	3.6046
v 3.4893	-1.5614	3.6081
v 3.4854	-1.5665	3.6146
v 3.4854	-1.5665	2.6916
v 3.4924	-1.5574	3.5720
v 3.4924	-1.5574	3.5931
v 3.4922	-1.5576	3.5970
v 3.4924	-1.5574	3.6230
v 3.3846	-1.5574	3.6230
v 3.3846	-1.5574	3.5931
v 3.1602	-1.5574	3.6230
v 3.1672	-1.5665	3.6230
v 3.1944	-1.5873	3.6230
v 3.2681	-1.5873	3.6230
v 3.4583	-1.5873	3.6230
v 3.4854	-1.5665	3.6230
v 3.1602	-1.5574	3.5931
v 3.1602	-1.5574	3.5721
v 3.2681	-1.5574	3.5150
v 3.3846	-1.5574	3.5150
v 3.3846	-1.5574	3.5720
v 3.1672	-1.5665	3.6146
v 3.1672	-1.5665	3.5722
v 3.1602	-1.5574	3.5722
v 3.2138	-1.6022	3.5722
v 3.2138	-1.6022	3.6230
v 3.1893	-1.5834	3.6228
v 3.1843	-1.5796	3.6220
v 3.1795	-1.5759	3.6208
v 3.1749	-1.5723	3.6190
v 3.1706	-1.5691	3.6169
v 3.2681	-1.6247	3.5722
v 3.2681	-1.6247	3.6230
v 3.4634	-1.5834	3.6228
v 3.4820	-1.5691	3.6169
v 3.4778	-1.5723	3.6190
v 3.4388	-1.6022	3.6230
v 3.4388	-1.6022	2.6916
v 3.4732	-1.5759	3.6208
v 3.4684	-1.5796	3.6220
v 3.3846	-1.6247	3.6230
v 3.3846	-1.5873	3.6230
v 3.3846	-1.6247	3.5720
v 3.3846	-1.6247	3.5150
v 3.3846	-2.9606	3.5150
v 3.3846	-2.9606	3.5720
v 3.2681	-1.6247	3.5150
v 3.2681	-2.9606	3.5150
v 3.2681	-1.6247	3.3980
v 3.3846	-1.6247	3.3980
v 3.3263	-1.6324	3.3980
v 3.2681	-1.6247	2.6916
v 3.3263	-1.6324	2.6916
v 3.3846	-1.6247	2.6916
v 3.2138	-1.6022	2.6916
v 3.2681	-2.9606	3.5722
v 3.1672	-1.5665	2.6916
v 3.3263	-1.5718	2.6916
v 3.2837	-1.5662	2.6916
v 3.2441	-1.5498	2.6916
v 3.2100	-1.5237	2.6916
v 3.1839	-1.4896	2.6916
v 3.1674	-1.4499	2.6916
v 3.1013	-1.4074	2.6916
v 3.1090	-1.3491	2.6916
v 3.1315	-1.2949	2.6916
v 3.1839	-1.3251	2.6916
v 3.1674	-1.3648	2.6916
v 3.1618	-1.4074	2.6916
v 3.1674	-1.4499	2.1291
v 3.1618	-1.4074	2.1291
v 3.1839	-1.4896	2.1291
v 3.2100	-1.5237	2.1291
v 3.2441	-1.5498	2.1291
v 3.1315	-1.5199	2.1291
v 3.2837	-1.5662	2.1291
v 3.1672	-1.5665	2.1291
v 3.3263	-1.5718	2.1291
v 3.2138	-1.6022	2.1291
v 3.1672	-1.5665	1.9791
v 3.2138	-1.6022	1.9791
v 3.1315	-1.5199	1.9791
v 3.1090	-1.4656	2.1291
v 3.1090	-1.4656	1.9791
v 3.1013	-1.4074	2.1291
v 3.1674	-1.3648	2.1291
v 3.1839	-1.3251	2.1291
v 3.2100	-1.2911	2.6916
v 3.2100	-1.2911	2.1291
v 3.1672	-1.2483	2.6916
v 3.2138	-1.2125	2.6916
v 3.2681	-1.1900	2.6916
v 3.3263	-1.1824	2.6916
v 3.3263	-1.2429	2.6916
v 3.3689	-1.2485	2.6916
v 3.4086	-1.2649	2.6916
v 3.4426	-1.2911	2.6916
v 3.4688	-1.3251	2.6916
v 3.4852	-1.3648	2.6916
v 3.4908	-1.4074	2.6916
v 3.4852	-1.4499	2.6916
v 3.4688	-1.4896	2.6916
v 3.4426	-1.5237	2.6916
v 3.4086	-1.5498	2.6916
v 3.3689	-1.5662	2.6916
v 3.3689	-1.5662	2.1291
v 3.4854	-1.5665	2.1291
v 3.4388	-1.6022	2.1291
v 3.2681	-1.6247	2.1291
v 3.3846	-1.6247	2.1291
v 3.3263	-1.6324	2.1291
v 3.2681	-1.6247	1.9791
v 3.3263	-1.6324	1.9791
v 2.9602	-1.6699	1.9791
v 2.9602	-1.1449	1.9791
v 3.1013	-1.4074	1.9791
v 3.1090	-1.3491	2.1291
v 3.1090	-1.3491	1.9791
v 3.1315	-1.2949	2.1291
v 3.1672	-1.2483	2.1291
v 3.2441	-1.2649	2.1291
v 3.2441	-1.2649	2.6916
v 3.2837	-1.2485	2.6916
v 3.3263	-1.2429	2.1291
v 3.2837	-1.2485	2.1291
v 3.2138	-1.2125	2.1291
v 3.4388	-1.2125	2.1291
v 3.4854	-1.2483	2.1291
v 3.3689	-1.2485	2.1291
v 3.4086	-1.2649	2.1291
v 3.4426	-1.2911	2.1291
v 3.5212	-1.2949	2.1291
v 3.4688	-1.3251	2.1291
v 3.5437	-1.3491	2.1291
v 3.4852	-1.3648	2.1291
v 3.4908	-1.4074	2.1291
v 3.5513	-1.4074	2.1291
v 3.4852	-1.4499	2.1291
v 3.5437	-1.4656	2.1291
v 3.4688	-1.4896	2.1291
v 3.5212	-1.5199	2.1291
v 3.4426	-1.5237	2.1291
v 3.4086	-1.5498	2.1291
v 3.5212	-1.5199	1.9791
v 3.4854	-1.5665	1.9791
v 3.5437	-1.4656	1.9791
v 3.5513	-1.4074	1.9791
v 3.5437	-1.3491	1.9791
v 3.5212	-1.2949	1.9791
v 3.4854	-1.2483	1.9791
v 3.4388	-1.2125	1.9791
v 3.6924	-1.1449	1.9791
v 3.6924	-1.6699	1.9791
v 3.4388	-1.6022	1.9791
v 3.3846	-1.6247	1.9791
v 3.4016	-1.6699	1.8939
v 3.4717	-1.6699	1.8649
v 3.5319	-1.6699	1.8187
v 3.5781	-1.6699	1.7584
v 3.6072	-1.6699	1.6883
v 3.6924	-1.6699	1.3950
v 3.6874	-1.6699	1.3567
v 3.6811	-1.6699	1.3384
v 3.6726	-1.6699	1.3210
v 3.6618	-1.6699	1.3049
v 3.6171	-1.6699	1.6130
v 3.6072	-1.1449	1.6883
v 3.6171	-1.1449	1.6130
v 3.6072	-2.0924	1.6883
v 3.6171	-2.0924	1.6130
v 3.5781	-2.0924	1.7584
v 3.5781	-1.1449	1.7584
v 3.5319	-1.1449	1.8187
v 3.5319	-2.0924	1.8187
v 3.4717	-2.0924	1.8649
v 3.4717	-1.1449	1.8649
v 3.4016	-1.1449	1.8939
v 3.3263	-1.6699	1.9038
v 3.3263	-1.1449	1.9038
v 3.2511	-1.6699	1.8939
v 3.2511	-1.1449	1.8939
v 3.1809	-1.6699	1.8649
v 3.1809	-1.1449	1.8649
v 3.1207	-1.6699	1.8187
v 3.1207	-1.1449	1.8187
v 3.0745	-1.1449	1.7584
v 3.0745	-1.6699	1.7584
v 3.0745	2.0976	1.7584
v 3.1207	2.0976	1.8187
v 3.0455	2.0976	1.6883
v 3.0455	-1.1449	1.6883
v 3.0355	-1.1449	1.6130
v 3.0355	2.0976	1.6130
v 3.0455	-1.6699	1.6883
v 3.0355	-1.6699	1.6130
v 3.6924	-1.1449	1.3950
v 3.6874	-1.1449	1.3567
v 3.6811	-1.1449	1.3384
v 3.6726	-1.1449	1.3210
v 3.6618	-1.1449	1.3049
v 3.6490	-1.1449	1.2903
v 3.6490	-1.6699	1.2903
v 3.6171	2.0976	1.6130
v 3.6072	2.0976	1.6883
v 3.0745	2.0976	1.4677
v 3.0455	2.0976	1.5378
v 3.1809	2.0976	1.8649
v 3.2511	2.0976	1.8939
v 3.3263	2.0976	1.9038
v 3.4016	2.0976	1.8939
v 3.4717	2.0976	1.8649
v 3.5319	2.0976	1.8187
v 3.5781	2.0976	1.7584
v 3.6072	2.0976	1.5378
v 3.5781	2.0976	1.4677
v 3.5319	2.0976	1.4074
v 3.4717	2.0976	1.3612
v 3.4016	2.0976	1.3322
v 3.3263	2.0976	1.3223
v 3.2511	2.0976	1.3322
v 3.1809	2.0976	1.3612
v 3.1207	2.0976	1.4074
v 3.0745	-1.1449	1.4677
v 3.0455	-1.1449	1.5378
v 3.1207	-1.1449	1.4074
v 3.1809	-1.1449	1.3612
v 3.2511	-1.1449	1.3322
v 3.3263	-1.1449	1.3223
v 3.4016	-1.1449	1.3322
v 3.4717	-1.1449	1.3612
v 3.5319	-1.1449	1.4074
v 3.5781	-1.1449	1.4677
v 3.6072	-1.1449	1.5378
v 3.6072	-1.6699	1.5378
v 3.6072	-2.0924	1.5378
v 3.6010	-1.6699	1.2582
v 3.6184	-1.6699	1.2668
v 3.6010	-1.1449	1.2582
v 3.6184	-1.1449	1.2668
v 3.5827	-1.6699	1.2520
v 3.5827	-1.1449	1.2520
v 3.5637	-1.6699	1.2482
v 3.5637	-1.1449	1.2482
v 3.5443	-1.6699	1.2470
v 3.5443	-1.1449	1.2470
v 3.1104	-1.6699	1.2470
v 3.1104	-1.1449	1.2470
v 3.0908	-1.6699	1.2482
v 3.0908	-1.1449	1.2482
v 3.0715	-1.6699	1.2521
v 3.0715	-1.1449	1.2521
v 3.0529	-1.6699	1.2584
v 3.0529	-1.1449	1.2584
v 3.0353	-1.6699	1.2671
v 3.0353	-1.1449	1.2671
v 3.0190	-1.6699	1.2780
v 3.0190	-1.1449	1.2780
v 3.0042	-1.6699	1.2909
v 3.0042	-1.1449	1.2909
v 2.9913	-1.6699	1.3057
v 2.9913	-1.1449	1.3057
v 3.4016	-2.0924	1.8939
v 3.3263	-2.0924	1.9038
v 3.0745	-2.0924	1.7584
v 3.0455	-2.0924	1.6883
v 3.0355	-2.0924	1.6130
v 3.0455	-2.0924	1.5378
v 3.0745	-2.0924	1.4677
v 3.1207	-2.0924	1.4074
v 3.1809	-2.0924	1.3612
v 3.2511	-2.0924	1.3322
v 3.3263	-2.0924	1.3223
v 3.4016	-2.0924	1.3322
v 3.4717	-2.0924	1.3612
v 3.5319	-2.0924	1.4074
v 3.5781	-2.0924	1.4677
v 3.2511	-2.0924	1.8939
v 3.1809	-2.0924	1.8649
v 3.1207	-2.0924	1.8187
v 3.0455	-1.6699	1.5378
v 3.6345	-1.1449	1.2776
v 3.6345	-1.6699	1.2776
v 3.5781	-1.6699	1.4677
v 3.5319	-1.6699	1.4074
v 3.4717	-1.6699	1.3612
v 3.4016	-1.6699	1.3322
v 3.3263	-1.6699	1.3223
v 3.2511	-1.6699	1.3322
v 3.1809	-1.6699	1.3612
v 3.1207	-1.6699	1.4074
v 3.0745	-1.6699	1.4677
v 2.9804	-1.1449	1.3220
v 2.9804	-1.6699	1.3220
v 2.9717	-1.6699	1.3397
v 2.9654	-1.6699	1.3582
v 2.9602	-1.6699	1.3971
v 2.9602	-1.1449	1.3971
v 2.9654	-1.1449	1.3582
v 2.9717	-1.1449	1.3397
v 3.3263	-1.1824	1.9791
v 3.2681	-1.1900	1.9791
v 3.2138	-1.2125	1.9791
v 3.1672	-1.2483	1.9791
v 3.1315	-1.2949	1.9791
v 3.2681	-1.1900	2.1291
v 3.3263	-1.1824	2.1291
v 3.3846	-1.1900	2.1291
v 3.3846	-1.1900	1.9791
v 4.5031	-2.9606	3.5713
v 4.4588	-2.9606	3.6230
v 5.4938	-2.9606	3.6230
v 5.4938	-2.9606	3.6703
v 4.5031	-1.5574	3.5713
v 4.5203	-1.5574	3.5513
v 4.5203	-2.8982	3.5513
v 4.8630	-2.8982	3.1511
v 4.8630	-2.9606	3.1511
v 5.4338	-1.5574	3.5713
v 4.8788	-1.5574	3.3980
v 4.8788	-1.5574	3.5195
v 5.4338	-1.5574	3.5195
v 5.4338	-1.5574	3.5513
v 4.8788	-1.6324	3.3980
v 4.8788	-1.6324	3.5195
v 5.4338	-1.6324	3.5195
v 5.4338	-2.8982	3.5513
v 5.4338	-2.5784	3.3680
v 5.4338	-2.8514	3.3680
v 5.4338	-2.8514	3.2030
v 5.4338	-2.8982	3.1511
v 5.4338	-1.6324	3.1511
v 5.4338	-2.5784	3.2030
v 5.4038	-2.5784	3.2030
v 5.4038	-2.5784	3.3680
v 5.4038	-2.8514	3.2030
v 5.4038	-2.8514	3.3680
v 5.4188	-1.6324	2.9192
v 5.3438	-1.6324	2.8154
v 5.3438	-1.6324	1.4030
v 5.2688	-1.6324	1.2308
v 4.8788	-1.6324	1.3355
v 4.0830	-1.6324	1.2308
v 4.0313	-1.6324	1.3355
v 4.8788	-1.5574	1.3355
v 4.8788	-1.6324	3.2480
v 4.8788	-1.5574	3.2480
v 4.0313	-1.6324	1.2825
v 4.0313	1.5026	1.2825
v 4.0313	1.5026	1.2908
v 4.0313	-1.4974	1.2908
v 4.0313	-1.4974	1.2825
v 4.0313	1.0901	1.3355
v 4.0313	1.6376	1.3355
v 4.0313	1.6376	1.2825
v 5.2088	1.5026	1.2908
v 4.0318	1.5026	1.2757
v 4.0331	1.5026	1.2691
v 4.0353	1.5026	1.2627
v 4.0382	1.5026	1.2566
v 4.0420	1.5026	1.2510
v 4.0465	1.5026	1.2459
v 4.0515	1.5026	1.2415
v 4.0572	1.5026	1.2377
v 4.0632	1.5026	1.2347
v 4.0696	1.5026	1.2326
v 4.0762	1.5026	1.2312
v 4.0830	1.5026	1.2308
v 5.2088	1.5026	1.2308
v 5.2088	-1.4974	1.2908
v 5.2088	-1.4974	1.2308
v 4.0331	-1.4974	1.2691
v 4.0318	-1.4974	1.2757
v 4.0830	-1.4974	1.2308
v 4.0762	-1.4974	1.2312
v 4.0696	-1.4974	1.2326
v 4.0632	-1.4974	1.2347
v 4.0572	-1.4974	1.2377
v 4.0515	-1.4974	1.2415
v 4.0465	-1.4974	1.2459
v 4.0420	-1.4974	1.2510
v 4.0382	-1.4974	1.2566
v 4.0353	-1.4974	1.2627
v 5.2688	-1.4974	1.2308
v 5.2688	-1.6324	1.1949
v 5.2688	-1.4974	1.1949
v 5.4038	-1.6324	1.3355
v 5.4657	-1.6324	0.9980
v 5.5495	-1.6324	0.9980
v 5.5823	-1.6324	1.0355
v 5.5823	-1.6324	1.1753
v 5.8543	-1.6324	1.1753
v 5.9721	-1.6324	1.3355
v 5.8870	-1.6324	0.9980
v 5.9747	-1.6324	0.9980
v 5.9782	-1.6324	1.3351
v 5.9804	-1.6324	0.9984
v 6.0184	-1.6324	1.2950
v 6.0184	-1.6324	1.0364
v 6.0188	-1.6324	1.0422
v 6.0188	-1.6324	1.2889
v 6.0188	-0.3874	1.0422
v 6.0188	-0.3874	1.2889
v 6.0459	-0.3874	1.0422
v 6.0459	-0.3874	1.2889
v 6.0488	-0.3874	1.0856
v 6.0757	-0.3874	1.0487
v 6.1030	-0.3874	1.0623
v 6.1261	-0.3874	1.0821
v 6.1437	-0.3874	1.1069
v 6.1261	-0.3274	1.0821
v 6.1437	-0.3274	1.1069
v 6.1437	-0.3274	1.2242
v 6.1547	-0.3274	1.1958
v 6.1547	-0.3274	1.1353
v 6.1584	-0.3274	1.1655
v 6.1547	-0.3874	1.1958
v 6.1584	-0.3874	1.1655
v 6.1437	-0.3874	1.2242
v 6.1261	-0.3274	1.2490
v 6.1261	-0.3874	1.2490
v 6.1547	-0.3874	1.1353
v 6.1030	-0.3874	1.2688
v 6.1030	-0.3274	1.2688
v 6.0757	-0.3874	1.2824
v 6.0757	-0.3274	1.2824
v 6.0459	-0.3274	1.2889
v 6.0188	-0.3274	1.2889
v 6.0188	-0.3274	1.0422
v 6.0459	-0.3274	1.0422
v 6.0488	-0.3274	1.2454
v 6.0488	-0.3874	1.2454
v 6.0488	-0.3274	1.0856
v 6.0757	-0.3274	1.0487
v 6.1030	-0.3274	1.0623
v 6.0188	0.3326	1.0422
v 6.0188	0.3326	1.2889
v 6.0459	0.3326	1.0422
v 6.0459	0.3326	1.2889
v 6.0488	0.3326	1.0856
v 6.0757	0.3326	1.0487
v 6.1030	0.3326	1.0623
v 6.1261	0.3326	1.0821
v 6.1437	0.3326	1.1069
v 6.1261	0.3926	1.0821
v 6.1437	0.3926	1.1069
v 6.1437	0.3926	1.2242
v 6.1547	0.3926	1.1958
v 6.1547	0.3926	1.1353
v 6.1584	0.3926	1.1655
v 6.1547	0.3326	1.1958
v 6.1584	0.3326	1.1655
v 6.1437	0.3326	1.2242
v 6.1261	0.3926	1.2490
v 6.1261	0.3326	1.2490
v 6.1547	0.3326	1.1353
v 6.1030	0.3326	1.2688
v 6.1030	0.3926	1.2688
v 6.0757	0.3326	1.2824
v 6.0757	0.3926	1.2824
v 6.0459	0.3926	1.2889
v 6.0188	0.3926	1.2889
v 6.0188	0.3926	1.0422
v 6.0459	0.3926	1.0422
v 6.0488	0.3926	1.2454
v 6.0488	0.3326	1.2454
v 6.0488	0.3926	1.0856
v 6.0757	0.3926	1.0487
v 6.1030	0.3926	1.0623
v 6.0188	1.6376	1.0422
v 6.0188	1.6376	1.2889
v 6.0184	1.6376	1.0364
v 6.0184	1.6376	1.2950
v 5.9804	1.6376	0.9984
v 5.9747	1.6376	0.9980
v 5.4657	-1.4974	0.9980
v 5.4657	1.5026	0.9980
v 5.4657	1.6376	0.9980
v 5.5495	1.6376	0.9980
v 5.5495	1.5476	0.9980
v 5.8870	1.5476	0.9980
v 5.8870	1.6376	0.9980
v 5.8870	-1.5424	0.9980
v 5.5495	-1.5424	0.9980
v 5.4657	-1.4974	1.2908
v 5.4657	1.5026	1.2908
v 5.2688	-1.4974	1.2908
v 5.2688	1.5026	1.2908
v 5.2688	1.5026	1.2308
v 4.0830	1.6376	1.2308
v 5.2688	1.6376	1.2308
v 4.8788	1.6376	1.3355
v 4.8788	1.6376	3.5855
v 5.3438	1.6376	2.8154
v 5.4188	1.6376	2.9192
v 5.4338	1.6376	3.5855
v 5.4338	1.6376	3.1511
v 5.4938	1.6376	3.1511
v 5.4338	2.9050	3.1511
v 4.8630	2.9050	3.1511
v 4.8630	2.9674	3.1511
v 5.4938	2.9674	3.1511
v 5.4338	2.9050	3.6230
v 4.4588	2.9050	3.6230
v 3.3846	1.6300	3.6230
v 3.3846	2.9674	3.6230
v 4.4588	2.9674	3.6230
v 5.4338	1.5626	3.6230
v 3.4924	1.5626	3.6230
v 3.4854	1.5717	3.6230
v 3.4583	1.5925	3.6230
v 3.4388	1.6075	3.6230
v 3.3846	2.9674	3.5722
v 3.3846	1.6300	3.5722
v 3.2681	2.9674	3.5722
v 3.2681	2.9674	3.6230
v 5.4188	2.9674	3.7730
v 5.4938	2.9674	3.6230
v 5.4618	2.9674	3.7853
v 5.4673	2.9674	3.7876
v 5.4719	2.9674	3.7911
v 5.4755	2.9674	3.7958
v 5.4777	2.9674	3.8012
v 5.4938	2.9674	3.8480
v 5.4785	2.9674	3.8071
v 5.4365	2.9674	3.7958
v 5.4343	2.9674	3.8012
v 5.4335	2.9674	3.8071
v 5.4343	2.9674	3.8129
v 5.4365	2.9674	3.8183
v 5.4401	2.9674	3.8230
v 5.4448	2.9674	3.8265
v 5.4502	2.9674	3.8288
v 5.4560	2.9674	3.8296
v 5.4618	2.9674	3.8288
v 5.4673	2.9674	3.8265
v 5.4719	2.9674	3.8230
v 5.4755	2.9674	3.8183
v 5.4777	2.9674	3.8129
v 5.4560	2.9674	3.7846
v 5.4502	2.9674	3.7853
v 5.4448	2.9674	3.7876
v 5.4401	2.9674	3.7911
v 5.4188	2.9674	3.8480
v 5.4341	2.9117	3.8480
v 5.4188	1.4126	3.8480
v 5.4364	2.9060	3.8480
v 5.4400	2.9011	3.8480
v 5.4447	2.8974	3.8480
v 5.4501	2.8950	3.8480
v 5.4560	2.8942	3.8480
v 5.4618	2.8950	3.8480
v 5.4673	2.8974	3.8480
v 5.4720	2.9011	3.8480
v 5.4756	2.9060	3.8480
v 5.4778	2.9117	3.8480
v 5.4938	1.4126	3.8480
v 5.4188	1.4126	3.7730
v 5.4938	1.4126	3.7730
v 3.0661	1.0595	3.7730
v 2.2538	-0.2599	3.7730
v 2.2538	-0.5599	3.7730
v 2.9978	-1.6324	3.7730
v 2.9978	-2.4461	3.7730
v 2.9978	-2.4461	3.6703
v 2.9171	-2.9029	3.6703
v 2.9112	-2.9037	3.6703
v 2.9058	-2.9060	3.6703
v 2.9011	-2.9098	3.6703
v 2.9009	-2.9101	3.6703
v 2.9006	-2.9103	3.6703
v 2.8970	-2.9152	3.6703
v 2.8948	-2.9208	3.6703
v 2.8940	-2.9269	3.6703
v 2.8948	-2.9329	3.6703
v 2.8970	-2.9386	3.6703
v 2.9006	-2.9434	3.6703
v 2.9052	-2.9472	3.6703
v 2.9165	-2.9503	3.6703
v 4.5671	-2.9497	3.6703
v 4.5729	-2.9489	3.6703
v 5.4938	-1.6324	3.6703
v 5.4938	0.6241	3.6230
v 5.4938	0.6926	3.7013
v 5.4938	0.6926	3.7730
v 5.4938	-1.6324	3.7730
v 5.4938	-1.6324	3.6230
v 5.4938	-1.6324	3.1511
v 5.4938	-1.4974	3.1511
v 5.4938	-1.4974	3.2203
v 5.4938	-1.4974	3.5499
v 5.4938	-1.4967	3.5595
v 5.4938	-1.4949	3.5688
v 5.4938	-1.4918	3.5779
v 5.4938	-1.4876	3.5865
v 5.4938	-1.4823	3.5944
v 5.4938	-1.4759	3.6016
v 5.4938	-1.4688	3.6079
v 5.4938	-1.4608	3.6132
v 5.4938	-1.4522	3.6175
v 5.4938	-1.4432	3.6205
v 5.4938	-1.4338	3.6224
v 5.4938	-1.4242	3.6230
v 5.4938	-1.3794	1.3355
v 5.5313	-1.3794	1.3355
v 5.5313	0.6926	3.7013
v 5.5313	-1.2193	1.5080
v 5.5313	-1.3391	1.3580
v 5.5313	-1.3391	1.3355
v 5.9063	-1.3794	1.3355
v 5.9063	-1.3391	1.3355
v 5.9063	-1.3391	1.3580
v 5.9063	-1.2193	1.5080
v 5.9063	0.6926	3.7013
v 5.9438	-1.3794	1.3355
v 5.9438	0.6926	3.7013
v 5.9438	-1.0699	1.3355
v 5.9438	-1.0699	1.3998
v 5.9063	-1.0699	1.3355
v 5.9063	-1.0699	1.3998
v 5.9721	1.6376	1.3355
v 5.4038	1.6376	1.3355
v 5.4938	-1.0699	1.3355
v 5.4938	0.6881	3.4715
v 5.4938	0.6926	3.4778
v 5.4938	0.6926	3.6230
v 5.4938	-1.0699	1.3998
v 5.4938	-1.0696	1.4100
v 5.4938	-1.0686	1.4202
v 5.4938	-1.0671	1.4303
v 5.4938	-1.0650	1.4403
v 5.4938	-1.0623	1.4502
v 5.4938	-1.0589	1.4599
v 5.4938	-1.0550	1.4693
v 5.4938	-1.0506	1.4786
v 5.4938	-1.0456	1.4875
v 5.4938	-1.0401	1.4961
v 5.4938	-1.0341	1.5044
v 5.4938	-1.0276	1.5123
v 5.4938	0.6818	3.4639
v 5.5313	0.6939	3.4795
v 5.4938	0.7226	3.5725
v 5.5313	0.7226	3.5725
v 5.4938	0.7226	3.7355
v 5.5313	0.7226	3.7355
v 5.5313	0.7226	3.6295
v 5.5313	0.7226	3.6070
v 5.4938	0.9015	3.7355
v 5.9946	0.9015	3.7355
v 5.9946	0.7226	3.7355
v 5.9063	0.7226	3.7355
v 5.4938	0.9500	3.7355
v 5.9946	0.9500	3.7355
v 5.4938	1.4126	3.6230
v 5.4938	1.4126	3.7355
v 5.4938	1.3226	3.7355
v 5.4938	1.2425	3.7355
v 5.4938	1.2425	3.7055
v 5.4938	0.9015	3.7055
v 5.4938	1.1940	3.7355
v 5.4938	1.3226	3.7355
v 5.4938	1.4126	3.7355
v 5.4938	1.4126	3.7355
v 5.4938	0.7226	3.6230
v 5.4938	1.3226	3.6230
v 5.5313	1.3226	3.7355
v 5.5313	1.4126	3.7355
v 5.7938	1.4126	3.7355
v 5.7938	1.3226	3.7355
v 5.5313	1.3417	3.4505
v 5.5313	1.3387	3.4433
v 5.5313	1.3376	3.4355
v 5.5313	1.3417	3.1880
v 5.5313	1.3387	3.1808
v 5.5313	1.3376	3.1730
v 5.5313	1.3417	2.9255
v 5.5313	1.3387	2.9183
v 5.5313	1.3376	2.9105
v 5.5313	1.3417	2.6630
v 5.5313	1.3387	2.6558
v 5.5313	1.3376	2.6480
v 5.5313	1.3387	2.3933
v 5.5313	1.3376	2.3855
v 5.5313	1.3387	2.1308
v 5.5313	1.3376	2.1230
v 5.5313	1.3387	1.8683
v 5.5313	1.3376	1.8605
v 5.5313	1.3387	1.6058
v 5.5313	1.3376	1.5980
v 5.5313	1.3226	1.3805
v 5.5313	1.3387	1.5903
v 5.5313	1.3417	1.5830
v 5.5313	1.3464	1.5768
v 5.5313	1.3526	1.5721
v 5.5313	1.3599	1.5691
v 5.5313	1.3676	1.5680
v 5.5313	1.3754	1.5691
v 5.5313	1.3826	1.5721
v 5.5313	1.3888	1.5768
v 5.5313	1.3936	1.5830
v 5.5313	1.3966	1.5903
v 5.5313	1.4126	1.3355
v 5.5313	1.1726	1.3355
v 5.5313	1.1726	1.3805
v 5.4938	1.1726	1.3805
v 5.4938	1.1726	1.3355
v 5.4938	1.3226	1.3805
v 5.4938	1.4126	1.3355
v 5.3438	-1.4242	3.6230
v 5.3438	1.4266	3.6230
v 5.4938	1.4266	3.6230
v 5.3438	-1.4338	3.6224
v 5.3438	1.4365	3.6224
v 5.3438	-1.4432	3.6205
v 5.3438	1.4463	3.6205
v 5.3438	-1.4522	3.6175
v 5.3438	1.4557	3.6173
v 5.3438	-1.4608	3.6132
v 5.3438	1.4646	3.6129
v 5.3438	-1.4688	3.6079
v 5.3438	1.4729	3.6073
v 5.3438	-1.4759	3.6016
v 5.3438	1.4804	3.6008
v 5.3438	-1.4823	3.5944
v 5.3438	1.4869	3.5933
v 5.3438	-1.4876	3.5865
v 5.3438	1.4924	3.5850
v 5.3438	-1.4918	3.5779
v 5.3438	1.4968	3.5761
v 5.3438	-1.4949	3.5688
v 5.3438	1.5000	3.5667
v 5.3438	-1.4967	3.5595
v 5.3438	1.5020	3.5569
v 5.3438	-1.4974	3.5499
v 5.3438	1.5026	3.5470
v 5.3438	-1.4974	1.4030
v 5.3438	1.5026	1.4030
v 5.4038	-1.6324	1.4030
v 5.4038	1.6376	1.4030
v 5.3438	1.6376	1.4030
v 5.2688	1.6376	1.1949
v 5.5823	1.6376	1.1753
v 5.8543	1.6376	1.1753
v 5.9782	1.6376	1.3351
v 5.8543	1.6376	1.0355
v 5.5823	1.6376	1.0355
v 5.5823	1.5476	1.0355
v 5.5823	1.5476	1.1753
v 5.8543	1.5476	1.0355
v 5.8543	1.5476	1.1753
v 5.8543	1.6376	0.9653
v 5.8869	1.6376	0.6419
v 5.8870	1.6376	0.6447
v 5.8870	1.5476	0.6447
v 5.5495	1.5476	0.6452
v 5.5495	1.6376	0.6452
v 5.5717	1.5476	0.6230
v 5.5823	1.5476	0.6558
v 5.5823	1.5476	0.7955
v 5.5823	1.5476	0.8255
v 5.5823	1.5476	0.9653
v 5.8543	1.5476	0.9653
v 5.8654	1.5476	0.6230
v 5.8543	1.5476	0.6558
v 5.8543	1.6376	0.6558
v 5.5823	1.6376	0.6558
v 5.8543	1.5476	0.7955
v 5.8543	1.6376	0.7955
v 5.8543	1.5476	0.8255
v 5.8543	1.6376	0.8255
v 5.5823	1.6376	0.9653
v 5.5823	1.6376	0.8255
v 5.5717	1.6376	0.6230
v 5.5823	1.6376	0.7955
v 5.8654	1.6376	0.6230
v 5.8313	1.1726	1.3355
v 5.5313	-1.0699	1.3355
v 5.5313	-1.0841	1.3355
v 5.9063	-1.0841	1.3355
v 5.5313	-1.1141	1.3355
v 5.5313	-1.3091	1.3355
v 5.9063	-1.3091	1.3355
v 5.9063	-1.1141	1.3355
v 5.9063	-1.0841	1.3580
v 5.9063	-1.2193	1.4855
v 5.9063	-1.1141	1.3580
v 5.9063	-1.3091	1.3580
v 5.5313	-1.3091	1.3580
v 5.5313	-1.1141	1.3580
v 5.5313	-1.0841	1.3580
v 5.5313	-1.0699	1.3998
v 5.5313	-1.0276	1.5123
v 5.5313	0.6818	3.4639
v 5.5313	0.6650	3.4781
v 5.5313	0.6650	3.4556
v 5.5313	0.5413	3.3371
v 5.5313	0.5413	3.3146
v 5.5313	0.4163	3.1749
v 5.5313	0.2962	3.0310
v 5.5313	-0.0771	2.6104
v 5.5313	-0.1999	2.4687
v 5.5313	-0.4474	2.1870
v 5.5313	-0.6948	1.9052
v 5.5313	-0.8181	1.7639
v 5.5313	-0.9424	1.6236
v 5.5313	-0.9424	1.6461
v 5.5313	-1.0924	1.6461
v 5.5313	-0.9681	1.7639
v 5.5313	-0.9681	1.7864
v 5.5313	-1.0924	1.6236
v 5.5313	-1.0693	1.5080
v 5.5313	-1.0693	1.4855
v 5.5313	-1.2193	1.4855
v 5.8838	-1.1968	1.5080
v 5.9063	-1.0693	1.5080
v 5.9063	-1.0924	1.6236
v 5.9063	-1.0924	1.6461
v 5.9063	-0.9681	1.7864
v 5.9063	-0.7222	2.0696
v 5.9063	-0.4759	2.3523
v 5.9063	-0.3499	2.4912
v 5.9063	-0.2271	2.6329
v 5.9063	0.0176	2.9169
v 5.9063	0.2663	3.1974
v 5.9063	0.3913	3.3371
v 5.9063	0.5150	3.4781
v 5.9063	0.6427	3.6295
v 5.9063	0.7226	3.6295
v 5.9063	0.6926	3.7730
v 5.9438	0.6926	3.5855
v 6.0171	0.6926	3.5855
v 6.0171	0.6926	3.7730
v 5.9438	-1.0696	1.4100
v 5.9063	-1.0693	1.4855
v 5.8838	-1.0918	1.4855
v 5.8838	-1.1968	1.4855
v 5.5538	-1.1968	1.4855
v 5.5538	-1.0918	1.4855
v 5.8838	-1.0918	1.5080
v 5.5538	-1.0918	1.5080
v 5.8838	-1.1068	1.5080
v 5.8838	-1.1368	1.5080
v 5.8838	-1.1556	1.5080
v 5.8838	-1.1818	1.5080
v 5.8838	-1.1368	1.5005
v 5.8838	-1.1068	1.5005
v 5.8838	-1.1818	1.5005
v 5.5538	-1.1368	1.5005
v 5.5538	-1.1068	1.5005
v 5.5538	-1.1368	1.5080
v 5.5538	-1.1068	1.5080
v 5.5538	-1.1556	1.5080
v 5.5538	-1.1818	1.5080
v 5.5538	-1.1968	1.5080
v 5.5538	-1.1818	1.5005
v 5.8838	-1.1556	1.5005
v 5.5538	-1.1556	1.5005
v 5.9063	-1.0276	1.5123
v 5.9063	-0.9424	1.6236
v 5.9063	-0.8181	1.7639
v 5.9063	0.6818	3.4639
v 5.9063	-0.6948	1.9052
v 5.9063	-0.8181	1.7864
v 5.5313	-0.8181	1.7864
v 5.8838	-0.8406	1.7639
v 5.8838	-0.9456	1.7639
v 5.9063	-0.9681	1.7639
v 5.5538	-0.9456	1.7639
v 5.8838	-0.9456	1.7864
v 5.9063	-0.8448	1.9052
v 5.9063	-0.8448	1.9277
v 5.9063	-0.7222	2.0471
v 5.5313	-0.7222	2.0696
v 5.5313	-0.7222	2.0471
v 5.8838	-0.6997	2.0696
v 5.9063	-0.5722	2.0696
v 5.9063	-0.5974	2.1870
v 5.9063	-0.5974	2.2095
v 5.9063	-0.4759	2.3298
v 5.9063	-0.3259	2.3523
v 5.9063	-0.3259	2.3298
v 5.5313	-0.4759	2.3523
v 5.5313	-0.4759	2.3298
v 5.8838	-0.4534	2.3523
v 5.9063	-0.3499	2.4687
v 5.5313	-0.3499	2.4912
v 5.5313	-0.3499	2.4687
v 5.8838	-0.3274	2.4912
v 5.9063	-0.1999	2.4912
v 5.9063	-0.2271	2.6104
v 5.5313	-0.2271	2.6329
v 5.5313	-0.2271	2.6104
v 5.8838	-0.2046	2.6329
v 5.9063	-0.0771	2.6329
v 5.9063	-0.1032	2.7511
v 5.9063	-0.1032	2.7736
v 5.9063	0.0176	2.8944
v 5.5313	0.0176	2.9169
v 5.5313	0.0176	2.8944
v 5.8838	0.0401	2.9169
v 5.9063	0.1677	2.9169
v 5.9063	0.1462	3.0310
v 5.9063	0.1462	3.0535
v 5.9063	0.2663	3.1749
v 5.5313	0.2663	3.1974
v 5.5313	0.2663	3.1749
v 5.8838	0.2888	3.1974
v 5.9063	0.4163	3.1974
v 5.9063	0.3913	3.3146
v 5.5313	0.3913	3.3371
v 5.5313	0.3913	3.3146
v 5.8838	0.4138	3.3371
v 5.9063	0.5413	3.3371
v 5.9063	0.5150	3.4556
v 5.5313	0.5150	3.4781
v 5.5313	0.5150	3.4556
v 5.8838	0.5375	3.4781
v 5.9063	0.6650	3.4781
v 5.9063	0.6427	3.6070
v 5.9063	0.7226	3.6070
v 5.5313	0.6427	3.6295
v 5.5313	0.6427	3.6070
v 5.8838	0.6652	3.6295
v 5.8838	0.6802	3.6295
v 5.8838	0.7065	3.6295
v 5.8838	0.7252	3.6295
v 5.9946	0.7927	3.6295
v 5.9946	0.7226	3.6295
v 5.9946	0.7226	3.6070
v 5.8838	0.7702	3.6070
v 5.8838	0.6652	3.6070
v 5.5538	0.6652	3.6070
v 5.5313	-0.8448	1.9277
v 5.5313	-0.8448	1.9052
v 5.5538	-0.9456	1.7864
v 5.5538	-0.8556	1.7789
v 5.5538	-0.9306	1.7789
v 5.5538	-0.9306	1.7864
v 5.5538	-0.8406	1.7639
v 5.5538	-0.8406	1.7864
v 5.5538	-0.8556	1.7864
v 5.8838	-0.9306	1.7864
v 5.8838	-0.9306	1.7789
v 5.8838	-0.9043	1.7864
v 5.8838	-0.8856	1.7789
v 5.8838	-0.8556	1.7789
v 5.8838	-0.8556	1.7864
v 5.8838	-0.8406	1.7864
v 5.5538	-0.8856	1.7789
v 5.8838	-0.8856	1.7864
v 5.5538	-0.8856	1.7864
v 5.8838	-0.9043	1.7789
v 5.5538	-0.9043	1.7789
v 5.5538	-0.9043	1.7864
v 5.5538	-0.8223	1.9052
v 5.8838	-0.8223	1.9052
v 5.8838	-0.7173	1.9052
v 5.8838	-0.7623	1.9202
v 5.8838	-0.7323	1.9202
v 5.8838	-0.7323	1.9277
v 5.8838	-0.7173	1.9277
v 5.8838	-0.8223	1.9277
v 5.8838	-0.8073	1.9277
v 5.8838	-0.8073	1.9202
v 5.5538	-0.7623	1.9202
v 5.5538	-0.7323	1.9202
v 5.8838	-0.7623	1.9277
v 5.5538	-0.7623	1.9277
v 5.9063	-0.6948	1.9277
v 5.8838	-0.7810	1.9277
v 5.5538	-0.8223	1.9277
v 5.5313	-0.6948	1.9277
v 5.5538	-0.8073	1.9277
v 5.5538	-0.8073	1.9202
v 5.5538	-0.7173	1.9052
v 5.5538	-0.7173	1.9277
v 5.5538	-0.7323	1.9277
v 5.5538	-0.7810	1.9277
v 5.5538	-0.7810	1.9202
v 5.8838	-0.7810	1.9202
v 5.5313	-0.5722	2.0471
v 5.5313	-0.5722	2.0696
v 5.5313	-0.5974	2.1870
v 5.5313	-0.5974	2.2095
v 5.5313	-0.3259	2.3298
v 5.5313	-0.4474	2.2095
v 5.5313	-0.3259	2.3523
v 5.5313	-0.1999	2.4912
v 5.9063	-0.1999	2.4687
v 5.8838	-0.2224	2.4687
v 5.8838	-0.3274	2.4687
v 5.5538	-0.3274	2.4687
v 5.5538	-0.2224	2.4687
v 5.8838	-0.2224	2.4912
v 5.5538	-0.2224	2.4912
v 5.8838	-0.2374	2.4912
v 5.8838	-0.2674	2.4912
v 5.8838	-0.2862	2.4912
v 5.8838	-0.3124	2.4912
v 5.8838	-0.2674	2.4837
v 5.8838	-0.2374	2.4837
v 5.8838	-0.3124	2.4837
v 5.5538	-0.2674	2.4837
v 5.5538	-0.2374	2.4837
v 5.5538	-0.2674	2.4912
v 5.5538	-0.2374	2.4912
v 5.5538	-0.2862	2.4912
v 5.5538	-0.3124	2.4912
v 5.5538	-0.3274	2.4912
v 5.5538	-0.3124	2.4837
v 5.8838	-0.2862	2.4837
v 5.5538	-0.2862	2.4837
v 5.9063	-0.4474	2.1870
v 5.9063	-0.5722	2.0471
v 5.5538	-0.6997	2.0696
v 5.8838	-0.6997	2.0471
v 5.5538	-0.6997	2.0471
v 5.8838	-0.5947	2.0471
v 5.8838	-0.6397	2.0621
v 5.8838	-0.6097	2.0621
v 5.8838	-0.6097	2.0696
v 5.8838	-0.5947	2.0696
v 5.8838	-0.6847	2.0696
v 5.8838	-0.6847	2.0621
v 5.5538	-0.6397	2.0621
v 5.5538	-0.6097	2.0621
v 5.8838	-0.6397	2.0696
v 5.5538	-0.6397	2.0696
v 5.8838	-0.6585	2.0696
v 5.5538	-0.6847	2.0696
v 5.5538	-0.6585	2.0696
v 5.5538	-0.6847	2.0621
v 5.5538	-0.5947	2.0471
v 5.5538	-0.5947	2.0696
v 5.5538	-0.6097	2.0696
v 5.5538	-0.6585	2.0621
v 5.8838	-0.6585	2.0621
v 5.9063	-0.4474	2.2095
v 5.8838	-0.5749	2.2095
v 5.8838	-0.4699	2.1870
v 5.8838	-0.5749	2.1870
v 5.5538	-0.5749	2.1870
v 5.5538	-0.5749	2.2095
v 5.5538	-0.4849	2.2020
v 5.5538	-0.5599	2.2020
v 5.5538	-0.5599	2.2095
v 5.5538	-0.4699	2.1870
v 5.5538	-0.4699	2.2095
v 5.5538	-0.4849	2.2095
v 5.8838	-0.5599	2.2095
v 5.8838	-0.5599	2.2020
v 5.8838	-0.5336	2.2095
v 5.8838	-0.5149	2.2020
v 5.8838	-0.4849	2.2020
v 5.8838	-0.4849	2.2095
v 5.8838	-0.4699	2.2095
v 5.5538	-0.5149	2.2020
v 5.8838	-0.5149	2.2095
v 5.5538	-0.5149	2.2095
v 5.8838	-0.5336	2.2020
v 5.5538	-0.5336	2.2020
v 5.5538	-0.5336	2.2095
v 5.8838	-0.4534	2.3298
v 5.5538	-0.4534	2.3298
v 5.5538	-0.4534	2.3523
v 5.5538	-0.3634	2.3448
v 5.5538	-0.4384	2.3448
v 5.5538	-0.4384	2.3523
v 5.5538	-0.3484	2.3298
v 5.5538	-0.3484	2.3523
v 5.5538	-0.3634	2.3523
v 5.8838	-0.4384	2.3523
v 5.8838	-0.4384	2.3448
v 5.8838	-0.4122	2.3523
v 5.8838	-0.3934	2.3448
v 5.8838	-0.3634	2.3448
v 5.8838	-0.3634	2.3523
v 5.8838	-0.3484	2.3523
v 5.8838	-0.3484	2.3298
v 5.5538	-0.3934	2.3448
v 5.8838	-0.3934	2.3523
v 5.5538	-0.3934	2.3523
v 5.8838	-0.4122	2.3448
v 5.5538	-0.4122	2.3448
v 5.5538	-0.4122	2.3523
v 5.9063	-0.0771	2.6104
v 5.9063	0.0468	2.7511
v 5.9063	0.2962	3.0310
v 5.9063	0.4163	3.1749
v 5.9063	0.2962	3.0535
v 5.5313	0.1462	3.0535
v 5.5313	0.1462	3.0310
v 5.8838	0.1687	3.0535
v 5.9063	0.5413	3.3146
v 5.8838	0.5188	3.3146
v 5.8838	0.4138	3.3146
v 5.5538	0.4138	3.3146
v 5.5538	0.5375	3.4781
v 5.8838	0.5375	3.4556
v 5.5538	0.5375	3.4556
v 5.9063	0.6650	3.4556
v 5.8838	0.6425	3.4556
v 5.8838	0.5975	3.4706
v 5.8838	0.6275	3.4706
v 5.8838	0.6275	3.4781
v 5.8838	0.6425	3.4781
v 5.8838	0.5525	3.4781
v 5.8838	0.5525	3.4706
v 5.5538	0.5975	3.4706
v 5.5538	0.6275	3.4706
v 5.8838	0.5975	3.4781
v 5.5538	0.5975	3.4781
v 5.8838	0.5788	3.4781
v 5.5538	0.5525	3.4781
v 5.5538	0.5788	3.4781
v 5.5538	0.5525	3.4706
v 5.5538	0.6425	3.4556
v 5.5538	0.6425	3.4781
v 5.5538	0.6275	3.4781
v 5.5538	0.5788	3.4706
v 5.8838	0.5788	3.4706
v 5.9063	0.6939	3.4795
v 5.9063	0.7226	3.5725
v 5.9946	0.7226	3.5855
v 5.9438	0.7226	3.5855
v 5.9438	0.7226	3.5725
v 5.9946	1.4126	3.5855
v 6.0171	1.4126	3.5855
v 5.9946	0.7927	3.6070
v 5.9946	0.9015	3.7055
v 5.9946	1.2425	3.7055
v 5.9946	1.2425	3.7355
v 5.9946	1.3226	3.7355
v 5.9946	1.3226	3.6799
v 5.9946	1.4126	3.6799
v 5.5313	0.7927	3.6070
v 5.5313	0.7927	3.6295
v 5.5538	0.7702	3.6070
v 5.5538	0.7552	3.6220
v 5.5538	0.6802	3.6220
v 5.5538	0.6802	3.6295
v 5.5538	0.6652	3.6295
v 5.5538	0.7702	3.6295
v 5.5538	0.7552	3.6295
v 5.8838	0.6802	3.6220
v 5.5538	0.7065	3.6295
v 5.8838	0.7252	3.6220
v 5.8838	0.7552	3.6220
v 5.8838	0.7552	3.6295
v 5.8838	0.7702	3.6295
v 5.5538	0.7252	3.6220
v 5.5538	0.7252	3.6295
v 5.5538	0.7065	3.6220
v 5.8838	0.7065	3.6220
v 5.5313	0.6926	3.7730
v 5.5313	0.7226	3.7730
v 5.9063	0.7226	3.7730
v 5.9609	0.7258	3.7730
v 5.9632	0.7202	3.7730
v 5.9668	0.7155	3.7730
v 5.9716	0.7118	3.7730
v 5.9771	0.7095	3.7730
v 5.9831	0.7087	3.7730
v 5.9891	0.7095	3.7730
v 5.9946	0.7118	3.7730
v 5.9994	0.7155	3.7730
v 6.0030	0.7202	3.7730
v 6.0053	0.7258	3.7730
v 6.0061	0.7317	3.7730
v 6.0171	1.4126	3.7730
v 5.8270	1.4126	3.7088
v 5.8313	1.4126	3.6799
v 5.8313	1.3226	3.6799
v 5.8313	1.3226	1.3805
v 5.8313	1.1726	1.3805
v 5.8313	1.4126	1.3355
v 5.7938	1.3226	1.3805
v 5.7938	1.3376	1.5980
v 5.7938	1.3387	1.5903
v 5.7938	1.3417	1.5830
v 5.7938	1.3464	1.5768
v 5.7938	1.3526	1.5721
v 5.7938	1.3599	1.5691
v 5.7938	1.3676	1.5680
v 5.7938	1.3754	1.5691
v 5.7938	1.3826	1.5721
v 5.7938	1.3888	1.5768
v 5.7938	1.3936	1.5830
v 5.7938	1.3966	1.5903
v 5.5313	1.3976	1.5980
v 5.7938	1.3976	1.5980
v 5.5275	1.4126	2.4299
v 5.7938	1.1726	1.3355
v 5.7938	1.1726	1.3805
v 5.7938	1.4126	1.3355
v 5.7938	1.3966	1.6058
v 5.5313	1.3966	1.6058
v 5.5313	1.3976	1.8605
v 5.5313	1.3966	1.8683
v 5.5313	1.3976	2.1230
v 5.5313	1.3966	2.1308
v 5.5313	1.3976	2.3855
v 5.5313	1.3966	2.3933
v 5.5313	1.3976	2.6480
v 5.5313	1.3966	2.6558
v 5.5313	1.3936	2.6630
v 5.5313	1.3976	2.9105
v 5.5313	1.3966	2.9183
v 5.5313	1.3936	2.9255
v 5.5313	1.3976	3.1730
v 5.5313	1.3966	3.1808
v 5.5313	1.3936	3.1880
v 5.5313	1.3976	3.4355
v 5.5313	1.3966	3.4433
v 5.5313	1.3936	3.4505
v 5.7938	1.3417	3.4505
v 5.7938	1.3936	3.4505
v 5.7938	1.3387	3.4433
v 5.7938	1.3376	3.4355
v 5.7938	1.3417	3.1880
v 5.7938	1.3387	3.1808
v 5.7938	1.3376	3.1730
v 5.7938	1.3417	2.9255
v 5.7938	1.3387	2.9183
v 5.7938	1.3376	2.9105
v 5.7938	1.3417	2.6630
v 5.7938	1.3387	2.6558
v 5.7938	1.3376	2.6480
v 5.7938	1.3387	2.3933
v 5.7938	1.3376	2.3855
v 5.7938	1.3387	2.1308
v 5.7938	1.3376	2.1230
v 5.7938	1.3387	1.8683
v 5.7938	1.3376	1.8605
v 5.7938	1.3387	1.6058
v 5.7938	1.3417	1.6130
v 5.5313	1.3417	1.6130
v 5.7938	1.3936	1.6130
v 5.5313	1.3936	1.6130
v 5.7938	1.3387	1.8528
v 5.5313	1.3387	1.8528
v 5.7938	1.3417	1.8755
v 5.5313	1.3417	1.8755
v 5.7938	1.3936	1.8755
v 5.5313	1.3936	1.8755
v 5.7938	1.3387	2.1153
v 5.5313	1.3387	2.1153
v 5.7938	1.3417	2.1380
v 5.5313	1.3417	2.1380
v 5.7938	1.3936	2.1380
v 5.5313	1.3936	2.1380
v 5.7938	1.3387	2.3778
v 5.5313	1.3387	2.3778
v 5.7938	1.3417	2.4005
v 5.5313	1.3417	2.4005
v 5.7938	1.3936	2.4005
v 5.5313	1.3936	2.4005
v 5.7938	1.3387	2.6403
v 5.5313	1.3387	2.6403
v 5.7938	1.3936	2.6630
v 5.7938	1.3387	2.9028
v 5.5313	1.3387	2.9028
v 5.7938	1.3936	2.9255
v 5.7938	1.3387	3.1653
v 5.5313	1.3387	3.1653
v 5.7938	1.3936	3.1880
v 5.7938	1.3387	3.4278
v 5.5313	1.3387	3.4278
v 5.5313	1.3417	3.4205
v 5.5313	1.3464	3.4143
v 5.5313	1.3526	3.4096
v 5.5313	1.3599	3.4066
v 5.5313	1.3676	3.4055
v 5.5313	1.3754	3.4066
v 5.5313	1.3826	3.4096
v 5.5313	1.3888	3.4143
v 5.5313	1.3936	3.4205
v 5.5313	1.3966	3.4278
v 5.7938	1.3966	3.4278
v 5.7938	1.3976	3.4355
v 5.7938	1.3936	3.4205
v 5.7938	1.3888	3.4143
v 5.7938	1.3826	3.4096
v 5.7938	1.3966	3.1808
v 5.7938	1.3976	3.1730
v 5.7938	1.3966	2.9183
v 5.7938	1.3976	2.9105
v 5.7938	1.3966	2.6558
v 5.7938	1.3976	2.6480
v 5.7938	1.3966	2.3933
v 5.7938	1.3976	2.3855
v 5.7938	1.3966	2.1308
v 5.7938	1.3976	2.1230
v 5.7938	1.3966	1.8683
v 5.7938	1.3976	1.8605
v 5.5313	1.3966	1.8528
v 5.7938	1.3966	1.8528
v 5.7938	1.3936	1.8455
v 5.5313	1.3936	1.8455
v 5.7938	1.3888	1.8393
v 5.5313	1.3888	1.8393
v 5.5313	1.3826	1.8346
v 5.7938	1.3826	1.8346
v 5.5313	1.3754	1.8316
v 5.7938	1.3754	1.8316
v 5.7938	1.3676	1.8305
v 5.7938	1.3599	1.8316
v 5.7938	1.3526	1.8346
v 5.7938	1.3464	1.8393
v 5.7938	1.3417	1.8455
v 5.5313	1.3417	1.8455
v 5.5313	1.3464	1.8393
v 5.5313	1.3526	1.8346
v 5.5313	1.3599	1.8316
v 5.5313	1.3676	1.8305
v 5.5313	1.3966	2.1153
v 5.7938	1.3966	2.1153
v 5.7938	1.3936	2.1080
v 5.5313	1.3936	2.1080
v 5.7938	1.3888	2.1018
v 5.5313	1.3888	2.1018
v 5.5313	1.3826	2.0971
v 5.7938	1.3826	2.0971
v 5.5313	1.3754	2.0941
v 5.7938	1.3754	2.0941
v 5.7938	1.3676	2.0930
v 5.7938	1.3599	2.0941
v 5.7938	1.3526	2.0971
v 5.7938	1.3464	2.1018
v 5.7938	1.3417	2.1080
v 5.5313	1.3417	2.1080
v 5.5313	1.3464	2.1018
v 5.5313	1.3526	2.0971
v 5.5313	1.3599	2.0941
v 5.5313	1.3676	2.0930
v 5.5313	1.3966	2.3778
v 5.7938	1.3966	2.3778
v 5.7938	1.3936	2.3705
v 5.5313	1.3936	2.3705
v 5.7938	1.3888	2.3643
v 5.5313	1.3888	2.3643
v 5.5313	1.3826	2.3596
v 5.7938	1.3826	2.3596
v 5.5313	1.3754	2.3566
v 5.7938	1.3754	2.3566
v 5.7938	1.3676	2.3555
v 5.7938	1.3599	2.3566
v 5.7938	1.3526	2.3596
v 5.7938	1.3464	2.3643
v 5.7938	1.3417	2.3705
v 5.5313	1.3417	2.3705
v 5.5313	1.3464	2.3643
v 5.5313	1.3526	2.3596
v 5.5313	1.3599	2.3566
v 5.5313	1.3676	2.3555
v 5.5313	1.3966	2.6403
v 5.7938	1.3966	2.6403
v 5.7938	1.3936	2.6330
v 5.5313	1.3936	2.6330
v 5.7938	1.3888	2.6268
v 5.5313	1.3888	2.6268
v 5.5313	1.3826	2.6221
v 5.7938	1.3826	2.6221
v 5.5313	1.3754	2.6191
v 5.7938	1.3754	2.6191
v 5.7938	1.3676	2.6180
v 5.7938	1.3599	2.6191
v 5.7938	1.3526	2.6221
v 5.7938	1.3464	2.6268
v 5.7938	1.3417	2.6330
v 5.5313	1.3417	2.6330
v 5.5313	1.3464	2.6268
v 5.5313	1.3526	2.6221
v 5.5313	1.3599	2.6191
v 5.5313	1.3676	2.6180
v 5.7938	1.3966	2.9028
v 5.7938	1.3936	2.8955
v 5.7938	1.3888	2.8893
v 5.7938	1.3826	2.8846
v 5.7938	1.3754	2.8816
v 5.7938	1.3676	2.8805
v 5.7938	1.3599	2.8816
v 5.7938	1.3526	2.8846
v 5.7938	1.3464	2.8893
v 5.7938	1.3417	2.8955
v 5.5313	1.3417	2.8955
v 5.5313	1.3464	2.8893
v 5.5313	1.3526	2.8846
v 5.5313	1.3599	2.8816
v 5.5313	1.3676	2.8805
v 5.5313	1.3754	2.8816
v 5.5313	1.3826	2.8846
v 5.5313	1.3888	2.8893
v 5.5313	1.3936	2.8955
v 5.5313	1.3966	2.9028
v 5.7938	1.3966	3.1653
v 5.7938	1.3936	3.1580
v 5.7938	1.3888	3.1518
v 5.7938	1.3826	3.1471
v 5.7938	1.3754	3.1441
v 5.7938	1.3676	3.1430
v 5.7938	1.3599	3.1441
v 5.7938	1.3526	3.1471
v 5.7938	1.3464	3.1518
v 5.7938	1.3417	3.1580
v 5.5313	1.3417	3.1580
v 5.5313	1.3464	3.1518
v 5.5313	1.3526	3.1471
v 5.5313	1.3599	3.1441
v 5.5313	1.3676	3.1430
v 5.5313	1.3754	3.1441
v 5.5313	1.3826	3.1471
v 5.5313	1.3888	3.1518
v 5.5313	1.3936	3.1580
v 5.5313	1.3966	3.1653
v 5.7938	1.3966	3.4433
v 5.7938	1.3754	3.4066
v 5.7938	1.3676	3.4055
v 5.7938	1.3599	3.4066
v 5.7938	1.3526	3.4096
v 5.7938	1.3464	3.4143
v 5.7938	1.3417	3.4205
v 5.7975	1.4126	3.7049
v 5.8275	1.4126	3.7049
v 5.8275	1.4126	1.3576
v 5.7975	1.4126	1.3576
v 5.7975	1.4126	2.4299
v 5.8019	1.4126	2.4193
v 5.8019	1.4126	1.3682
v 5.8050	1.4126	2.4170
v 5.8050	1.4126	1.3705
v 5.8086	1.4126	2.4155
v 5.8086	1.4126	1.3720
v 5.8125	1.4126	2.4149
v 5.8125	1.4126	1.3726
v 5.8164	1.4126	2.4155
v 5.8164	1.4126	1.3720
v 5.8200	1.4126	2.4170
v 5.8200	1.4126	1.3705
v 5.8231	1.4126	2.4193
v 5.8231	1.4126	1.3682
v 5.5231	1.4126	2.4193
v 5.5200	1.4126	2.4170
v 5.5164	1.4126	2.4155
v 5.5125	1.4126	2.4149
v 5.5086	1.4126	2.4155
v 5.5050	1.4126	2.4170
v 5.5019	1.4126	2.4193
v 5.4975	1.4126	3.0674
v 5.5275	1.4126	3.0674
v 5.5331	1.3922	3.7730
v 5.5109	1.3633	3.7730
v 5.5344	0.7516	3.7730
v 5.2688	0.5651	3.7730
v 5.4938	0.5651	3.7730
v 5.2688	0.5651	3.9605
v 5.4938	0.5651	3.9605
v 5.2688	-0.5599	3.7730
v 5.2688	-0.5599	3.9605
v 5.4938	-0.5599	3.9605
v 5.4938	-0.5599	3.7730
v 5.4938	-0.5394	3.7739
v 5.4938	0.5406	3.7739
v 3.4981	1.0595	3.7730
v 3.4981	-1.3549	3.7730
v 3.0661	-1.3549	3.7730
v 2.9663	-0.5599	3.7730
v 2.9663	-0.2599	3.7730
v 2.2538	-0.2599	3.9605
v 2.9663	-0.2599	3.9605
v 2.2538	-0.5599	4.1105
v 2.2538	-0.5336	4.1105
v 2.2538	-0.5294	4.1105
v 2.2538	-0.5209	4.1097
v 2.2538	-0.5125	4.1081
v 2.2538	-0.5043	4.1058
v 2.2538	-0.4924	4.1010
v 2.2538	-0.4849	4.0969
v 2.9663	-0.5599	4.1105
v 2.9663	-0.5336	4.1105
v 2.9663	-0.5294	4.1105
v 2.9663	-0.4849	4.0969
v 2.9663	-0.4924	4.1010
v 2.9663	-0.5043	4.1058
v 2.9663	-0.5125	4.1081
v 2.9663	-0.5209	4.1097
v 3.0661	-1.3549	4.3322
v 3.0661	1.0595	4.3322
v 3.4981	-1.3549	4.8913
v 3.2821	-1.3549	4.8913
v 3.4981	1.0595	4.8913
v 3.2821	1.0595	4.8913
v 2.9978	-1.6324	3.6703
v 3.6671	-2.9029	3.6703
v 4.5671	-2.9029	3.6703
v 4.5729	-2.9037	3.6703
v 4.5783	-2.9060	3.6703
v 4.5830	-2.9098	3.6703
v 4.5865	-2.9146	3.6703
v 4.5888	-2.9203	3.6703
v 4.5896	-2.9263	3.6703
v 4.5888	-2.9324	3.6703
v 4.5865	-2.9380	3.6703
v 4.5830	-2.9429	3.6703
v 4.5783	-2.9466	3.6703
v 4.5783	-2.9466	3.7730
v 4.5729	-2.9489	3.7730
v 4.5783	-2.9060	3.7730
v 4.5729	-2.9037	3.7730
v 4.5671	-2.9029	3.7730
v 4.5612	-2.9037	3.7730
v 4.5558	-2.9060	3.7730
v 4.5511	-2.9098	3.7730
v 4.5476	-2.9146	3.7730
v 4.5453	-2.9203	3.7730
v 4.5446	-2.9263	3.7730
v 4.5453	-2.9324	3.7730
v 4.5476	-2.9380	3.7730
v 4.5511	-2.9429	3.7730
v 4.5558	-2.9466	3.7730
v 4.5612	-2.9489	3.7730
v 4.5671	-2.9497	3.7730
v 4.5830	-2.9429	3.7730
v 4.5865	-2.9380	3.7730
v 4.5888	-2.9324	3.7730
v 4.5896	-2.9263	3.7730
v 4.5888	-2.9203	3.7730
v 4.5865	-2.9146	3.7730
v 4.5830	-2.9098	3.7730
v 4.5612	-2.9037	3.6703
v 3.6729	-2.9037	3.6703
v 3.6783	-2.9060	3.6703
v 4.5558	-2.9060	3.6703
v 3.6830	-2.9098	3.6703
v 4.5511	-2.9098	3.6703
v 3.6865	-2.9146	3.6703
v 4.5476	-2.9146	3.6703
v 3.6888	-2.9203	3.6703
v 4.5453	-2.9203	3.6703
v 3.6896	-2.9263	3.6703
v 4.5446	-2.9263	3.6703
v 3.6888	-2.9324	3.6703
v 4.5453	-2.9324	3.6703
v 3.6865	-2.9380	3.6703
v 4.5476	-2.9380	3.6703
v 3.6830	-2.9429	3.6703
v 4.5511	-2.9429	3.6703
v 3.6783	-2.9466	3.6703
v 4.5558	-2.9466	3.6703
v 3.6729	-2.9489	3.6703
v 4.5612	-2.9489	3.6703
v 3.6671	-2.9497	3.6703
v 2.9223	-2.9495	3.6703
v 3.6612	-2.9489	3.6703
v 3.6671	-2.9497	3.7730
v 3.6612	-2.9489	3.7730
v 3.6783	-2.9060	3.7730
v 3.6729	-2.9037	3.7730
v 3.6671	-2.9029	3.7730
v 3.6612	-2.9037	3.7730
v 3.6558	-2.9060	3.7730
v 3.6511	-2.9098	3.7730
v 3.6476	-2.9146	3.7730
v 3.6453	-2.9203	3.7730
v 3.6446	-2.9263	3.7730
v 3.6453	-2.9324	3.7730
v 3.6476	-2.9380	3.7730
v 3.6511	-2.9429	3.7730
v 3.6558	-2.9466	3.7730
v 3.6729	-2.9489	3.7730
v 3.6783	-2.9466	3.7730
v 3.6830	-2.9429	3.7730
v 3.6865	-2.9380	3.7730
v 3.6888	-2.9324	3.7730
v 3.6896	-2.9263	3.7730
v 3.6888	-2.9203	3.7730
v 3.6865	-2.9146	3.7730
v 3.6830	-2.9098	3.7730
v 3.6612	-2.9037	3.6703
v 2.9229	-2.9037	3.6703
v 2.9283	-2.9060	3.6703
v 3.6558	-2.9060	3.6703
v 2.9330	-2.9098	3.6703
v 3.6511	-2.9098	3.6703
v 2.9365	-2.9146	3.6703
v 3.6476	-2.9146	3.6703
v 2.9388	-2.9203	3.6703
v 3.6453	-2.9203	3.6703
v 2.9396	-2.9263	3.6703
v 3.6446	-2.9263	3.6703
v 2.9388	-2.9324	3.6703
v 3.6453	-2.9324	3.6703
v 2.9365	-2.9380	3.6703
v 3.6476	-2.9380	3.6703
v 2.9330	-2.9429	3.6703
v 3.6511	-2.9429	3.6703
v 2.9326	-2.9431	3.6703
v 2.9324	-2.9434	3.6703
v 3.6558	-2.9466	3.6703
v 2.9277	-2.9472	3.6703
v 2.8953	-2.9203	3.7730
v 2.8976	-2.9146	3.7730
v 2.9009	-2.9101	3.7730
v 2.9326	-2.9431	3.7730
v 2.9283	-2.9466	3.7730
v 2.9229	-2.9489	3.7730
v 2.9171	-2.9497	3.7730
v 2.9112	-2.9489	3.7730
v 2.9058	-2.9466	3.7730
v 2.9011	-2.9429	3.7730
v 2.8976	-2.9380	3.7730
v 2.8953	-2.9324	3.7730
v 2.8946	-2.9263	3.7730
v 2.9277	-2.9066	3.7730
v 2.9223	-2.9043	3.7730
v 2.9165	-2.9035	3.7730
v 2.9107	-2.9043	3.7730
v 2.9052	-2.9066	3.7730
v 2.9360	-2.9386	3.7730
v 2.9382	-2.9329	3.7730
v 2.9390	-2.9269	3.7730
v 2.9382	-2.9208	3.7730
v 2.9360	-2.9152	3.7730
v 2.9324	-2.9103	3.7730
v 5.9601	0.7317	3.7730
v 5.9716	0.7517	3.7730
v 5.9771	0.7540	3.7730
v 5.9831	0.7547	3.7730
v 5.9891	0.7540	3.7730
v 5.9946	0.7517	3.7730
v 5.9994	0.7480	3.7730
v 6.0030	0.7432	3.7730
v 6.0053	0.7377	3.7730
v 5.9609	0.7377	3.7730
v 5.9632	0.7432	3.7730
v 5.9668	0.7480	3.7730
v 5.9416	1.3193	3.7730
v 5.9416	0.7516	3.7730
v 5.5344	1.3193	3.7730
v 5.9831	1.3469	3.7730
v 5.9943	1.3499	3.7730
v 6.0047	1.3634	3.7730
v 5.9831	1.3916	3.7730
v 5.5331	1.3462	3.7730
v 5.5132	1.3577	3.7730
v 5.4938	0.9500	3.7055
v 5.9946	0.9500	3.7055
v 5.4938	1.1940	3.7055
v 5.9946	1.1940	3.7355
v 5.9946	1.1940	3.7055
v 5.9438	0.7200	3.5431
v 5.9438	0.7179	3.5334
v 5.9438	0.7153	3.5239
v 5.9438	0.7121	3.5145
v 5.9438	0.7083	3.5054
v 5.9438	0.7040	3.4965
v 5.9438	0.6992	3.4878
v 5.9438	0.6939	3.4795
v 5.9438	0.6881	3.4715
v 5.9438	0.6818	3.4639
v 5.9438	-1.0276	1.5123
v 5.9438	-1.0506	1.4786
v 5.9438	-1.0550	1.4693
v 5.9438	-1.0589	1.4599
v 5.9438	-1.0623	1.4502
v 5.9438	-1.0650	1.4403
v 5.9438	-1.0671	1.4303
v 5.9438	-1.0686	1.4202
v 5.9438	-1.0456	1.4875
v 5.9438	-1.0401	1.4961
v 5.9438	-1.0341	1.5044
v 5.5538	0.4138	3.3371
v 5.5538	0.5038	3.3296
v 5.5538	0.4288	3.3296
v 5.5538	0.4288	3.3371
v 5.5538	0.5188	3.3146
v 5.5538	0.5188	3.3371
v 5.5538	0.5038	3.3371
v 5.8838	0.4288	3.3371
v 5.8838	0.4288	3.3296
v 5.8838	0.4551	3.3371
v 5.8838	0.4738	3.3296
v 5.8838	0.5038	3.3296
v 5.8838	0.5038	3.3371
v 5.8838	0.5188	3.3371
v 5.5538	0.4738	3.3296
v 5.5538	0.4738	3.3371
v 5.5538	0.4551	3.3371
v 5.8838	0.4551	3.3296
v 5.5538	0.4551	3.3296
v 5.8838	0.4738	3.3371
v 5.5313	0.4163	3.1974
v 5.5313	0.1677	2.9169
v 5.5313	0.1677	2.8944
v 5.5313	0.0468	2.7511
v 5.5313	-0.0771	2.6329
v 5.5313	-0.1032	2.7511
v 5.5313	-0.1032	2.7736
v 5.5313	0.0468	2.7736
v 5.8838	-0.0807	2.7736
v 5.9063	0.0468	2.7736
v 5.9063	0.1677	2.8944
v 5.8838	0.1452	2.8944
v 5.8838	0.0401	2.8944
v 5.5538	0.0401	2.8944
v 5.5538	0.0401	2.9169
v 5.5538	0.1302	2.9094
v 5.5538	0.0551	2.9094
v 5.5538	0.0551	2.9169
v 5.5538	0.1452	2.8944
v 5.5538	0.1452	2.9169
v 5.5538	0.1302	2.9169
v 5.8838	0.0551	2.9169
v 5.8838	0.0551	2.9094
v 5.8838	0.0814	2.9169
v 5.8838	0.1002	2.9094
v 5.8838	0.1302	2.9094
v 5.8838	0.1302	2.9169
v 5.8838	0.1452	2.9169
v 5.5538	0.1002	2.9094
v 5.8838	0.1002	2.9169
v 5.5538	0.1002	2.9169
v 5.8838	0.0814	2.9094
v 5.5538	0.0814	2.9094
v 5.5538	0.0814	2.9169
v 5.8838	0.1687	3.0310
v 5.5538	0.1687	3.0310
v 5.5313	0.2962	3.0535
v 5.8838	0.2737	3.0310
v 5.8838	0.2287	3.0460
v 5.8838	0.2587	3.0460
v 5.8838	0.2587	3.0535
v 5.8838	0.2737	3.0535
v 5.8838	0.1837	3.0535
v 5.8838	0.1837	3.0460
v 5.5538	0.2287	3.0460
v 5.5538	0.2587	3.0460
v 5.8838	0.2287	3.0535
v 5.5538	0.2287	3.0535
v 5.8838	0.2099	3.0535
v 5.5538	0.1837	3.0535
v 5.5538	0.2099	3.0535
v 5.5538	0.1687	3.0535
v 5.5538	0.1837	3.0460
v 5.5538	0.2737	3.0310
v 5.5538	0.2737	3.0535
v 5.5538	0.2587	3.0535
v 5.5538	0.2099	3.0460
v 5.8838	0.2099	3.0460
v 5.5538	0.2888	3.1749
v 5.8838	0.2888	3.1749
v 5.8838	0.3938	3.1749
v 5.8838	0.3488	3.1899
v 5.8838	0.3788	3.1899
v 5.8838	0.3788	3.1974
v 5.8838	0.3938	3.1974
v 5.8838	0.3038	3.1974
v 5.8838	0.3038	3.1899
v 5.5538	0.3488	3.1899
v 5.5538	0.3788	3.1899
v 5.8838	0.3488	3.1974
v 5.5538	0.3488	3.1974
v 5.8838	0.3300	3.1974
v 5.5538	0.3038	3.1974
v 5.5538	0.3300	3.1974
v 5.5538	0.2888	3.1974
v 5.5538	0.3038	3.1899
v 5.5538	0.3938	3.1749
v 5.5538	0.3938	3.1974
v 5.5538	0.3788	3.1974
v 5.5538	0.3300	3.1899
v 5.8838	0.3300	3.1899
v 5.8838	0.0243	2.7511
v 5.8838	-0.0807	2.7511
v 5.5538	-0.0807	2.7511
v 5.5538	0.0243	2.7511
v 5.8838	0.0243	2.7736
v 5.5538	0.0243	2.7736
v 5.8838	0.0093	2.7736
v 5.8838	-0.0207	2.7736
v 5.8838	-0.0395	2.7736
v 5.8838	-0.0657	2.7736
v 5.8838	-0.0207	2.7661
v 5.8838	0.0093	2.7661
v 5.8838	-0.0657	2.7661
v 5.5538	-0.0207	2.7661
v 5.5538	0.0093	2.7661
v 5.5538	-0.0207	2.7736
v 5.5538	0.0093	2.7736
v 5.5538	-0.0395	2.7736
v 5.5538	-0.0657	2.7736
v 5.5538	-0.0807	2.7736
v 5.5538	-0.0657	2.7661
v 5.8838	-0.0395	2.7661
v 5.5538	-0.0395	2.7661
v 5.5538	-0.2046	2.6329
v 5.8838	-0.2046	2.6104
v 5.5538	-0.2046	2.6104
v 5.8838	-0.0996	2.6104
v 5.8838	-0.1446	2.6254
v 5.8838	-0.1146	2.6254
v 5.8838	-0.1146	2.6329
v 5.8838	-0.0996	2.6329
v 5.8838	-0.1896	2.6329
v 5.8838	-0.1896	2.6254
v 5.5538	-0.1446	2.6254
v 5.5538	-0.1146	2.6254
v 5.8838	-0.1446	2.6329
v 5.5538	-0.1446	2.6329
v 5.8838	-0.1634	2.6329
v 5.5538	-0.1896	2.6329
v 5.5538	-0.1634	2.6329
v 5.5538	-0.1896	2.6254
v 5.5538	-0.0996	2.6104
v 5.5538	-0.0996	2.6329
v 5.5538	-0.1146	2.6329
v 5.5538	-0.1634	2.6254
v 5.8838	-0.1634	2.6254
v 5.9063	-0.9424	1.6461
v 5.8838	-1.0699	1.6461
v 5.8838	-1.0549	1.6461
v 5.8838	-1.0287	1.6461
v 5.8838	-1.0099	1.6461
v 5.8838	-0.9799	1.6461
v 5.8838	-0.9649	1.6461
v 5.5538	-0.9649	1.6461
v 5.5538	-0.9799	1.6461
v 5.5538	-1.0099	1.6461
v 5.5538	-1.0287	1.6461
v 5.5538	-1.0549	1.6461
v 5.5538	-1.0699	1.6461
v 5.8838	-1.0699	1.6236
v 5.5538	-1.0699	1.6236
v 5.8838	-0.9649	1.6236
v 5.8838	-1.0099	1.6386
v 5.8838	-0.9799	1.6386
v 5.8838	-1.0549	1.6386
v 5.5538	-1.0099	1.6386
v 5.5538	-0.9799	1.6386
v 5.5538	-1.0549	1.6386
v 5.5538	-0.9649	1.6236
v 5.8838	-1.0287	1.6386
v 5.5538	-1.0287	1.6386
v 5.2688	1.5026	1.1949
v 5.3438	1.5026	2.8154
v 5.4188	1.5026	2.9192
v 5.4938	1.5026	3.1511
v 5.4938	1.5026	3.5470
v 5.4938	1.5020	3.5569
v 5.4938	1.5000	3.5667
v 5.4938	1.4968	3.5761
v 5.4938	1.4924	3.5850
v 5.4938	1.4869	3.5933
v 5.4938	1.4804	3.6008
v 5.4938	1.4729	3.6073
v 5.4938	2.6011	3.3527
v 5.4938	2.8422	3.3527
v 5.4938	2.9674	3.2894
v 5.4938	2.9674	3.2203
v 4.7445	2.9674	3.2894
v 5.4938	2.8422	3.2184
v 5.4188	2.8422	3.3527
v 5.4188	2.8422	3.2184
v 5.4188	2.6011	3.3527
v 5.4188	2.6011	3.2184
v 5.4938	2.6011	3.2184
v 5.3943	2.9674	3.3069
v 5.3943	2.9674	3.6034
v 4.8662	2.9674	3.6034
v 4.8662	2.9674	3.3069
v 5.4938	1.4646	3.6129
v 5.4938	1.4557	3.6173
v 5.4938	1.4463	3.6205
v 5.3438	-1.4974	2.8154
v 5.4188	-1.4974	2.9192
v 5.4938	-2.9606	3.1511
v 5.4338	-2.8982	3.5713
v 4.5031	-2.8982	3.5713
v 5.4938	-2.8514	3.2203
v 5.4938	-2.9606	3.2203
v 5.4938	-2.5944	3.2184
v 5.4938	-2.5784	3.3680
v 5.4938	-2.5944	3.3527
v 5.4938	-2.8355	3.3527
v 5.4938	-2.8514	3.3680
v 5.4938	-2.8355	3.2184
v 5.4188	-2.5944	3.2184
v 5.4188	-2.8355	3.2184
v 5.4188	-2.5944	3.3527
v 5.4188	-2.8355	3.3527
v 5.4938	-2.8514	3.2894
v 5.4938	-2.9606	3.2894
v 5.3943	-2.9606	3.6034
v 4.8662	-2.9606	3.6034
v 4.8662	-2.9606	3.3069
v 4.7445	-2.9606	3.2894
v 5.3943	-2.9606	3.3069
v 5.4938	-1.4297	3.6224
v 5.4938	-1.4198	3.6230
v 5.4938	-1.4974	3.2894
v 5.4938	-1.4959	3.2894
v 5.4938	-1.4959	3.5470
v 5.4938	-1.4952	3.5569
v 5.4938	-1.4933	3.5667
v 5.4938	-1.4901	3.5761
v 5.4938	-1.4857	3.5850
v 5.4938	-1.4802	3.5933
v 5.4938	-1.4736	3.6008
v 5.4938	-1.4661	3.6073
v 5.4938	-1.4578	3.6129
v 5.4938	-1.4489	3.6173
v 5.4938	-1.4395	3.6205
v 5.2313	1.3901	1.4855
v 5.2313	1.3901	3.5105
v 3.2681	1.6300	3.6230
v 3.2138	1.6075	3.6230
v 3.1943	1.5925	3.6230
v 3.1672	1.5717	3.6230
v 3.1602	1.5626	3.6230
v 3.2681	1.6300	3.5722
v 3.3846	1.5626	3.5722
v 3.2681	1.5626	3.5722
v 3.3846	1.6300	3.3980
v 3.3846	1.5626	3.3980
v 3.3263	1.6376	3.3980
v 3.2681	1.6300	3.3980
v 3.2681	1.5626	3.3980
v 3.3846	1.6300	2.6916
v 3.3263	1.6376	2.6916
v 3.2681	1.6300	2.6916
v 3.4388	1.6075	2.6916
v 3.2138	1.6075	2.6916
v 3.3263	1.5771	2.6916
v 3.4854	1.5717	2.6916
v 3.3689	1.5715	2.6916
v 3.4086	1.5551	2.6916
v 3.4426	1.5289	2.6916
v 3.5212	1.5251	2.6916
v 3.4688	1.4949	2.6916
v 3.5437	1.4709	2.6916
v 3.4852	1.4552	2.6916
v 3.5513	1.4126	2.6916
v 3.4908	1.4126	2.6916
v 3.4852	1.3701	2.6916
v 3.5437	1.3544	2.6916
v 3.4688	1.3304	2.6916
v 3.5212	1.3001	2.6916
v 3.4426	1.2963	2.6916
v 3.4086	1.2702	2.6916
v 3.3689	1.2538	2.6916
v 3.4854	1.2535	2.6916
v 3.3263	1.2482	2.6916
v 3.4388	1.2178	2.6916
v 3.4854	1.2535	3.6230
v 3.4388	1.2178	3.6230
v 3.5513	1.4126	3.6230
v 3.5437	1.4709	3.6230
v 3.5305	1.5026	3.6230
v 4.0313	1.5026	3.6230
v 4.0313	1.0901	3.6230
v 3.1221	1.5026	3.6230
v 3.1090	1.4709	3.6230
v 3.1013	1.4126	3.6230
v 3.1090	1.3544	3.6230
v 3.1315	1.3001	3.6230
v 3.1672	1.2535	3.6230
v 3.2138	1.2178	3.6230
v 3.2681	1.1953	3.6230
v 3.3263	1.1876	3.6230
v 3.3846	1.1953	3.6230
v 3.5212	1.3001	3.6230
v 3.5437	1.3544	3.6230
v 3.5212	1.5251	3.3980
v 3.5305	1.5026	3.3980
v 3.4924	1.5626	3.3980
v 4.0313	1.5626	3.3980
v 4.0313	1.5026	3.3980
v 3.1315	1.5251	3.3980
v 3.1602	1.5626	3.3980
v 3.1221	1.5026	3.3980
v 3.1602	1.5626	3.5931
v 3.1604	1.5629	3.5970
v 3.1672	1.5717	3.6146
v 3.1672	1.5717	2.6916
v 3.1315	1.5251	2.6916
v 3.2681	1.5626	3.5931
v 3.4924	1.5626	3.5931
v 3.4922	1.5629	3.5970
v 3.2681	1.5626	3.6230
v 3.4854	1.5717	3.6146
v 3.4916	1.5637	3.6009
v 3.4907	1.5649	3.6046
v 3.4893	1.5666	3.6081
v 3.4634	1.5886	3.6228
v 3.4684	1.5848	3.6220
v 3.4732	1.5811	3.6208
v 3.4778	1.5776	3.6190
v 3.4820	1.5743	3.6169
v 3.1749	1.5776	3.6190
v 3.1794	1.5811	3.6208
v 3.1706	1.5743	3.6169
v 3.1843	1.5848	3.6220
v 3.1893	1.5886	3.6228
v 3.2837	1.5715	2.6916
v 3.2441	1.5551	2.6916
v 3.2100	1.5289	2.6916
v 3.1839	1.4949	2.6916
v 3.1090	1.4709	2.6916
v 3.1674	1.4552	2.6916
v 3.1618	1.4126	2.6916
v 3.1013	1.4126	2.6916
v 3.1674	1.3701	2.6916
v 3.1090	1.3544	2.6916
v 3.1839	1.3304	2.6916
v 3.1315	1.3001	2.6916
v 3.2100	1.2963	2.6916
v 3.2441	1.2702	2.6916
v 3.2837	1.2538	2.6916
v 3.1672	1.2535	2.6916
v 3.2138	1.2178	2.6916
v 3.3846	1.1953	2.6916
v 3.2681	1.1953	2.6916
v 3.3263	1.1876	2.6916
v 4.0313	1.6376	3.3980
v 4.0313	1.6376	3.2480
v 4.0313	1.5626	3.2480
v 4.0313	1.5626	1.3355
v 4.8788	1.6376	3.2480
v 4.8788	1.6376	3.3980
v 4.8788	1.5626	3.2480
v 4.8788	1.5626	1.3355
v 4.8788	1.5626	3.3980
v 4.8788	1.5626	3.5855
v 5.4338	1.5626	3.5855
v 5.4338	2.8582	3.3680
v 5.4338	2.8582	3.2030
v 5.4338	2.5852	3.2030
v 5.4338	2.5852	3.3680
v 5.4038	2.8582	3.3680
v 5.4038	2.5852	3.3680
v 5.4038	2.8582	3.2030
v 5.4038	2.5852	3.2030
v 3.6924	1.0901	1.3355
v 2.2763	1.0901	1.4089
v 2.2763	0.7901	1.4089
v 2.2134	0.7901	1.3559
v 2.2134	1.0901	1.3559
v 2.1796	1.0901	1.3325
v 2.1443	0.7901	1.3112
v 2.1443	1.0901	1.3112
v 2.0701	0.7901	1.2758
v 2.0701	1.0901	1.2758
v 2.0314	0.7901	1.2616
v 2.0314	1.0901	1.2616
v 1.9919	0.7901	1.2500
v 1.9919	1.0901	1.2500
v 1.9518	0.7901	1.2409
v 1.9518	1.0901	1.2409
v 1.8290	0.7901	1.2291
v 1.8290	1.0901	1.2291
v 0.1954	0.7901	1.2291
v 0.1954	1.0901	1.2291
v -0.1002	1.0901	0.7536
v -0.1002	0.7901	0.7536
v 0.0627	1.0901	2.5427
v 0.3075	1.0901	2.4589
v 1.0301	1.0901	2.5793
v 1.2525	1.0901	2.2489
v 1.0242	1.0901	2.7367
v 1.6233	1.0901	2.7594
v 1.4024	1.0901	1.2291
v 1.6293	1.0901	2.6020
v 1.8034	1.0901	2.6085
v 1.6591	-0.7849	2.2655
v 1.8034	-0.7849	2.6085
v 1.8034	0.7901	2.6085
v 1.6591	0.7901	2.2655
v 1.6293	-0.7849	2.6020
v 1.6293	-1.0849	2.6020
v 0.1954	-1.0849	1.2291
v 1.8290	-1.0849	1.2291
v 1.9518	-1.0849	1.2409
v 1.9919	-1.0849	1.2500
v 1.9919	-0.7849	1.2500
v 1.9518	-0.7849	1.2409
v 1.8290	-0.7849	1.2291
v 0.1954	-0.7849	1.2291
v -0.1002	-0.7849	0.7536
v -0.1002	-1.0849	0.7536
v 0.0627	-0.7849	2.5427
v 1.0301	-0.7849	2.5793
v 1.6233	-0.7849	2.7594
v 1.6591	-0.7849	2.1905
v 1.6591	0.7901	2.1905
v 1.6293	0.7901	2.6020
v 1.6233	0.7901	2.7594
v 1.0242	0.7901	2.7367
v 1.0301	0.7901	2.5793
v 0.0627	0.7901	2.5427
v -1.6122	1.0901	2.9049
v -1.6122	0.7901	2.9049
v -0.2873	1.0901	0.6403
v -0.2873	0.7901	0.6403
v -0.5653	0.7901	0.7247
v -0.5653	1.0901	0.7247
v -1.3296	0.7901	1.4494
v -1.3296	1.0901	1.4494
v -1.5050	0.7901	1.5070
v -1.5050	1.0901	1.5070
v -1.6150	0.7901	1.5624
v -1.6150	1.0901	1.5624
v -1.8114	0.7901	1.7102
v -1.8114	1.0901	1.7102
v -2.2761	0.7901	2.9758
v -2.6010	1.0901	3.0106
v -2.6010	0.7901	3.0106
v -2.5582	0.7901	3.0060
v -1.8950	1.0901	1.8006
v -1.8950	0.7901	1.8006
v -1.9326	0.7901	1.8494
v -2.0886	0.7901	2.0645
v -2.2761	0.7901	2.5906
v -2.2761	0.7901	2.9992
v -2.2761	-0.7849	2.9992
v -2.2761	-0.7849	2.9758
v -2.2761	-0.7849	2.5906
v -2.3521	0.7901	3.0039
v -3.0178	0.7901	3.0106
v -3.0178	-0.7849	3.0106
v -2.5582	-0.7849	3.0060
v -2.3521	-0.7849	3.0039
v -2.6010	-0.7849	3.0106
v -1.6122	-0.7849	2.9049
v -1.6122	-1.0849	2.9049
v -2.6010	-1.0849	3.0106
v 0.0627	-1.0849	2.5427
v 1.0301	-1.0849	2.5793
v 1.0242	-1.0849	2.7367
v 1.0242	-0.7849	2.7367
v 1.6233	-1.0849	2.7594
v -0.2873	-1.0849	0.6403
v -0.5653	-1.0849	0.7247
v -1.3296	-1.0849	1.4494
v -1.5050	-1.0849	1.5070
v -1.6150	-1.0849	1.5624
v -1.8114	-1.0849	1.7102
v -1.8950	-1.0849	1.8006
v -1.9326	-1.0849	1.8494
v -2.0886	-1.0849	2.0645
v -2.3938	-1.0849	2.1352
v -2.4168	-1.0849	2.1528
v -2.5671	-1.0849	2.2151
v -2.7284	-1.0849	2.2363
v -3.1011	-1.0849	3.0106
v -3.1011	-0.7849	3.0106
v -3.1011	-0.7849	3.0942
v -3.1011	-1.0849	3.0942
v -3.2062	-0.7849	2.3234
v -2.0886	-0.7849	2.0645
v -1.9326	-0.7849	1.8494
v -1.8950	-0.7849	1.8006
v -1.8114	-0.7849	1.7102
v -1.6150	-0.7849	1.5624
v -1.5050	-0.7849	1.5070
v -1.3296	-0.7849	1.4494
v -0.5653	-0.7849	0.7247
v -0.2873	-0.7849	0.6403
v -3.2062	-1.0249	2.3234
v -3.2062	-0.8449	2.3234
v -2.7934	-1.0849	2.2277
v -3.2062	-1.0849	2.3234
v -3.1430	-0.8449	2.4758
v -3.1430	-1.0249	2.4758
v -3.1552	-0.8449	2.5851
v -3.1430	-0.8449	2.5311
v -3.1430	-1.0249	2.5311
v -3.1552	-1.0249	2.5851
v -3.1789	-1.0249	2.6351
v -3.2130	-1.0249	2.6787
v -3.2129	-1.0249	2.3071
v -3.2129	-1.0849	2.3071
v -3.2515	-1.0849	3.3547
v -3.1892	-1.0849	3.3069
v -3.1414	-1.0849	3.2446
v -3.1114	-1.0849	3.1720
v -2.7284	1.0901	2.2363
v -2.8898	1.0901	2.2151
v -2.8898	-1.0849	2.2151
v -2.5671	1.0901	2.2151
v -2.4168	1.0901	2.1528
v -2.2877	-1.0849	2.0538
v -2.2877	1.0901	2.0538
v -2.1887	1.0901	1.9247
v -2.1887	-1.0849	1.9247
v -2.2565	1.0901	1.6130
v -2.2726	1.0901	1.7352
v -2.3197	1.0901	1.8490
v -2.3938	1.0901	2.1352
v -2.3947	1.0901	1.9468
v -2.4925	1.0901	2.0218
v -2.7934	1.0901	2.2277
v -2.6063	1.0901	2.0689
v -2.7284	1.0901	2.0850
v -2.8506	1.0901	2.0689
v -2.9644	1.0901	2.0218
v -3.0401	1.0901	2.1528
v -3.0622	1.0901	1.9468
v -3.1692	1.0901	2.0538
v -3.1372	1.0901	1.8490
v -3.1843	1.0901	1.7352
v -3.2682	1.0901	1.9247
v -3.2004	1.0901	1.6130
v -3.2682	1.0901	1.3014
v -3.1843	1.0901	1.4909
v -3.1692	1.0901	1.1723
v -3.1372	1.0901	1.3771
v -3.0622	1.0901	1.2793
v -3.0401	1.0901	1.0733
v -2.9644	1.0901	1.2043
v -2.8898	1.0901	1.0110
v -2.8506	1.0901	1.1572
v -2.7284	1.0901	1.1411
v -2.7284	1.0901	0.9898
v -2.6063	1.0901	1.1572
v -2.5671	1.0901	1.0110
v -2.4925	1.0901	1.2043
v -2.4168	1.0901	1.0733
v -2.3947	1.0901	1.2793
v -2.3197	1.0901	1.3771
v -2.2877	1.0901	1.1723
v -2.2726	1.0901	1.4909
v -2.1887	1.0901	1.3014
v -2.1264	1.0901	1.7744
v -2.1264	1.0901	1.4517
v -2.1052	1.0901	1.6130
v -2.1264	-1.0849	1.7744
v -2.1052	-1.0849	1.6130
v -2.1264	-1.0849	1.4517
v -2.1887	-1.0849	1.3014
v -2.1642	-1.0849	1.6130
v -2.1803	-1.0849	1.4909
v -2.1642	-1.5349	1.6130
v -2.1803	-1.5349	1.4909
v -2.1803	-1.0849	1.7352
v -2.1803	-1.5349	1.7352
v -2.2274	-1.0849	1.8490
v -2.3024	-1.0849	1.9468
v -2.4002	-1.0849	2.0218
v -2.5140	-1.0849	2.0689
v -2.6362	-1.0849	2.0850
v -2.7583	-1.0849	2.0689
v -2.8722	-1.0849	2.0218
v -2.9699	-1.0849	1.9468
v -3.0401	-1.0849	2.1528
v -3.1692	-1.0849	2.0538
v -3.2682	-1.0849	1.9247
v -3.1692	-1.0849	1.1723
v -3.1081	-1.0849	1.6130
v -3.0921	-1.0849	1.4909
v -3.0449	-1.0849	1.3771
v -3.0401	-1.0849	1.0733
v -2.9699	-1.0849	1.2793
v -2.8898	-1.0849	1.0110
v -2.8722	-1.0849	1.2043
v -2.7583	-1.0849	1.1572
v -2.7284	-1.0849	0.9898
v -2.6362	-1.0849	1.1411
v -2.5671	-1.0849	1.0110
v -2.5140	-1.0849	1.1572
v -2.4168	-1.0849	1.0733
v -2.4002	-1.0849	1.2043
v -2.3024	-1.0849	1.2793
v -2.2877	-1.0849	1.1723
v -2.2274	-1.0849	1.3771
v -2.2274	-1.5349	1.3771
v -3.0449	-1.5349	1.8490
v -3.0921	-1.5349	1.7352
v -3.1081	-1.5349	1.6130
v -3.0921	-1.5349	1.4909
v -3.0449	-1.5349	1.3771
v -2.9699	-1.5349	1.2793
v -2.8722	-1.5349	1.2043
v -2.7583	-1.5349	1.1572
v -2.6362	-1.5349	1.1411
v -2.5140	-1.5349	1.1572
v -2.4002	-1.5349	1.2043
v -2.3024	-1.5349	1.2793
v -2.2274	-1.5349	1.8490
v -2.3024	-1.5349	1.9468
v -2.4002	-1.5349	2.0218
v -2.5140	-1.5349	2.0689
v -2.6362	-1.5349	2.0850
v -2.7583	-1.5349	2.0689
v -2.8722	-1.5349	2.0218
v -2.9699	-1.5349	1.9468
v -3.0449	-1.0849	1.8490
v -3.0921	-1.0849	1.7352
v -3.1692	0.8501	1.1723
v -3.1692	1.0301	1.1723
v -3.1692	-1.0249	1.1723
v -3.1692	-0.8449	1.1723
v -3.1692	-0.7849	1.1723
v -3.1692	0.7901	1.1723
v -3.2682	0.8501	1.3014
v -3.2682	1.0301	1.3014
v -3.3004	0.8501	1.1723
v -3.3305	0.8501	1.4517
v -3.3209	0.8501	1.1731
v -3.3209	0.7901	1.1731
v -3.3004	0.7901	1.1723
v -3.3412	0.7901	1.1753
v -3.3412	0.8501	1.1753
v -3.3614	0.7901	1.1790
v -3.3614	0.8501	1.1790
v -3.3812	0.7901	1.1841
v -3.3812	0.8501	1.1841
v -3.4006	0.7901	1.1907
v -3.4006	0.8501	1.1907
v -3.4195	0.7901	1.1986
v -3.4195	0.8501	1.1986
v -3.4377	0.7901	1.2079
v -3.4377	0.8501	1.2079
v -3.4552	0.7901	1.2185
v -3.4552	0.8501	1.2185
v -3.4720	0.7901	1.2303
v -3.4720	0.8501	1.2303
v -3.4878	0.7901	1.2433
v -3.4878	0.8501	1.2433
v -3.5164	0.7901	1.2725
v -3.5164	0.8501	1.2725
v -3.5099	0.7901	1.4642
v -3.4814	0.7901	1.4711
v -3.4556	0.7901	1.4851
v -3.4343	0.7901	1.5053
v -3.4190	0.7901	1.5304
v -3.4107	0.7901	1.5585
v -3.4099	0.7901	1.5879
v -3.3780	0.7901	1.7319
v -3.3517	0.7901	1.6130
v -3.3411	0.7901	1.6937
v -3.3517	-1.0249	1.6130
v -3.3411	-1.0249	1.6937
v -3.3411	-1.0849	1.6937
v -3.3305	-1.0849	1.7744
v -3.3305	1.0901	1.7744
v -3.3411	1.0901	1.6937
v -3.3411	1.0301	1.6937
v -3.3517	1.0301	1.6130
v -3.3517	0.8501	1.6130
v -3.3411	0.8501	1.6937
v -3.3517	-0.7849	1.6130
v -3.3411	-0.7849	1.6937
v -3.3411	-0.8449	1.6937
v -3.3517	-0.8449	1.6130
v -3.3517	-1.0849	1.6130
v -3.3305	-1.0849	1.4517
v -3.2682	-1.0849	1.3014
v -3.3004	-1.0849	1.1723
v -3.3305	-1.0249	1.4517
v -3.2682	-1.0249	1.3014
v -3.3412	-1.0849	1.1753
v -3.3209	-1.0849	1.1731
v -3.3209	-1.0249	1.1731
v -3.3004	-1.0249	1.1723
v -3.3412	-1.0249	1.1753
v -3.3614	-1.0849	1.1790
v -3.3614	-1.0249	1.1790
v -3.3812	-1.0849	1.1841
v -3.3812	-1.0249	1.1841
v -3.4006	-1.0849	1.1907
v -3.4006	-1.0249	1.1907
v -3.4195	-1.0849	1.1986
v -3.4195	-1.0249	1.1986
v -3.4377	-1.0849	1.2079
v -3.4377	-1.0249	1.2079
v -3.4552	-1.0849	1.2185
v -3.4552	-1.0249	1.2185
v -3.4720	-1.0849	1.2303
v -3.4720	-1.0249	1.2303
v -3.4878	-1.0849	1.2433
v -3.4878	-1.0249	1.2433
v -3.5164	-1.0849	1.2725
v -3.5164	-1.0249	1.2725
v -3.5099	-1.0849	1.4642
v -3.4814	-1.0849	1.4711
v -3.4556	-1.0849	1.4851
v -3.4343	-1.0849	1.5053
v -3.4190	-1.0849	1.5304
v -3.4107	-1.0849	1.5585
v -3.4099	-1.0849	1.5879
v -3.3780	-1.0849	1.7319
v -3.3780	-1.0249	1.7319
v -3.2682	-0.8449	1.3014
v -3.3305	-0.8449	1.4517
v -3.3305	0.7901	1.4517
v -3.3305	-0.7849	1.4517
v -3.3412	-0.8449	1.1753
v -3.3209	-0.8449	1.1731
v -3.3004	-0.8449	1.1723
v -3.3004	-0.7849	1.1723
v -3.3209	-0.7849	1.1731
v -3.3412	-0.7849	1.1753
v -3.3614	-0.8449	1.1790
v -3.3614	-0.7849	1.1790
v -3.3812	-0.8449	1.1841
v -3.3812	-0.7849	1.1841
v -3.4006	-0.8449	1.1907
v -3.4006	-0.7849	1.1907
v -3.4195	-0.8449	1.1986
v -3.4195	-0.7849	1.1986
v -3.4377	-0.8449	1.2079
v -3.4377	-0.7849	1.2079
v -3.4552	-0.8449	1.2185
v -3.4552	-0.7849	1.2185
v -3.4720	-0.8449	1.2303
v -3.4720	-0.7849	1.2303
v -3.4878	-0.8449	1.2433
v -3.4878	-0.7849	1.2433
v -3.5164	-0.8449	1.2725
v -3.5164	-0.7849	1.2725
v -3.5099	-0.8449	1.4642
v -3.4814	-0.8449	1.4711
v -3.4556	-0.8449	1.4851
v -3.4343	-0.8449	1.5053
v -3.4190	-0.8449	1.5304
v -3.4107	-0.8449	1.5585
v -3.4099	-0.8449	1.5879
v -3.3780	-0.8449	1.7319
v -3.3780	-0.7849	1.7319
v -3.2682	-0.7849	1.3014
v -3.4099	-0.7849	1.5879
v -3.4107	-0.7849	1.5585
v -3.4190	-0.7849	1.5304
v -3.4343	-0.7849	1.5053
v -3.4556	-0.7849	1.4851
v -3.4814	-0.7849	1.4711
v -3.5099	-0.7849	1.4642
v -3.5393	-0.7849	1.4649
v -3.6680	-0.7849	1.4517
v -3.6680	-0.8449	1.4517
v -3.5393	-0.8449	1.4649
v -3.4343	-0.8524	1.5053
v -3.4190	-0.8524	1.5304
v -3.4343	-1.0174	1.5053
v -3.4190	-1.0174	1.5304
v -3.4310	-1.0174	1.4513
v -3.4107	-1.0174	1.5585
v -3.4018	-1.0174	1.4791
v -3.4099	-1.0174	1.5879
v -3.3971	-1.0174	1.6668
v -3.3808	-1.0174	1.5134
v -3.3778	-1.0174	1.6314
v -3.3694	-1.0174	1.5521
v -3.3684	-1.0174	1.5923
v -3.3694	-0.8524	1.5521
v -3.3684	-0.8524	1.5923
v -3.3778	-0.8524	1.6314
v -3.3808	-0.8524	1.5134
v -3.4018	-0.8524	1.4791
v -3.3971	-0.8524	1.6668
v -3.4248	-0.8524	1.6960
v -3.4248	-1.0174	1.6960
v -3.4099	-0.8524	1.5879
v -3.4107	-0.8524	1.5585
v -3.4310	-0.8524	1.4513
v -3.4664	-1.0174	1.4321
v -3.4664	-0.8524	1.4321
v -3.5055	-1.0174	1.4227
v -3.5055	-0.8524	1.4227
v -3.5458	-1.0174	1.4237
v -3.5458	-0.8524	1.4237
v -3.5844	-1.0174	1.4351
v -3.5844	-0.8524	1.4351
v -3.6188	-1.0174	1.4561
v -3.6188	-0.8524	1.4561
v -3.6465	-1.0174	1.4853
v -3.6465	-0.8524	1.4853
v -3.6268	-1.0174	1.5356
v -3.6127	-1.0174	1.5098
v -3.5925	-1.0174	1.4886
v -3.5675	-1.0174	1.4732
v -3.5393	-1.0174	1.4649
v -3.5099	-1.0174	1.4642
v -3.4814	-1.0174	1.4711
v -3.4556	-1.0174	1.4851
v -3.4556	-0.8524	1.4851
v -3.4190	-1.0249	1.5304
v -3.4107	-1.0249	1.5585
v -3.4343	-1.0249	1.5053
v -3.4556	-1.0249	1.4851
v -3.4814	-1.0249	1.4711
v -3.4814	-0.8524	1.4711
v -3.5099	-0.8524	1.4642
v -3.5393	-0.8524	1.4649
v -3.5675	-0.8524	1.4732
v -3.5925	-0.8524	1.4886
v -3.6127	-0.8524	1.5098
v -3.6268	-0.8524	1.5356
v -3.6337	-0.8524	1.5642
v -3.6417	-0.8524	1.6730
v -3.6627	-0.8524	1.6387
v -3.6657	-0.8524	1.5206
v -3.6657	-1.0174	1.5206
v -3.6627	-1.0174	1.6387
v -3.6417	-1.0174	1.6730
v -3.6337	-1.0174	1.5642
v -3.6268	-0.8449	1.5356
v -3.6337	-0.8449	1.5642
v -3.6127	-0.8449	1.5098
v -3.5925	-0.8449	1.4886
v -3.5675	-0.8449	1.4732
v -3.6268	-1.0249	1.5356
v -3.6127	-1.0249	1.5098
v -3.6337	-1.0249	1.5642
v -3.6329	-1.0174	1.5935
v -3.6329	-1.0249	1.5935
v -3.6329	-0.8524	1.5935
v -3.6246	-0.8524	1.6217
v -3.6126	-0.8524	1.7008
v -3.6093	-0.8524	1.6468
v -3.5880	-0.8524	1.6670
v -3.5772	-0.8524	1.7200
v -3.5622	-0.8524	1.6810
v -3.5380	-0.8524	1.7294
v -3.5336	-0.8524	1.6879
v -3.5043	-0.8524	1.6872
v -3.4978	-0.8524	1.7284
v -3.4761	-0.8524	1.6789
v -3.4592	-0.8524	1.7170
v -3.4511	-0.8524	1.6635
v -3.4308	-0.8524	1.6423
v -3.4168	-0.8524	1.6165
v -3.4168	-1.0174	1.6165
v -3.4308	-1.0174	1.6423
v -3.4592	-1.0174	1.7170
v -3.4978	-1.0174	1.7284
v -3.5380	-1.0174	1.7294
v -3.5772	-1.0174	1.7200
v -3.6126	-1.0174	1.7008
v -3.6741	-1.0174	1.6000
v -3.6741	-0.8524	1.6000
v -3.6752	-1.0174	1.5598
v -3.6752	-0.8524	1.5598
v -3.6246	-1.0174	1.6217
v -3.6093	-1.0174	1.6468
v -3.5880	-1.0174	1.6670
v -3.5622	-1.0174	1.6810
v -3.5336	-1.0174	1.6879
v -3.5043	-1.0174	1.6872
v -3.4761	-1.0174	1.6789
v -3.4511	-1.0174	1.6635
v -3.4308	-1.0249	1.6423
v -3.4511	-1.0249	1.6635
v -3.4168	-1.0249	1.6165
v -3.4099	-1.0249	1.5879
v -3.4235	-1.0249	1.7592
v -3.4168	-1.0849	1.6165
v -3.4235	-1.0849	1.7592
v -3.4745	-1.0249	1.7738
v -3.4745	-1.0849	1.7738
v -3.4308	-1.0849	1.6423
v -3.4511	-1.0849	1.6635
v -3.4761	-1.0849	1.6789
v -3.5276	-1.0849	1.7748
v -3.5276	-1.0249	1.7748
v -3.4761	-1.0249	1.6789
v -3.6246	-1.0849	1.6217
v -3.6329	-1.0849	1.5935
v -3.6337	-1.0849	1.5642
v -3.6268	-1.0849	1.5356
v -3.6127	-1.0849	1.5098
v -3.5925	-1.0849	1.4886
v -3.5675	-1.0849	1.4732
v -3.5393	-1.0849	1.4649
v -3.5043	-1.0849	1.6872
v -3.5336	-1.0849	1.6879
v -3.5622	-1.0849	1.6810
v -3.5880	-1.0849	1.6670
v -3.6093	-1.0849	1.6468
v -3.6255	-1.0849	1.7362
v -3.5791	-1.0849	1.7619
v -3.5043	-1.0249	1.6872
v -3.5336	-1.0249	1.6879
v -3.5622	-1.0249	1.6810
v -3.5880	-1.0249	1.6670
v -3.6093	-1.0249	1.6468
v -3.6246	-1.0249	1.6217
v -3.6255	-1.0249	1.7362
v -3.5791	-1.0249	1.7619
v -3.6246	-0.8449	1.6217
v -3.6093	-0.8449	1.6468
v -3.6329	-0.8449	1.5935
v -3.6637	-0.8449	1.6993
v -3.6255	-0.8449	1.7362
v -3.5880	-0.8449	1.6670
v -3.5791	-0.8449	1.7619
v -3.5622	-0.8449	1.6810
v -3.5336	-0.8449	1.6879
v -3.5276	-0.8449	1.7748
v -3.5043	-0.8449	1.6872
v -3.4761	-0.8449	1.6789
v -3.4745	-0.8449	1.7738
v -3.4511	-0.8449	1.6635
v -3.4308	-0.8449	1.6423
v -3.4235	-0.8449	1.7592
v -3.4168	-0.8449	1.6165
v -3.4235	-0.7849	1.7592
v -3.4168	-0.7849	1.6165
v -3.6093	-0.7849	1.6468
v -3.5880	-0.7849	1.6670
v -3.6246	-0.7849	1.6217
v -3.6255	-0.7849	1.7362
v -3.5791	-0.7849	1.7619
v -3.5622	-0.7849	1.6810
v -3.5336	-0.7849	1.6879
v -3.5276	-0.7849	1.7748
v -3.5043	-0.7849	1.6872
v -3.4761	-0.7849	1.6789
v -3.4745	-0.7849	1.7738
v -3.4511	-0.7849	1.6635
v -3.4308	-0.7849	1.6423
v -3.6127	-0.7849	1.5098
v -3.6268	-0.7849	1.5356
v -3.6337	-0.7849	1.5642
v -3.6329	-0.7849	1.5935
v -3.5675	-0.7849	1.4732
v -3.5925	-0.7849	1.4886
v -3.6637	-0.7849	1.6993
v -3.6910	-0.7849	1.6538
v -3.6937	-0.7849	1.4982
v -3.6937	-0.8449	1.4982
v -3.6910	-0.8449	1.6538
v -3.7056	-0.8449	1.6027
v -3.7056	-0.7849	1.6027
v -3.7066	-0.8449	1.5497
v -3.7066	-0.7849	1.5497
v -3.6637	-1.0249	1.6993
v -3.6637	-1.0849	1.6993
v -3.6910	-1.0849	1.6538
v -3.6910	-1.0249	1.6538
v -3.6680	-1.0849	1.4517
v -3.5099	-1.0249	1.4642
v -3.5393	-1.0249	1.4649
v -3.6680	-1.0249	1.4517
v -3.6937	-1.0849	1.4982
v -3.6937	-1.0249	1.4982
v -3.7056	-1.0849	1.6027
v -3.7056	-1.0249	1.6027
v -3.5925	-1.0249	1.4886
v -3.5675	-1.0249	1.4732
v -3.7066	-1.0249	1.5497
v -3.7066	-1.0849	1.5497
v -3.2682	0.7901	1.3014
v -3.3780	0.8501	1.7319
v -3.3305	1.0301	1.4517
v -3.3517	1.0901	1.6130
v -3.3305	1.0901	1.4517
v -3.3412	1.0301	1.1753
v -3.3209	1.0301	1.1731
v -3.3004	1.0301	1.1723
v -3.3004	1.0901	1.1723
v -3.3209	1.0901	1.1731
v -3.3412	1.0901	1.1753
v -3.3614	1.0301	1.1790
v -3.3614	1.0901	1.1790
v -3.3812	1.0301	1.1841
v -3.3812	1.0901	1.1841
v -3.4006	1.0301	1.1907
v -3.4006	1.0901	1.1907
v -3.4195	1.0301	1.1986
v -3.4195	1.0901	1.1986
v -3.4377	1.0301	1.2079
v -3.4377	1.0901	1.2079
v -3.4552	1.0301	1.2185
v -3.4552	1.0901	1.2185
v -3.4720	1.0301	1.2303
v -3.4720	1.0901	1.2303
v -3.4878	1.0301	1.2433
v -3.4878	1.0901	1.2433
v -3.5164	1.0301	1.2725
v -3.5164	1.0901	1.2725
v -3.5099	1.0301	1.4642
v -3.4814	1.0301	1.4711
v -3.4556	1.0301	1.4851
v -3.4343	1.0301	1.5053
v -3.4190	1.0301	1.5304
v -3.4107	1.0301	1.5585
v -3.4099	1.0301	1.5879
v -3.3780	1.0301	1.7319
v -3.3780	1.0901	1.7319
v -3.4099	1.0901	1.5879
v -3.4107	1.0901	1.5585
v -3.4190	1.0901	1.5304
v -3.4343	1.0901	1.5053
v -3.4556	1.0901	1.4851
v -3.4814	1.0901	1.4711
v -3.5099	1.0901	1.4642
v -3.5393	1.0901	1.4649
v -3.6680	1.0901	1.4517
v -3.6680	1.0301	1.4517
v -3.5393	1.0301	1.4649
v -3.4343	1.0226	1.5053
v -3.4190	1.0226	1.5304
v -3.4310	1.0226	1.4513
v -3.4107	1.0226	1.5585
v -3.4018	1.0226	1.4791
v -3.4099	1.0226	1.5879
v -3.4107	0.8576	1.5585
v -3.4099	0.8576	1.5879
v -3.4018	0.8576	1.4791
v -3.4310	0.8576	1.4513
v -3.4190	0.8576	1.5304
v -3.4190	0.8501	1.5304
v -3.4107	0.8501	1.5585
v -3.4343	0.8576	1.5053
v -3.4343	0.8501	1.5053
v -3.4556	0.8576	1.4851
v -3.4556	0.8501	1.4851
v -3.4664	0.8576	1.4321
v -3.4556	1.0226	1.4851
v -3.4664	1.0226	1.4321
v -3.5055	0.8576	1.4227
v -3.5055	1.0226	1.4227
v -3.5458	0.8576	1.4237
v -3.5458	1.0226	1.4237
v -3.5844	0.8576	1.4351
v -3.5844	1.0226	1.4351
v -3.6188	0.8576	1.4561
v -3.6188	1.0226	1.4561
v -3.6465	0.8576	1.4853
v -3.6465	1.0226	1.4853
v -3.6268	0.8576	1.5356
v -3.6127	0.8576	1.5098
v -3.5925	0.8576	1.4886
v -3.5675	0.8576	1.4732
v -3.5393	0.8576	1.4649
v -3.5099	0.8576	1.4642
v -3.4814	0.8576	1.4711
v -3.4814	1.0226	1.4711
v -3.5099	1.0226	1.4642
v -3.5393	1.0226	1.4649
v -3.5675	1.0226	1.4732
v -3.5925	1.0226	1.4886
v -3.6127	1.0226	1.5098
v -3.6268	1.0226	1.5356
v -3.6337	1.0226	1.5642
v -3.6417	1.0226	1.6730
v -3.6627	1.0226	1.6387
v -3.6657	1.0226	1.5206
v -3.6657	0.8576	1.5206
v -3.6627	0.8576	1.6387
v -3.6417	0.8576	1.6730
v -3.6337	0.8576	1.5642
v -3.6268	1.0301	1.5356
v -3.6337	1.0301	1.5642
v -3.6127	1.0301	1.5098
v -3.5925	1.0301	1.4886
v -3.5675	1.0301	1.4732
v -3.6268	0.8501	1.5356
v -3.6127	0.8501	1.5098
v -3.6337	0.8501	1.5642
v -3.6329	0.8576	1.5935
v -3.6329	0.8501	1.5935
v -3.6246	0.8576	1.6217
v -3.6126	0.8576	1.7008
v -3.6093	0.8576	1.6468
v -3.5880	0.8576	1.6670
v -3.5772	0.8576	1.7200
v -3.5622	0.8576	1.6810
v -3.5380	0.8576	1.7294
v -3.5336	0.8576	1.6879
v -3.5043	0.8576	1.6872
v -3.4978	0.8576	1.7284
v -3.4761	0.8576	1.6789
v -3.4592	0.8576	1.7170
v -3.4511	0.8576	1.6635
v -3.4308	0.8576	1.6423
v -3.4248	0.8576	1.6960
v -3.4168	0.8576	1.6165
v -3.3971	0.8576	1.6668
v -3.3808	0.8576	1.5134
v -3.3778	0.8576	1.6314
v -3.3694	0.8576	1.5521
v -3.3684	0.8576	1.5923
v -3.3694	1.0226	1.5521
v -3.3684	1.0226	1.5923
v -3.3778	1.0226	1.6314
v -3.3808	1.0226	1.5134
v -3.3971	1.0226	1.6668
v -3.4248	1.0226	1.6960
v -3.4168	1.0226	1.6165
v -3.4099	0.8501	1.5879
v -3.4168	0.8501	1.6165
v -3.4235	0.8501	1.7592
v -3.4168	0.7901	1.6165
v -3.4235	0.7901	1.7592
v -3.4745	0.8501	1.7738
v -3.4745	0.7901	1.7738
v -3.4308	0.8501	1.6423
v -3.4308	0.7901	1.6423
v -3.4511	0.7901	1.6635
v -3.4761	0.7901	1.6789
v -3.5276	0.7901	1.7748
v -3.5276	0.8501	1.7748
v -3.4761	0.8501	1.6789
v -3.4511	0.8501	1.6635
v -3.6246	0.7901	1.6217
v -3.6329	0.7901	1.5935
v -3.6337	0.7901	1.5642
v -3.6268	0.7901	1.5356
v -3.6127	0.7901	1.5098
v -3.5925	0.7901	1.4886
v -3.5675	0.7901	1.4732
v -3.5393	0.7901	1.4649
v -3.5043	0.7901	1.6872
v -3.5336	0.7901	1.6879
v -3.5622	0.7901	1.6810
v -3.5880	0.7901	1.6670
v -3.6093	0.7901	1.6468
v -3.6255	0.7901	1.7362
v -3.5791	0.7901	1.7619
v -3.5043	0.8501	1.6872
v -3.5336	0.8501	1.6879
v -3.5622	0.8501	1.6810
v -3.5880	0.8501	1.6670
v -3.6093	0.8501	1.6468
v -3.6246	0.8501	1.6217
v -3.6255	0.8501	1.7362
v -3.5791	0.8501	1.7619
v -3.6246	1.0226	1.6217
v -3.6093	1.0226	1.6468
v -3.6126	1.0226	1.7008
v -3.5880	1.0226	1.6670
v -3.5772	1.0226	1.7200
v -3.5622	1.0226	1.6810
v -3.5380	1.0226	1.7294
v -3.5336	1.0226	1.6879
v -3.5043	1.0226	1.6872
v -3.4978	1.0226	1.7284
v -3.4761	1.0226	1.6789
v -3.4592	1.0226	1.7170
v -3.4511	1.0226	1.6635
v -3.4308	1.0226	1.6423
v -3.6093	1.0301	1.6468
v -3.5880	1.0301	1.6670
v -3.6246	1.0301	1.6217
v -3.6329	1.0226	1.5935
v -3.6329	1.0301	1.5935
v -3.6637	1.0301	1.6993
v -3.6255	1.0301	1.7362
v -3.5791	1.0301	1.7619
v -3.5622	1.0301	1.6810
v -3.5336	1.0301	1.6879
v -3.5276	1.0301	1.7748
v -3.5043	1.0301	1.6872
v -3.4761	1.0301	1.6789
v -3.4745	1.0301	1.7738
v -3.4511	1.0301	1.6635
v -3.4308	1.0301	1.6423
v -3.4235	1.0301	1.7592
v -3.4168	1.0301	1.6165
v -3.4235	1.0901	1.7592
v -3.4168	1.0901	1.6165
v -3.5880	1.0901	1.6670
v -3.5622	1.0901	1.6810
v -3.6093	1.0901	1.6468
v -3.6246	1.0901	1.6217
v -3.6255	1.0901	1.7362
v -3.5791	1.0901	1.7619
v -3.5336	1.0901	1.6879
v -3.5276	1.0901	1.7748
v -3.5043	1.0901	1.6872
v -3.4761	1.0901	1.6789
v -3.4745	1.0901	1.7738
v -3.4511	1.0901	1.6635
v -3.4308	1.0901	1.6423
v -3.6127	1.0901	1.5098
v -3.6268	1.0901	1.5356
v -3.6337	1.0901	1.5642
v -3.6329	1.0901	1.5935
v -3.5675	1.0901	1.4732
v -3.5925	1.0901	1.4886
v -3.6637	1.0901	1.6993
v -3.6910	1.0901	1.6538
v -3.6937	1.0901	1.4982
v -3.6937	1.0301	1.4982
v -3.6910	1.0301	1.6538
v -3.7056	1.0301	1.6027
v -3.7056	1.0901	1.6027
v -3.7066	1.0301	1.5497
v -3.7066	1.0901	1.5497
v -3.6741	0.8576	1.6000
v -3.6741	1.0226	1.6000
v -3.6752	0.8576	1.5598
v -3.6752	1.0226	1.5598
v -3.6637	0.8501	1.6993
v -3.6637	0.7901	1.6993
v -3.6910	0.7901	1.6538
v -3.6910	0.8501	1.6538
v -3.6680	0.7901	1.4517
v -3.5099	0.8501	1.4642
v -3.5393	0.8501	1.4649
v -3.4814	0.8501	1.4711
v -3.6680	0.8501	1.4517
v -3.6937	0.7901	1.4982
v -3.6937	0.8501	1.4982
v -3.7056	0.7901	1.6027
v -3.7056	0.8501	1.6027
v -3.5925	0.8501	1.4886
v -3.5675	0.8501	1.4732
v -3.7066	0.8501	1.5497
v -3.7066	0.7901	1.5497
v -3.3742	0.2726	1.1079
v -3.3742	0.1424	1.0539
v -3.3742	-0.1371	1.0539
v -3.3742	0.0026	1.0355
v -2.8898	0.1424	1.0539
v -2.8898	0.0026	1.0355
v -2.8898	0.2726	1.1079
v -3.3742	0.3845	1.1937
v -2.8898	0.3845	1.1937
v -3.3742	-0.2674	1.1079
v -2.8898	-0.1371	1.0539
v -2.8898	-0.2674	1.1079
v -2.8898	-0.3792	1.1937
v -2.8898	0.4703	1.3055
v -3.3742	0.4703	1.3055
v -3.3742	0.5242	1.4358
v -3.3742	0.5426	1.5755
v -3.3742	-0.3792	1.9574
v -3.3742	-0.4650	1.8455
v -3.3742	-0.5190	1.7153
v -3.3742	-0.5374	1.5755
v -3.3742	-0.5190	1.4358
v -3.3742	-0.4650	1.3055
v -3.3742	-0.3792	1.1937
v -2.8898	-0.4650	1.3055
v -2.8898	-0.5190	1.4358
v -2.8898	-0.5374	1.5755
v -2.8898	-0.5190	1.7153
v -2.8898	-0.4650	1.8455
v -2.8898	-0.3792	1.9574
v -2.8898	-0.2674	2.0432
v -3.3742	-0.2674	2.0432
v -2.8898	0.2726	2.0432
v -2.8898	0.3845	1.9574
v -2.8898	0.4703	1.8455
v -2.8898	0.0026	1.7373
v -2.8898	-0.0392	1.7318
v -2.8898	-0.0782	1.7156
v -2.8898	-0.1118	1.6899
v -2.8898	-0.1375	1.6564
v -2.8898	-0.1536	1.6174
v -2.8898	-0.1591	1.5755
v -2.8898	-0.1536	1.5337
v -2.8898	-0.1375	1.4947
v -2.8898	-0.1118	1.4612
v -2.8898	-0.0782	1.4355
v -2.8898	-0.0392	1.4193
v -2.8898	0.0026	1.4138
v -2.8898	0.5242	1.4358
v -2.8898	0.5426	1.5755
v -3.3742	0.5242	1.7153
v -2.8898	0.5242	1.7153
v -3.3742	0.4703	1.8455
v -3.3742	0.3845	1.9574
v -3.3742	-0.1371	2.0971
v -2.8898	-0.1371	2.0971
v -2.8898	0.1424	2.0971
v -3.3742	0.2726	2.0432
v -3.3742	0.1424	2.0971
v -2.8898	0.0835	1.7156
v -2.8898	0.1170	1.6899
v -2.8898	0.1427	1.6564
v -2.8898	0.1589	1.6174
v -2.8898	0.1644	1.5755
v -2.8898	0.1589	1.5337
v -2.8898	0.1427	1.4947
v -2.8898	0.1170	1.4612
v -2.8898	0.0835	1.4355
v -2.8898	0.0445	1.4193
v 3.2511	0.0445	1.4193
v 3.2511	0.0026	1.4138
v 3.2511	0.0835	1.4355
v 3.2511	0.1170	1.4612
v 3.2511	0.1427	1.4947
v 3.2511	0.1589	1.5337
v 3.2511	0.1644	1.5755
v 3.2511	0.1589	1.6174
v 3.2511	0.1427	1.6564
v 3.2511	0.1170	1.6899
v 3.2511	0.0835	1.7156
v 3.2511	0.0445	1.7318
v 3.2511	0.0026	1.7373
v 3.2511	-0.0392	1.7318
v 3.2511	-0.0782	1.7156
v 3.2511	-0.1118	1.6899
v 3.2511	-0.1375	1.6564
v 3.2511	-0.1536	1.6174
v 3.2511	-0.1591	1.5755
v 3.2511	-0.1536	1.5337
v 3.2511	-0.1375	1.4947
v 3.2511	-0.1118	1.4612
v 3.2511	-0.0782	1.4355
v 3.2511	-0.0392	1.4193
v -2.8898	0.0445	1.7318
v -3.3742	0.0026	2.1155
v -2.8898	0.0026	2.1155
v -2.0886	1.0901	2.0645
v -3.2062	1.0901	2.3234
v -3.2062	0.8501	2.3234
v -3.2062	1.0301	2.3234
v -3.2062	0.7901	2.3234
v -3.1430	0.8501	2.4758
v -3.1430	1.0301	2.4758
v -3.1552	0.8501	2.5851
v -3.1430	0.8501	2.5311
v -3.1430	1.0301	2.5311
v -3.1552	1.0301	2.5851
v -3.1789	1.0301	2.6351
v -3.1789	0.8501	2.6351
v -3.2130	0.8501	2.6787
v -3.2129	0.8501	2.3071
v -3.2129	0.7901	2.3071
v -3.2515	0.7901	3.3547
v -3.1892	0.7901	3.3069
v -3.1414	0.7901	3.2446
v -3.1114	0.7901	3.1720
v -3.1011	0.7901	2.5906
v -3.1011	-0.7849	2.5906
v -3.1011	-0.4986	2.6328
v -3.1011	-0.4986	2.9703
v -3.1011	-0.3036	2.9703
v -3.1011	0.3339	2.9703
v -3.1011	0.5289	2.9703
v -3.1011	0.7901	3.0106
v -3.1011	0.7901	2.9270
v -3.1011	0.5289	2.6328
v -3.1011	-0.3036	2.6328
v -3.1161	-0.4986	2.6328
v -3.1161	-0.3036	2.6328
v -3.1161	-0.4760	2.6554
v -3.1161	-0.4986	2.9703
v -3.1161	-0.3036	2.9703
v -3.1161	-0.3262	2.6554
v -3.1011	-0.4760	2.6554
v -3.1011	-0.3262	2.6554
v -3.1011	-0.4760	2.7874
v -3.1011	-0.3262	2.7874
v -3.1161	-0.4760	2.7874
v -3.1161	-0.4760	2.8161
v -3.1161	-0.4760	2.9477
v -3.1161	-0.3262	2.9477
v -3.1161	-0.3262	2.8161
v -3.1161	-0.3262	2.7874
v -3.1011	-0.4760	2.8161
v -3.1011	-0.3262	2.8161
v -3.1011	-0.4760	2.9477
v -3.1011	-0.3262	2.9477
v -3.1011	0.3339	2.6328
v -3.1161	0.3339	2.9703
v -3.1161	0.3339	2.6328
v -3.1161	0.5289	2.9703
v -3.1161	0.5289	2.6328
v -3.1161	0.3565	2.6554
v -3.1161	0.3565	2.7874
v -3.1161	0.3565	2.8161
v -3.1161	0.3565	2.9477
v -3.1161	0.5063	2.9477
v -3.1161	0.5063	2.8161
v -3.1161	0.5063	2.7874
v -3.1161	0.5063	2.6554
v -3.1011	0.3565	2.6554
v -3.1011	0.3565	2.7874
v -3.1011	0.5063	2.6554
v -3.1011	0.5063	2.7874
v -3.1011	0.3565	2.8161
v -3.1011	0.5063	2.8161
v -3.1011	0.3565	2.9477
v -3.1011	0.5063	2.9477
v -3.1011	0.7901	3.0942
v -3.1011	1.0901	3.0106
v -3.1011	1.0901	3.0942
v -1.9326	1.0901	1.8494
v -3.1011	1.0901	2.9270
v -3.1114	1.0901	3.1720
v -3.1414	1.0901	3.2446
v -3.1892	1.0901	3.3069
v -3.2515	1.0901	3.3547
v -3.2129	1.0901	2.3071
v -3.2129	1.0301	2.3071
v -3.2546	1.0301	2.2528
v -3.2546	1.0901	2.2528
v -3.3090	1.0301	2.2110
v -3.3090	1.0901	2.2110
v -3.3723	1.0301	2.1848
v -3.3723	1.0901	2.1848
v -3.4402	1.0301	2.1759
v -3.4402	1.0901	2.1759
v -3.5082	1.0301	2.1848
v -3.5082	1.0901	2.1848
v -3.5715	1.0301	2.2110
v -3.5715	1.0901	2.2110
v -3.6258	1.0301	2.2528
v -3.6258	1.0901	2.2528
v -3.6676	1.0301	2.3071
v -3.6676	1.0901	2.3071
v -3.6279	1.0301	2.6097
v -3.5992	1.0301	2.6441
v -3.5778	1.0301	2.6835
v -3.5647	1.0301	2.7264
v -3.5621	1.0301	2.7518
v -3.5576	1.0301	2.4019
v -3.5538	1.0301	2.3727
v -3.5425	1.0301	2.3456
v -3.5247	1.0301	2.3223
v -3.5014	1.0301	2.3044
v -3.4742	1.0301	2.2932
v -3.4451	1.0301	2.2894
v -3.4160	1.0301	2.2932
v -3.3889	1.0301	2.3044
v -3.3656	1.0301	2.3223
v -3.3477	1.0301	2.3456
v -3.3364	1.0301	2.3727
v -3.3326	1.0301	2.4019
v -3.3590	1.0301	2.7518
v -3.3053	1.0301	2.7385
v -3.2558	1.0301	2.7137
v -3.2130	1.0301	2.6787
v -3.2558	0.8501	2.7137
v -3.3053	0.8501	2.7385
v -3.3590	0.8501	2.7518
v -3.5621	0.8501	2.7518
v -3.3656	1.0301	2.4814
v -3.3477	1.0301	2.4581
v -3.3364	1.0301	2.4310
v -3.3364	1.0901	2.4310
v -3.3326	1.0901	2.4019
v -3.3326	1.0226	2.4019
v -3.3364	1.0226	2.4310
v -3.3228	1.0226	2.5242
v -3.3586	1.0226	2.5517
v -3.3477	1.0226	2.4581
v -3.3364	0.8576	2.4310
v -3.3477	0.8576	2.4581
v -3.3586	0.8576	2.5517
v -3.3228	0.8576	2.5242
v -3.3326	0.8576	2.4019
v -3.3228	0.8576	2.2795
v -3.2953	0.8576	2.3154
v -3.2953	0.8576	2.4884
v -3.2780	0.8576	2.3571
v -3.2780	0.8576	2.4466
v -3.2721	0.8576	2.4019
v -3.2780	1.0226	2.3571
v -3.2721	1.0226	2.4019
v -3.2780	1.0226	2.4466
v -3.2953	1.0226	2.3154
v -3.3228	1.0226	2.2795
v -3.2953	1.0226	2.4884
v -3.3364	1.0226	2.3727
v -3.3586	1.0226	2.2520
v -3.3586	0.8576	2.2520
v -3.3795	0.8576	2.2434
v -3.3795	1.0226	2.2434
v -3.3897	0.8576	2.1540
v -3.3897	1.0226	2.1540
v -3.3889	0.8576	2.3044
v -3.3656	0.8576	2.3223
v -3.3477	0.8576	2.3456
v -3.3364	0.8576	2.3727
v -3.3364	0.8501	2.3727
v -3.3326	0.8501	2.4019
v -3.3477	0.8501	2.3456
v -3.3656	0.8501	2.3223
v -3.3889	0.8501	2.3044
v -3.3656	1.0226	2.3223
v -3.3889	1.0226	2.3044
v -3.3477	1.0226	2.3456
v -3.4160	1.0226	2.2932
v -3.5193	1.0226	2.1688
v -3.5193	0.8576	2.1688
v -3.4160	0.8576	2.2932
v -3.3364	1.0901	2.3727
v -3.3251	1.0901	2.9949
v -3.2940	1.0901	3.0188
v -3.2701	1.0901	3.0498
v -3.2552	1.0901	3.0860
v -3.2501	1.0901	3.1248
v -3.2552	1.0901	3.1637
v -3.5300	1.0901	3.0498
v -3.5449	1.0901	3.0860
v -3.5501	1.0901	3.1248
v -3.5449	1.0901	3.1637
v -3.5300	1.0901	3.1998
v -3.5061	1.0901	3.2309
v -3.4751	1.0901	3.2547
v -3.4389	1.0901	3.2697
v -3.4001	1.0901	3.2748
v -3.3612	1.0901	3.2697
v -3.3251	1.0901	3.2547
v -3.2940	1.0901	3.2309
v -3.2701	1.0901	3.1998
v -3.3612	1.0901	2.9800
v -3.4001	1.0901	2.9748
v -3.4389	1.0901	2.9800
v -3.4751	1.0901	2.9949
v -3.5061	1.0901	3.0188
v -3.5425	1.0901	2.4581
v -3.5247	1.0901	2.4814
v -3.5014	1.0901	2.4993
v -3.4742	1.0901	2.5105
v -3.4451	1.0901	2.5144
v -3.4160	1.0901	2.5105
v -3.3889	1.0901	2.4993
v -3.3656	1.0901	2.4814
v -3.3477	1.0901	2.4581
v -3.5425	1.0901	2.3456
v -3.5538	1.0901	2.3727
v -3.5576	1.0901	2.4019
v -3.5538	1.0901	2.4310
v -3.3477	1.0901	2.3456
v -3.3656	1.0901	2.3223
v -3.3889	1.0901	2.3044
v -3.4160	1.0901	2.2932
v -3.4451	1.0901	2.2894
v -3.4742	1.0901	2.2932
v -3.5014	1.0901	2.3044
v -3.5247	1.0901	2.3223
v -3.5602	1.0901	2.7710
v -3.5621	1.0901	2.7518
v -3.5647	1.0901	2.7264
v -3.5778	1.0901	2.6835
v -3.5992	1.0901	2.6441
v -3.6279	1.0901	2.6097
v -3.6629	1.0901	2.5816
v -3.6693	1.0901	2.5780
v -3.6938	1.0901	2.3704
v -3.6938	1.0301	2.3704
v -3.6693	1.0301	2.5780
v -3.6629	1.0301	2.5816
v -3.7027	1.0901	2.4384
v -3.7027	1.0301	2.4384
v -3.7027	1.0901	2.5169
v -3.7027	1.0301	2.5169
v -3.5647	0.8501	2.7264
v -3.5647	0.7901	2.7264
v -3.5602	0.7901	2.7710
v -3.5715	0.8501	2.2110
v -3.5576	0.8501	2.4019
v -3.5538	0.8501	2.3727
v -3.5425	0.8501	2.3456
v -3.5247	0.8501	2.3223
v -3.5082	0.8501	2.1848
v -3.5014	0.8501	2.3044
v -3.4742	0.8501	2.2932
v -3.4451	0.8501	2.2894
v -3.4402	0.8501	2.1759
v -3.4160	0.8501	2.2932
v -3.3723	0.8501	2.1848
v -3.3090	0.8501	2.2110
v -3.3364	0.7901	2.3727
v -3.3326	0.7901	2.4019
v -3.3090	0.7901	2.2110
v -3.3251	0.7901	2.9949
v -3.2940	0.7901	3.0188
v -3.2701	0.7901	3.0498
v -3.2552	0.7901	3.0860
v -3.2546	0.7901	2.2528
v -3.2501	0.7901	3.1248
v -3.2546	0.8501	2.2528
v -3.3723	0.7901	2.1848
v -3.4402	0.7901	2.1759
v -3.5082	0.7901	2.1848
v -3.5715	0.7901	2.2110
v -3.6258	0.7901	2.2528
v -3.6258	0.8501	2.2528
v -3.6676	0.7901	2.3071
v -3.6676	0.8501	2.3071
v -3.6279	0.7901	2.6097
v -3.5992	0.7901	2.6441
v -3.5778	0.7901	2.6835
v -3.5576	0.7901	2.4019
v -3.5538	0.7901	2.3727
v -3.5425	0.7901	2.3456
v -3.5247	0.7901	2.3223
v -3.5014	0.7901	2.3044
v -3.4742	0.7901	2.2932
v -3.4451	0.7901	2.2894
v -3.4160	0.7901	2.2932
v -3.3889	0.7901	2.3044
v -3.3656	0.7901	2.3223
v -3.3477	0.7901	2.3456
v -3.5425	0.7901	2.4581
v -3.5538	0.7901	2.4310
v -3.3364	0.7901	2.4310
v -3.3477	0.7901	2.4581
v -3.3656	0.7901	2.4814
v -3.3889	0.7901	2.4993
v -3.4160	0.7901	2.5105
v -3.4451	0.7901	2.5144
v -3.4742	0.7901	2.5105
v -3.5014	0.7901	2.4993
v -3.5247	0.7901	2.4814
v -3.5449	0.7901	3.0860
v -3.5300	0.7901	3.0498
v -3.5061	0.7901	3.0188
v -3.4751	0.7901	2.9949
v -3.4389	0.7901	2.9800
v -3.4001	0.7901	2.9748
v -3.3612	0.7901	2.9800
v -3.5300	0.7901	3.1998
v -3.5449	0.7901	3.1637
v -3.5501	0.7901	3.1248
v -3.2552	0.7901	3.1637
v -3.2701	0.7901	3.1998
v -3.2940	0.7901	3.2309
v -3.3251	0.7901	3.2547
v -3.3612	0.7901	3.2697
v -3.4001	0.7901	3.2748
v -3.4389	0.7901	3.2697
v -3.4751	0.7901	3.2547
v -3.5061	0.7901	3.2309
v -3.5523	0.7901	3.3547
v -3.4798	0.7901	3.3847
v -3.4019	0.7901	3.3950
v -3.3241	0.7901	3.3847
v -3.3241	1.0901	3.3847
v -3.4019	1.0901	3.3950
v -3.4798	1.0901	3.3847
v -3.5523	1.0901	3.3547
v -3.5538	1.0301	2.4310
v -3.5425	1.0301	2.4581
v -3.5647	1.0901	2.8156
v -3.5647	0.7901	2.8156
v -3.5538	0.8501	2.4310
v -3.5425	0.8501	2.4581
v -3.5247	0.8501	2.4814
v -3.5014	0.8501	2.4993
v -3.4742	0.8501	2.5105
v -3.4451	0.8501	2.5144
v -3.4160	0.8501	2.5105
v -3.3889	0.8501	2.4993
v -3.3656	0.8501	2.4814
v -3.3477	0.8501	2.4581
v -3.3364	0.8501	2.4310
v -3.5425	0.8576	2.4581
v -3.5247	0.8576	2.4814
v -3.5316	0.8576	2.5517
v -3.5014	0.8576	2.4993
v -3.4899	0.8576	2.5690
v -3.4742	0.8576	2.5105
v -3.4451	0.8576	2.5144
v -3.4451	0.8576	2.5748
v -3.4160	0.8576	2.5105
v -3.4003	0.8576	2.5690
v -3.3889	0.8576	2.4993
v -3.3656	0.8576	2.4814
v -3.3656	1.0226	2.4814
v -3.5247	1.0226	2.4814
v -3.5014	1.0226	2.4993
v -3.5425	1.0226	2.4581
v -3.5316	1.0226	2.5517
v -3.4899	1.0226	2.5690
v -3.4742	1.0226	2.5105
v -3.4451	1.0226	2.5748
v -3.4451	1.0226	2.5144
v -3.4160	1.0226	2.5105
v -3.4003	1.0226	2.5690
v -3.3889	1.0226	2.4993
v -3.3889	1.0301	2.4993
v -3.4160	1.0301	2.5105
v -3.4451	1.0301	2.5144
v -3.4742	1.0301	2.5105
v -3.5014	1.0301	2.4993
v -3.5247	1.0301	2.4814
v -3.5538	1.0226	2.4310
v -3.5576	1.0226	2.4019
v -3.5538	1.0226	2.3727
v -3.5425	1.0226	2.3456
v -3.5247	1.0226	2.3223
v -3.5014	1.0226	2.3044
v -3.4742	1.0226	2.2932
v -3.4451	1.0226	2.2894
v -3.5107	1.0226	2.2434
v -3.5107	0.8576	2.2434
v -3.5014	0.8576	2.3044
v -3.4742	0.8576	2.2932
v -3.4451	0.8576	2.2894
v -3.5247	0.8576	2.3223
v -3.5316	1.0226	2.2520
v -3.5316	0.8576	2.2520
v -3.5674	0.8576	2.2795
v -3.5674	1.0226	2.2795
v -3.5949	0.8576	2.3154
v -3.5949	1.0226	2.3154
v -3.5949	0.8576	2.4884
v -3.5674	0.8576	2.5242
v -3.5576	0.8576	2.4019
v -3.5538	0.8576	2.3727
v -3.5425	0.8576	2.3456
v -3.5674	1.0226	2.5242
v -3.5949	1.0226	2.4884
v -3.6122	1.0226	2.3571
v -3.6122	0.8576	2.3571
v -3.6122	0.8576	2.4466
v -3.6122	1.0226	2.4466
v -3.6181	1.0226	2.4019
v -3.6181	0.8576	2.4019
v -3.5538	0.8576	2.4310
v -3.6179	0.8961	2.1801
v -3.6010	0.8550	2.1782
v -3.3079	0.8550	2.1447
v -3.5741	0.8197	2.1751
v -3.3348	0.8197	2.1478
v -3.5391	0.7927	2.1711
v -3.3699	0.7927	2.1518
v -3.4983	0.7756	2.1664
v -3.4107	0.7756	2.1564
v -3.4545	0.7698	2.1614
v -3.5391	0.7756	1.8087
v -3.4953	0.7698	1.8037
v -3.6303	0.7632	2.1815
v -3.6698	0.8150	2.1860
v -3.5799	0.7927	1.8134
v -3.6150	0.8197	1.8174
v -3.6946	0.8754	2.1889
v -3.6419	0.8550	1.8205
v -3.6588	0.8961	1.8224
v -3.7031	0.9401	2.1898
v -3.6237	0.9401	2.1807
v -3.6179	0.9842	2.1801
v -3.6010	1.0253	2.1782
v -3.3079	1.0253	2.1447
v -3.2910	0.9842	2.1428
v -3.2853	0.9401	2.1421
v -3.2910	0.8961	2.1428
v -3.3319	0.8961	1.7851
v -3.3488	0.8550	1.7870
v -3.3261	0.9401	1.7844
v -3.3319	0.9842	1.7851
v -3.3488	1.0253	1.7870
v -3.3757	1.0606	1.7901
v -3.3348	1.0606	2.1478
v -3.3699	1.0876	2.1518
v -3.4107	1.0876	1.7941
v -3.5741	1.0606	2.1751
v -3.2391	1.0653	2.1368
v -3.2143	1.0049	2.1340
v -3.2058	0.9401	2.1330
v -3.2143	0.8754	2.1340
v -3.2391	0.8150	2.1368
v -3.2787	0.7632	2.1413
v -3.5788	0.7234	2.1756
v -3.3301	0.7234	2.1472
v -3.5188	0.6984	2.1688
v -3.3901	0.6984	2.1541
v -3.4545	0.6899	2.1614
v -3.5350	0.6984	2.0272
v -3.4706	0.6899	2.0198
v -3.5950	0.7234	2.0340
v -3.6465	0.7632	2.0399
v -3.6860	0.8150	2.0444
v -3.7108	0.8754	2.0473
v -3.7193	0.9401	2.0482
v -3.7108	1.0049	2.0473
v -3.6946	1.0049	2.1889
v -3.6751	0.9923	1.9451
v -3.6819	0.9401	1.9458
v -3.6751	0.8880	1.9451
v -3.6551	0.8394	1.9428
v -3.6233	0.7976	1.9391
v -3.5818	0.7656	1.9344
v -3.3816	0.7656	1.9115
v -3.4299	0.7455	1.9170
v -3.5335	0.7455	1.9289
v -3.4817	0.7386	1.9230
v -3.4063	0.6984	2.0125
v -3.3463	0.7234	2.0056
v -3.2948	0.7632	1.9998
v -3.3401	0.7976	1.9068
v -3.2553	0.8150	1.9952
v -3.2305	0.8754	1.9924
v -3.2220	0.9401	1.9914
v -3.2305	1.0049	1.9924
v -3.2815	0.9401	1.9001
v -3.2883	0.9923	1.9009
v -3.2883	0.8880	1.9009
v -3.3083	0.8394	1.9032
v -3.3083	1.0409	1.9032
v -3.3401	1.0826	1.9068
v -3.3816	1.1147	1.9115
v -3.5818	1.1147	1.9344
v -3.6233	1.0826	1.9391
v -3.6551	1.0409	1.9428
v -3.6860	1.0653	2.0444
v -3.6698	1.0653	2.1860
v -3.6645	0.9401	1.8231
v -3.6588	0.9842	1.8224
v -3.5698	0.8968	1.8123
v -3.5562	0.8789	1.8107
v -3.5383	0.8652	1.8087
v -3.5176	0.8565	1.8063
v -3.4953	0.8536	1.8037
v -3.3757	0.8197	1.7901
v -3.4107	0.7927	1.7941
v -3.4515	0.7756	1.7987
v -3.4731	0.8565	1.8012
v -3.5081	0.8536	1.6920
v -3.4858	0.8565	1.6894
v -3.5304	0.8565	1.6945
v -3.5511	0.8652	1.6969
v -3.5689	0.8789	1.6989
v -3.5826	0.8968	1.7005
v -3.5784	0.9177	1.8132
v -3.5912	0.9177	1.7015
v -3.5813	0.9401	1.8136
v -3.5784	0.9625	1.8132
v -3.5698	0.9834	1.8123
v -3.5562	1.0013	1.8107
v -3.6419	1.0253	1.8205
v -3.6150	1.0606	1.8174
v -3.5391	1.0876	2.1711
v -3.4107	1.1046	2.1564
v -3.4515	1.1046	1.7987
v -3.2787	1.1171	2.1413
v -3.2553	1.0653	1.9952
v -3.2948	1.1171	1.9998
v -3.3463	1.1569	2.0056
v -3.4299	1.1348	1.9170
v -3.4063	1.1819	2.0125
v -3.5335	1.1348	1.9289
v -3.5950	1.1569	2.0340
v -3.5350	1.1819	2.0272
v -3.6465	1.1171	2.0399
v -3.6303	1.1171	2.1815
v -3.4983	1.1046	2.1664
v -3.4545	1.1104	2.1614
v -3.4953	1.1104	1.8037
v -3.5391	1.1046	1.8087
v -3.5799	1.0876	1.8134
v -3.4953	1.0267	1.8037
v -3.4731	1.0238	1.8012
v -3.4523	1.0151	1.7988
v -3.4345	1.0013	1.7968
v -3.4208	0.9834	1.7952
v -3.4123	0.9625	1.7943
v -3.4093	0.9401	1.7939
v -3.4123	0.9177	1.7943
v -3.4208	0.8968	1.7952
v -3.4345	0.8789	1.7968
v -3.4523	0.8652	1.7988
v -3.4651	0.8652	1.6871
v -3.5511	1.0151	1.6969
v -3.5304	1.0238	1.6945
v -3.5081	1.0267	1.6920
v -3.4858	1.0238	1.6894
v -3.4651	1.0151	1.6871
v -3.4473	1.0013	1.6850
v -3.4336	0.9834	1.6835
v -3.4250	0.9625	1.6825
v -3.4221	0.9401	1.6821
v -3.4250	0.9177	1.6825
v -3.4336	0.8968	1.6835
v -3.4473	0.8789	1.6850
v -3.5941	0.9401	1.7018
v -3.5912	0.9625	1.7015
v -3.5826	0.9834	1.7005
v -3.5689	1.0013	1.6989
v -3.5176	1.0238	1.8063
v -3.5383	1.0151	1.8087
v -3.3301	1.1569	2.1472
v -3.3901	1.1819	2.1541
v -3.4706	1.1904	2.0198
v -3.4545	1.1904	2.1614
v -3.4817	1.1417	1.9230
v -3.5188	1.1819	2.1688
v -3.5788	1.1569	2.1756
v -3.6146	0.7901	3.3069
v -3.6146	1.0901	3.3069
v -3.5778	1.0901	2.8585
v -3.5778	0.7901	2.8585
v -3.5992	0.7901	2.8979
v -3.6279	0.7901	2.9323
v -3.6624	0.7901	3.2446
v -3.6624	1.0901	3.2446
v -3.6279	1.0901	2.9323
v -3.5992	1.0901	2.8979
v -3.6629	0.7901	2.9604
v -3.6629	1.0901	2.9604
v -3.6816	0.7901	2.9701
v -3.6816	1.0901	2.9701
v -3.6925	0.7901	3.1720
v -3.6925	1.0901	3.1720
v -3.7027	1.0901	3.0942
v -3.7027	0.7901	3.0942
v -3.7027	0.7901	3.0048
v -3.7027	1.0901	3.0048
v -3.5778	0.8501	2.6835
v -3.5992	0.8501	2.6441
v -3.6279	0.8501	2.6097
v -3.6629	0.8501	2.5816
v -3.6693	0.8501	2.5780
v -3.6938	0.8501	2.3704
v -3.6938	0.7901	2.3704
v -3.6693	0.7901	2.5780
v -3.6629	0.7901	2.5816
v -3.7027	0.8501	2.4384
v -3.7027	0.7901	2.4384
v -3.7027	0.8501	2.5169
v -3.7027	0.7901	2.5169
v -3.1114	-0.7849	3.1720
v -3.1414	-0.7849	3.2446
v -3.1892	-0.7849	3.3069
v -3.2515	-0.7849	3.3547
v -3.2129	-0.7849	2.3071
v -3.2129	-0.8449	2.3071
v -3.2546	-0.8449	2.2528
v -3.2546	-0.7849	2.2528
v -3.3090	-0.8449	2.2110
v -3.3090	-0.7849	2.2110
v -3.3723	-0.8449	2.1848
v -3.3723	-0.7849	2.1848
v -3.4402	-0.8449	2.1759
v -3.4402	-0.7849	2.1759
v -3.5082	-0.8449	2.1848
v -3.5082	-0.7849	2.1848
v -3.5715	-0.8449	2.2110
v -3.5715	-0.7849	2.2110
v -3.6258	-0.8449	2.2528
v -3.6258	-0.7849	2.2528
v -3.6676	-0.8449	2.3071
v -3.6676	-0.7849	2.3071
v -3.6279	-0.8449	2.6097
v -3.5992	-0.8449	2.6441
v -3.5778	-0.8449	2.6835
v -3.5647	-0.8449	2.7264
v -3.5621	-0.8449	2.7518
v -3.5576	-0.8449	2.4019
v -3.5538	-0.8449	2.3727
v -3.5425	-0.8449	2.3456
v -3.5247	-0.8449	2.3223
v -3.5014	-0.8449	2.3044
v -3.4742	-0.8449	2.2932
v -3.4451	-0.8449	2.2894
v -3.4160	-0.8449	2.2932
v -3.3889	-0.8449	2.3044
v -3.3656	-0.8449	2.3223
v -3.3477	-0.8449	2.3456
v -3.3364	-0.8449	2.3727
v -3.3326	-0.8449	2.4019
v -3.3590	-0.8449	2.7518
v -3.3053	-0.8449	2.7385
v -3.2558	-0.8449	2.7137
v -3.2130	-0.8449	2.6787
v -3.1789	-0.8449	2.6351
v -3.2558	-1.0249	2.7137
v -3.3053	-1.0249	2.7385
v -3.3590	-1.0249	2.7518
v -3.5621	-1.0249	2.7518
v -3.5647	-1.0249	2.7264
v -3.5647	-1.0849	2.7264
v -3.5602	-1.0849	2.7710
v -3.5602	-0.7849	2.7710
v -3.5647	-0.7849	2.7264
v -3.5715	-1.0249	2.2110
v -3.5576	-1.0249	2.4019
v -3.5538	-1.0249	2.3727
v -3.5425	-1.0249	2.3456
v -3.5247	-1.0249	2.3223
v -3.5082	-1.0249	2.1848
v -3.5014	-1.0249	2.3044
v -3.4742	-1.0249	2.2932
v -3.4451	-1.0249	2.2894
v -3.4402	-1.0249	2.1759
v -3.4160	-1.0249	2.2932
v -3.3889	-1.0249	2.3044
v -3.3723	-1.0249	2.1848
v -3.3656	-1.0249	2.3223
v -3.3477	-1.0249	2.3456
v -3.3364	-1.0249	2.3727
v -3.3090	-1.0249	2.2110
v -3.3326	-1.0249	2.4019
v -3.3364	-1.0849	2.3727
v -3.3326	-1.0849	2.4019
v -3.3477	-1.0849	2.3456
v -3.3656	-1.0849	2.3223
v -3.3889	-1.0849	2.3044
v -3.3656	-1.0174	2.3223
v -3.3889	-1.0174	2.3044
v -3.3477	-1.0174	2.3456
v -3.3364	-1.0174	2.3727
v -3.3326	-1.0174	2.4019
v -3.3364	-1.0249	2.4310
v -3.3364	-1.0174	2.4310
v -3.2546	-1.0249	2.2528
v -3.2546	-1.0849	2.2528
v -3.2501	-1.0849	3.1248
v -3.2552	-1.0849	3.0860
v -3.5300	-1.0849	3.1998
v -3.5449	-1.0849	3.1637
v -3.5501	-1.0849	3.1248
v -3.5449	-1.0849	3.0860
v -3.5300	-1.0849	3.0498
v -3.5061	-1.0849	3.0188
v -3.4751	-1.0849	2.9949
v -3.4389	-1.0849	2.9800
v -3.4001	-1.0849	2.9748
v -3.3612	-1.0849	2.9800
v -3.3251	-1.0849	2.9949
v -3.2940	-1.0849	3.0188
v -3.2701	-1.0849	3.0498
v -3.2552	-1.0849	3.1637
v -3.2701	-1.0849	3.1998
v -3.2940	-1.0849	3.2309
v -3.3251	-1.0849	3.2547
v -3.3612	-1.0849	3.2697
v -3.4001	-1.0849	3.2748
v -3.4389	-1.0849	3.2697
v -3.4751	-1.0849	3.2547
v -3.5061	-1.0849	3.2309
v -3.5523	-1.0849	3.3547
v -3.4798	-1.0849	3.3847
v -3.4019	-1.0849	3.3950
v -3.3241	-1.0849	3.3847
v -3.3241	-0.7849	3.3847
v -3.2552	-0.7849	3.1637
v -3.2501	-0.7849	3.1248
v -3.2552	-0.7849	3.0860
v -3.2701	-0.7849	3.0498
v -3.2940	-0.7849	3.0188
v -3.3251	-0.7849	2.9949
v -3.3326	-0.7849	2.4019
v -3.3364	-0.7849	2.3727
v -3.3477	-0.7849	2.3456
v -3.3656	-0.7849	2.3223
v -3.3889	-0.7849	2.3044
v -3.4160	-0.7849	2.2932
v -3.4451	-0.7849	2.2894
v -3.4742	-0.7849	2.2932
v -3.5014	-0.7849	2.3044
v -3.5247	-0.7849	2.3223
v -3.5425	-0.7849	2.3456
v -3.5538	-0.7849	2.3727
v -3.5576	-0.7849	2.4019
v -3.5778	-0.7849	2.6835
v -3.5992	-0.7849	2.6441
v -3.6279	-0.7849	2.6097
v -3.6629	-0.7849	2.5816
v -3.6693	-0.7849	2.5780
v -3.6938	-0.7849	2.3704
v -3.6938	-0.8449	2.3704
v -3.6693	-0.8449	2.5780
v -3.6629	-0.8449	2.5816
v -3.7027	-0.7849	2.4384
v -3.7027	-0.8449	2.4384
v -3.7027	-0.7849	2.5169
v -3.7027	-0.8449	2.5169
v -3.5538	-0.7849	2.4310
v -3.5523	-0.7849	3.3547
v -3.5501	-0.7849	3.1248
v -3.5449	-0.7849	3.0860
v -3.5425	-0.7849	2.4581
v -3.5300	-0.7849	3.0498
v -3.5247	-0.7849	2.4814
v -3.5061	-0.7849	3.0188
v -3.5014	-0.7849	2.4993
v -3.4751	-0.7849	2.9949
v -3.4742	-0.7849	2.5105
v -3.4451	-0.7849	2.5144
v -3.4389	-0.7849	2.9800
v -3.4160	-0.7849	2.5105
v -3.4001	-0.7849	2.9748
v -3.3889	-0.7849	2.4993
v -3.3656	-0.7849	2.4814
v -3.3612	-0.7849	2.9800
v -3.3477	-0.7849	2.4581
v -3.3364	-0.7849	2.4310
v -3.5449	-0.7849	3.1637
v -3.5300	-0.7849	3.1998
v -3.5061	-0.7849	3.2309
v -3.4751	-0.7849	3.2547
v -3.4389	-0.7849	3.2697
v -3.4001	-0.7849	3.2748
v -3.3612	-0.7849	3.2697
v -3.3251	-0.7849	3.2547
v -3.2940	-0.7849	3.2309
v -3.2701	-0.7849	3.1998
v -3.4798	-0.7849	3.3847
v -3.4019	-0.7849	3.3950
v -3.6146	-0.7849	3.3069
v -3.6146	-1.0849	3.3069
v -3.5647	-0.7849	2.8156
v -3.5647	-1.0849	2.8156
v -3.5538	-1.0849	2.4310
v -3.5425	-1.0849	2.4581
v -3.5247	-1.0849	2.4814
v -3.5014	-1.0849	2.4993
v -3.4742	-1.0849	2.5105
v -3.4451	-1.0849	2.5144
v -3.4160	-1.0849	2.5105
v -3.3889	-1.0849	2.4993
v -3.3656	-1.0849	2.4814
v -3.3477	-1.0849	2.4581
v -3.3364	-1.0849	2.4310
v -3.3090	-1.0849	2.2110
v -3.3723	-1.0849	2.1848
v -3.4402	-1.0849	2.1759
v -3.5082	-1.0849	2.1848
v -3.5715	-1.0849	2.2110
v -3.6258	-1.0849	2.2528
v -3.6258	-1.0249	2.2528
v -3.6676	-1.0849	2.3071
v -3.6676	-1.0249	2.3071
v -3.6279	-1.0849	2.6097
v -3.5992	-1.0849	2.6441
v -3.5778	-1.0849	2.6835
v -3.5576	-1.0849	2.4019
v -3.5538	-1.0849	2.3727
v -3.5425	-1.0849	2.3456
v -3.5247	-1.0849	2.3223
v -3.5014	-1.0849	2.3044
v -3.4742	-1.0849	2.2932
v -3.4451	-1.0849	2.2894
v -3.4160	-1.0849	2.2932
v -3.5538	-1.0249	2.4310
v -3.5425	-1.0249	2.4581
v -3.5247	-1.0249	2.4814
v -3.5014	-1.0249	2.4993
v -3.4742	-1.0249	2.5105
v -3.4451	-1.0249	2.5144
v -3.4160	-1.0249	2.5105
v -3.3889	-1.0249	2.4993
v -3.3656	-1.0249	2.4814
v -3.3477	-1.0249	2.4581
v -3.5425	-1.0174	2.4581
v -3.5247	-1.0174	2.4814
v -3.5316	-1.0174	2.5517
v -3.5014	-1.0174	2.4993
v -3.4899	-1.0174	2.5690
v -3.4742	-1.0174	2.5105
v -3.4451	-1.0174	2.5144
v -3.4451	-1.0174	2.5748
v -3.4160	-1.0174	2.5105
v -3.4003	-1.0174	2.5690
v -3.3889	-1.0174	2.4993
v -3.3656	-1.0174	2.4814
v -3.3586	-1.0174	2.5517
v -3.3477	-1.0174	2.4581
v -3.3228	-1.0174	2.5242
v -3.3228	-1.0174	2.2795
v -3.2953	-1.0174	2.3154
v -3.2953	-1.0174	2.4884
v -3.2780	-1.0174	2.3571
v -3.2780	-1.0174	2.4466
v -3.2721	-1.0174	2.4019
v -3.2780	-0.8524	2.3571
v -3.2721	-0.8524	2.4019
v -3.2780	-0.8524	2.4466
v -3.2953	-0.8524	2.3154
v -3.3228	-0.8524	2.2795
v -3.2953	-0.8524	2.4884
v -3.3228	-0.8524	2.5242
v -3.3326	-0.8524	2.4019
v -3.3364	-0.8524	2.3727
v -3.3586	-0.8524	2.2520
v -3.3586	-1.0174	2.2520
v -3.3795	-1.0174	2.2434
v -3.3795	-0.8524	2.2434
v -3.3897	-1.0174	2.1540
v -3.3897	-0.8524	2.1540
v -3.3364	-0.8524	2.4310
v -3.3477	-0.8524	2.4581
v -3.5247	-0.8524	2.4814
v -3.5014	-0.8524	2.4993
v -3.5425	-0.8524	2.4581
v -3.5316	-0.8524	2.5517
v -3.4899	-0.8524	2.5690
v -3.4742	-0.8524	2.5105
v -3.4451	-0.8524	2.5748
v -3.4451	-0.8524	2.5144
v -3.4160	-0.8524	2.5105
v -3.4003	-0.8524	2.5690
v -3.3889	-0.8524	2.4993
v -3.3656	-0.8524	2.4814
v -3.3586	-0.8524	2.5517
v -3.3364	-0.8449	2.4310
v -3.3477	-0.8449	2.4581
v -3.3656	-0.8449	2.4814
v -3.5014	-0.8449	2.4993
v -3.4742	-0.8449	2.5105
v -3.5247	-0.8449	2.4814
v -3.5425	-0.8449	2.4581
v -3.5538	-0.8524	2.4310
v -3.5538	-0.8449	2.4310
v -3.5576	-0.8524	2.4019
v -3.5538	-0.8524	2.3727
v -3.5425	-0.8524	2.3456
v -3.5247	-0.8524	2.3223
v -3.5014	-0.8524	2.3044
v -3.4742	-0.8524	2.2932
v -3.4451	-0.8524	2.2894
v -3.4160	-0.8524	2.2932
v -3.3889	-0.8524	2.3044
v -3.3656	-0.8524	2.3223
v -3.3477	-0.8524	2.3456
v -3.3889	-0.8449	2.4993
v -3.4160	-0.8449	2.5105
v -3.4451	-0.8449	2.5144
v -3.5193	-0.8524	2.1688
v -3.5193	-1.0174	2.1688
v -3.2910	-0.9789	2.1428
v -3.3079	-1.0200	2.1447
v -3.6010	-1.0200	2.1782
v -3.5741	-1.0553	2.1751
v -3.3348	-1.0553	2.1478
v -3.5391	-1.0823	2.1711
v -3.3699	-1.0823	2.1518
v -3.4983	-1.0994	2.1664
v -3.4107	-1.0994	2.1564
v -3.4545	-1.1052	2.1614
v -3.6303	-1.1118	2.1815
v -3.6698	-1.0600	2.1860
v -3.5799	-1.0823	1.8134
v -3.5391	-1.0994	1.8087
v -3.6150	-1.0553	1.8174
v -3.6419	-1.0200	1.8205
v -3.3757	-1.0553	1.7901
v -3.4107	-1.0823	1.7941
v -3.4515	-1.0994	1.7987
v -3.4953	-1.1052	1.8037
v -3.3488	-1.0200	1.7870
v -3.4953	-1.0214	1.8037
v -3.4731	-1.0185	1.8012
v -3.5081	-1.0214	1.6920
v -3.4858	-1.0185	1.6894
v -3.5176	-1.0185	1.8063
v -3.5304	-1.0185	1.6945
v -3.6588	-0.9789	1.8224
v -3.6179	-0.9789	2.1801
v -3.6946	-0.9996	2.1889
v -3.6860	-1.0600	2.0444
v -3.7108	-0.9996	2.0473
v -3.6465	-1.1118	2.0399
v -3.5788	-1.1516	2.1756
v -3.5950	-1.1516	2.0340
v -3.2787	-1.1118	2.1413
v -3.3301	-1.1516	2.1472
v -3.5188	-1.1766	2.1688
v -3.3901	-1.1766	2.1541
v -3.4545	-1.1851	2.1614
v -3.5350	-1.1766	2.0272
v -3.4706	-1.1851	2.0198
v -3.5335	-1.1295	1.9289
v -3.5818	-1.1094	1.9344
v -3.4817	-1.1364	1.9230
v -3.4299	-1.1295	1.9170
v -3.3816	-1.1094	1.9115
v -3.6233	-1.0774	1.9391
v -3.6551	-1.0356	1.9428
v -3.6751	-0.9870	1.9451
v -3.7193	-0.9349	2.0482
v -3.6819	-0.9349	1.9458
v -3.7031	-0.9349	2.1898
v -3.6237	-0.9349	2.1807
v -3.4160	-1.0174	2.2932
v -3.4451	-1.0174	2.2894
v -3.5107	-0.8524	2.2434
v -3.5107	-1.0174	2.2434
v -3.5014	-1.0174	2.3044
v -3.4742	-1.0174	2.2932
v -3.5247	-1.0174	2.3223
v -3.5316	-0.8524	2.2520
v -3.5316	-1.0174	2.2520
v -3.5674	-1.0174	2.2795
v -3.5674	-0.8524	2.2795
v -3.5949	-1.0174	2.3154
v -3.5949	-0.8524	2.3154
v -3.5949	-1.0174	2.4884
v -3.5674	-1.0174	2.5242
v -3.5576	-1.0174	2.4019
v -3.5538	-1.0174	2.3727
v -3.5425	-1.0174	2.3456
v -3.5674	-0.8524	2.5242
v -3.5949	-0.8524	2.4884
v -3.6122	-0.8524	2.3571
v -3.6122	-1.0174	2.3571
v -3.6122	-1.0174	2.4466
v -3.6122	-0.8524	2.4466
v -3.6181	-0.8524	2.4019
v -3.6181	-1.0174	2.4019
v -3.5538	-1.0174	2.4310
v -3.6179	-0.8908	2.1801
v -3.6010	-0.8497	2.1782
v -3.3079	-0.8497	2.1447
v -3.2910	-0.8908	2.1428
v -3.2853	-0.9349	2.1421
v -3.2058	-0.9349	2.1330
v -3.2143	-0.9996	2.1340
v -3.2391	-1.0600	2.1368
v -3.2553	-1.0600	1.9952
v -3.2948	-1.1118	1.9998
v -3.2305	-0.9996	1.9924
v -3.2220	-0.9349	1.9914
v -3.2305	-0.8701	1.9924
v -3.2143	-0.8701	2.1340
v -3.2815	-0.9349	1.9001
v -3.2883	-0.8827	1.9009
v -3.2883	-0.9870	1.9009
v -3.3083	-1.0356	1.9032
v -3.3401	-1.0774	1.9068
v -3.3463	-1.1516	2.0056
v -3.4063	-1.1766	2.0125
v -3.3083	-0.8341	1.9032
v -3.3401	-0.7924	1.9068
v -3.3816	-0.7603	1.9115
v -3.5818	-0.7603	1.9344
v -3.6233	-0.7924	1.9391
v -3.6551	-0.8341	1.9428
v -3.6751	-0.8827	1.9451
v -3.7108	-0.8701	2.0473
v -3.6946	-0.8701	2.1889
v -3.6588	-0.8908	1.8224
v -3.6645	-0.9349	1.8231
v -3.5813	-0.9349	1.8136
v -3.5784	-0.9573	1.8132
v -3.5698	-0.9782	1.8123
v -3.5562	-0.9961	1.8107
v -3.5383	-1.0098	1.8087
v -3.5511	-1.0098	1.6969
v -3.5689	-0.9961	1.6989
v -3.5826	-0.9782	1.7005
v -3.5912	-0.9573	1.7015
v -3.5941	-0.9349	1.7018
v -3.5912	-0.9125	1.7015
v -3.5784	-0.9125	1.8132
v -3.5511	-0.8599	1.6969
v -3.5304	-0.8512	1.6945
v -3.5081	-0.8483	1.6920
v -3.4858	-0.8512	1.6894
v -3.4651	-0.8599	1.6871
v -3.4473	-0.8737	1.6850
v -3.4336	-0.8916	1.6835
v -3.4250	-0.9125	1.6825
v -3.4221	-0.9349	1.6821
v -3.4250	-0.9573	1.6825
v -3.4336	-0.9782	1.6835
v -3.4473	-0.9961	1.6850
v -3.4651	-1.0098	1.6871
v -3.5826	-0.8916	1.7005
v -3.5689	-0.8737	1.6989
v -3.5176	-0.8512	1.8063
v -3.5383	-0.8599	1.8087
v -3.4953	-0.8483	1.8037
v -3.4731	-0.8512	1.8012
v -3.4523	-0.8599	1.7988
v -3.4345	-0.8737	1.7968
v -3.4208	-0.8916	1.7952
v -3.3319	-0.8908	1.7851
v -3.4123	-0.9125	1.7943
v -3.3261	-0.9349	1.7844
v -3.4093	-0.9349	1.7939
v -3.4123	-0.9573	1.7943
v -3.4208	-0.9782	1.7952
v -3.3319	-0.9789	1.7851
v -3.4345	-0.9961	1.7968
v -3.4523	-1.0098	1.7988
v -3.3488	-0.8497	1.7870
v -3.3757	-0.8144	1.7901
v -3.6150	-0.8144	1.8174
v -3.6419	-0.8497	1.8205
v -3.5562	-0.8737	1.8107
v -3.5698	-0.8916	1.8123
v -3.6698	-0.8097	2.1860
v -3.5741	-0.8144	2.1751
v -3.3348	-0.8144	2.1478
v -3.2391	-0.8097	2.1368
v -3.2553	-0.8097	1.9952
v -3.2948	-0.7579	1.9998
v -3.3463	-0.7181	2.0056
v -3.4299	-0.7402	1.9170
v -3.4063	-0.6931	2.0125
v -3.5335	-0.7402	1.9289
v -3.5950	-0.7181	2.0340
v -3.5350	-0.6931	2.0272
v -3.6465	-0.7579	2.0399
v -3.6860	-0.8097	2.0444
v -3.6303	-0.7579	2.1815
v -3.5391	-0.7874	2.1711
v -3.3699	-0.7874	2.1518
v -3.2787	-0.7579	2.1413
v -3.3301	-0.7181	2.1472
v -3.3901	-0.6931	2.1541
v -3.4706	-0.6846	2.0198
v -3.4545	-0.6846	2.1614
v -3.4817	-0.7334	1.9230
v -3.5188	-0.6931	2.1688
v -3.5788	-0.7181	2.1756
v -3.4545	-0.7646	2.1614
v -3.4983	-0.7704	2.1664
v -3.4107	-0.7704	2.1564
v -3.4515	-0.7704	1.7987
v -3.4953	-0.7646	1.8037
v -3.4107	-0.7874	1.7941
v -3.5799	-0.7874	1.8134
v -3.5391	-0.7704	1.8087
v -3.5778	-1.0249	2.6835
v -3.5992	-1.0249	2.6441
v -3.6279	-1.0249	2.6097
v -3.6629	-1.0249	2.5816
v -3.6629	-1.0849	2.5816
v -3.6693	-1.0249	2.5780
v -3.6938	-1.0249	2.3704
v -3.6938	-1.0849	2.3704
v -3.6693	-1.0849	2.5780
v -3.7027	-1.0249	2.4384
v -3.7027	-1.0849	2.4384
v -3.7027	-1.0249	2.5169
v -3.7027	-1.0849	2.5169
v -3.5778	-1.0849	2.8585
v -3.5992	-1.0849	2.8979
v -3.6279	-1.0849	2.9323
v -3.6624	-1.0849	3.2446
v -3.6624	-0.7849	3.2446
v -3.6279	-0.7849	2.9323
v -3.5992	-0.7849	2.8979
v -3.5778	-0.7849	2.8585
v -3.6629	-1.0849	2.9604
v -3.6629	-0.7849	2.9604
v -3.6816	-1.0849	2.9701
v -3.6816	-0.7849	2.9701
v -3.6925	-1.0849	3.1720
v -3.6925	-0.7849	3.1720
v -3.7027	-0.7849	3.0942
v -3.7027	-1.0849	3.0942
v -3.7027	-1.0849	3.0048
v -3.7027	-0.7849	3.0048
v 1.2525	1.3901	2.2489
v 1.2525	1.0901	1.1541
v 0.7595	1.0901	1.2291
v 0.4085	1.0901	1.2074
v 0.4365	1.0901	1.1887
v 0.4988	1.0901	1.1629
v 0.5319	1.0901	1.1563
v 0.5655	1.0901	1.1541
v 0.3831	1.0901	1.2297
v 0.3838	1.0901	1.2291
v 0.3831	1.3901	1.2297
v 0.3609	1.0901	1.2551
v 0.3609	1.3901	1.2551
v 0.3272	1.0901	1.3134
v 0.3098	1.0901	1.3784
v 0.3075	1.0901	1.4121
v 0.3075	1.3901	2.4589
v 0.3075	1.3901	1.4121
v 1.2525	1.3901	1.1541
v 0.5655	1.3901	1.1541
v 0.5319	1.3901	1.1563
v 0.4988	1.3901	1.1629
v 0.4365	1.3901	1.1887
v 0.6546	1.3901	1.5832
v 0.6456	1.3901	1.5615
v 0.6313	1.3901	1.5428
v 0.6126	1.3901	1.5285
v 0.5909	1.3901	1.5195
v 0.5676	1.3901	1.5165
v 0.5443	1.3901	1.5195
v 0.5226	1.3901	1.5285
v 0.5040	1.3901	1.5428
v 0.4897	1.3901	1.5615
v 0.4807	1.3901	1.5832
v 0.4776	1.3901	1.6065
v 0.6576	1.3901	1.6065
v 0.6456	1.3901	1.6515
v 0.6546	1.3901	1.6298
v 0.6313	1.3901	1.6701
v 0.4807	1.3901	1.6298
v 0.4897	1.3901	1.6515
v 0.5040	1.3901	1.6701
v 0.5226	1.3901	1.6844
v 0.5443	1.3901	1.6934
v 0.5676	1.3901	1.6965
v 0.5909	1.3901	1.6934
v 0.6126	1.3901	1.6844
v 0.6224	1.4201	1.6342
v 0.5772	1.4201	1.6677
v 0.6224	1.4743	1.6342
v 0.5772	1.4754	1.6677
v 0.6160	1.4725	1.5783
v 0.6160	1.4201	1.5783
v 0.6224	1.5044	1.6302
v 0.6224	1.5331	1.6183
v 0.6224	1.5577	1.5994
v 0.6224	1.5767	1.5747
v 0.6224	1.5886	1.5460
v 0.6160	1.5367	1.5141
v 0.6224	1.5926	1.5159
v 0.6224	1.5926	1.3266
v 0.6160	1.5367	1.3269
v 0.5772	1.6260	1.3249
v 0.5772	1.6260	1.5170
v 0.6245	1.5919	1.2924
v 0.5796	1.6252	1.2856
v 0.6303	1.5899	1.2600
v 0.5866	1.6229	1.2466
v 0.6400	1.5867	1.2287
v 0.5983	1.6191	1.2089
v 0.6534	1.5823	1.1988
v 0.6144	1.6137	1.1730
v 0.6702	1.5768	1.1710
v 0.6347	1.6071	1.1395
v 0.6902	1.5702	1.1457
v 0.6588	1.5991	1.1090
v 0.7131	1.5626	1.1232
v 0.6863	1.5900	1.0819
v 0.7385	1.5543	1.1039
v 0.7169	1.5799	1.0586
v 0.7660	1.5452	1.0881
v 0.7500	1.5690	1.0396
v 0.7951	1.5356	1.0761
v 0.7851	1.5575	1.0251
v 0.8255	1.5256	1.0680
v 0.8217	1.5454	1.0154
v 0.8587	1.5332	1.0106
v 0.8578	1.5149	1.0639
v 0.8434	1.4988	0.9688
v 0.8026	1.5122	0.9741
v 1.4297	1.3449	0.9756
v 1.4170	1.3096	0.9336
v 1.4857	1.3264	0.9802
v 1.4825	1.2880	0.9391
v 1.4629	1.2365	0.9503
v 1.4466	1.2233	1.0026
v 1.5235	1.2165	0.9735
v 1.4943	1.2076	1.0209
v 1.5759	1.1992	1.0129
v 1.5355	1.1940	1.0519
v 1.6164	1.1859	1.0658
v 1.5674	1.1835	1.0934
v 1.6419	1.1774	1.1281
v 1.5874	1.1769	1.1425
v 1.6506	1.1746	1.1939
v 1.5943	1.1746	1.1957
v 1.6506	1.1746	1.2291
v 1.5943	1.1746	1.2291
v 1.7312	1.1636	1.2291
v 1.7440	1.1944	1.2291
v 1.6787	1.2233	1.2291
v 1.6506	1.2720	1.2291
v 1.5943	1.2720	1.2291
v 1.5662	1.2233	1.2291
v 1.7483	1.2274	1.2291
v 1.7483	1.2274	2.1905
v 1.7440	1.1944	2.1905
v 1.7440	1.2604	1.2291
v 1.7440	1.2604	2.1905
v 1.7312	1.2911	1.2291
v 1.7312	1.2911	2.1905
v 1.7110	1.3176	1.2291
v 1.7110	1.3176	2.1905
v 1.6846	1.3378	1.2291
v 1.6846	1.3378	2.1905
v 1.5571	1.3378	1.2291
v 1.5307	1.3176	1.2291
v 1.5104	1.2911	1.2291
v 1.4977	1.2604	1.2291
v 1.4933	1.2274	1.2291
v 1.4977	1.1944	1.2291
v 1.5104	1.1636	1.2291
v 1.7110	1.1372	1.2291
v 1.5307	1.1372	1.2291
v 1.6846	1.1170	1.2291
v 1.5571	1.1170	1.2291
v 1.6538	1.1042	1.2291
v 1.5878	1.1042	1.2291
v 1.6208	1.0999	1.2291
v 1.6538	1.1042	2.1905
v 1.6208	1.0999	2.1905
v 1.6538	1.3506	2.1905
v 1.6208	1.3549	2.1905
v 1.5878	1.3506	2.1905
v 1.5571	1.3378	2.1905
v 1.5307	1.3176	2.1905
v 1.5104	1.2911	2.1905
v 1.4977	1.2604	2.1905
v 1.4933	1.2274	2.1905
v 1.4977	1.1944	2.1905
v 1.5104	1.1636	2.1905
v 1.5307	1.1372	2.1905
v 1.5571	1.1170	2.1905
v 1.5878	1.1042	2.1905
v 1.6846	1.1170	2.1905
v 1.7110	1.1372	2.1905
v 1.7312	1.1636	2.1905
v 1.6538	1.3506	1.2291
v 1.5878	1.3506	1.2291
v 1.6208	1.3549	1.2291
v 1.5662	1.2233	1.1972
v 1.5943	1.2720	1.1968
v 1.5884	1.2740	1.1507
v 1.5607	1.2251	1.1537
v 1.5715	1.2796	1.1092
v 1.5449	1.2303	1.1152
v 1.5446	1.2884	1.0741
v 1.5198	1.2386	1.0825
v 1.5850	1.2937	1.0352
v 1.6007	1.2491	1.0046
v 1.5458	1.2671	0.9633
v 1.5389	1.3088	1.0005
v 1.5097	1.2999	1.0479
v 1.4695	1.3132	1.0325
v 1.4254	1.3277	1.0290
v 1.4084	1.2753	1.0404
v 0.8415	1.4623	1.0753
v 1.4499	1.2617	1.0437
v 1.4874	1.2493	1.0581
v 1.3957	1.2401	0.9985
v 0.8262	1.4279	1.0335
v 0.8102	1.4726	1.0793
v 0.7912	1.4395	1.0380
v 0.7812	1.4822	1.0870
v 0.7533	1.4914	1.0985
v 0.7270	1.5001	1.1136
v 0.7028	1.5081	1.1321
v 0.6809	1.5153	1.1536
v 0.6618	1.5216	1.1778
v 0.6457	1.5269	1.2044
v 0.6329	1.5311	1.2329
v 0.6237	1.5342	1.2629
v 0.6180	1.5360	1.2938
v 0.5645	1.5142	1.3256
v 0.5667	1.5135	1.2885
v 0.5645	1.5142	1.5134
v 0.5645	1.4717	1.5559
v 0.5192	1.4728	1.5893
v 0.5192	1.4201	1.5893
v 0.5645	1.4201	1.5559
v 0.5256	1.4201	1.6452
v 0.5256	1.4747	1.6452
v 0.5772	1.5131	1.6626
v 0.5772	1.5499	1.6473
v 0.5772	1.5815	1.6231
v 0.5772	1.6057	1.5915
v 0.5772	1.6209	1.5547
v 0.5256	1.6036	1.5163
v 0.5256	1.6036	1.3236
v 0.5282	1.6027	1.2803
v 0.5362	1.6001	1.2361
v 0.5495	1.5957	1.1934
v 0.5677	1.5897	1.1527
v 0.5907	1.5821	1.1147
v 0.6180	1.5731	1.0801
v 0.6492	1.5628	1.0494
v 0.6839	1.5514	1.0230
v 0.7214	1.5390	1.0015
v 0.7612	1.5259	0.9851
v 0.7874	1.4593	0.9853
v 0.7472	1.4725	0.9960
v 0.7573	1.4507	1.0470
v 0.7247	1.4614	1.0604
v 0.6940	1.4715	1.0780
v 0.6657	1.4809	1.0996
v 0.6401	1.4893	1.1247
v 0.6178	1.4967	1.1530
v 0.5990	1.5029	1.1841
v 0.5841	1.5078	1.2174
v 0.5732	1.5113	1.2524
v 0.5218	1.5469	1.2818
v 0.5295	1.5443	1.2390
v 0.5192	1.5477	1.3239
v 0.5192	1.5477	1.5145
v 0.5256	1.5656	1.6072
v 0.5256	1.5386	1.6279
v 0.5256	1.5072	1.6409
v 0.5256	1.5862	1.5803
v 0.5256	1.5992	1.5489
v 0.5424	1.5401	1.1976
v 0.5600	1.5343	1.1582
v 0.5822	1.5269	1.1215
v 0.6087	1.5182	1.0880
v 0.6389	1.5083	1.0582
v 0.6724	1.4972	1.0327
v 0.7087	1.4852	1.0119
v 0.8272	1.4462	0.9802
v 1.4000	1.2572	0.9450
v 0.5245	1.4201	1.6358
v 0.5221	1.4201	1.6327
v 0.5221	1.4201	1.5802
v 0.5169	1.4201	1.5929
v 0.5151	1.4201	1.6065
v 0.5169	1.4201	1.6201
v 0.6094	1.4201	1.5754
v 0.6047	1.4201	1.5694
v 0.5939	1.4201	1.5610
v 0.5812	1.4201	1.5558
v 0.5676	1.4201	1.5540
v 0.5540	1.4201	1.5558
v 0.5414	1.4201	1.5610
v 0.5305	1.4201	1.5694
v 1.6430	1.2351	1.0598
v 1.6205	1.2819	1.0816
v 1.6429	1.2745	1.1363
v 1.6697	1.2263	1.1250
v 1.6506	1.2720	1.1950
v 1.6787	1.2233	1.1935
v 0.3272	1.3901	1.3134
v 0.3098	1.3901	1.3784
v 3.2837	1.2538	2.1291
v 3.3263	1.2482	2.1291
v 3.2441	1.2702	2.1291
v 3.2100	1.2963	2.1291
v 3.1839	1.3304	2.1291
v 3.1674	1.3701	2.1291
v 3.1618	1.4126	2.1291
v 3.1013	1.4126	2.1291
v 3.1090	1.3544	2.1291
v 3.1315	1.3001	2.1291
v 3.1672	1.2535	2.1291
v 3.2138	1.2178	2.1291
v 3.1672	1.2535	1.9791
v 3.2138	1.2178	1.9791
v 3.1315	1.3001	1.9791
v 3.1090	1.3544	1.9791
v 3.1013	1.4126	1.9791
v 3.1090	1.4709	2.1291
v 3.1090	1.4709	1.9791
v 3.1674	1.4552	2.1291
v 3.1839	1.4949	2.1291
v 3.2100	1.5289	2.1291
v 3.1315	1.5251	2.1291
v 3.1315	1.5251	1.9791
v 3.1672	1.5717	1.9791
v 3.1672	1.5717	2.1291
v 2.9602	1.6751	1.9791
v 2.9602	1.1501	1.9791
v 3.2681	1.1953	1.9791
v 3.3263	1.1876	1.9791
v 3.6924	1.1501	1.9791
v 3.3846	1.1953	1.9791
v 3.4388	1.2178	1.9791
v 3.4854	1.2535	1.9791
v 3.5212	1.3001	1.9791
v 3.6924	1.6751	1.9791
v 3.6924	1.6751	1.3950
v 3.6924	1.1501	1.3950
v 3.6911	1.6751	1.3757
v 3.6072	1.6751	1.6883
v 3.6874	1.6751	1.3567
v 3.6911	1.1501	1.3757
v 3.6874	1.1501	1.3567
v 3.6072	1.1501	1.6883
v 3.5781	1.1501	1.7584
v 3.5319	1.1501	1.8187
v 3.4717	1.1501	1.8649
v 3.4016	1.1501	1.8939
v 3.3263	1.1501	1.9038
v 3.2511	1.1501	1.8939
v 3.1809	1.1501	1.8649
v 3.1207	1.1501	1.8187
v 3.0745	1.1501	1.7584
v 3.0455	1.1501	1.6883
v 3.0355	1.1501	1.6130
v 3.0353	1.1501	1.2671
v 3.0190	1.1501	1.2780
v 3.0042	1.1501	1.2909
v 2.9913	1.1501	1.3057
v 2.9804	1.1501	1.3220
v 2.9717	1.1501	1.3397
v 2.9654	1.1501	1.3582
v 2.9602	1.1501	1.3971
v 2.9602	1.6751	1.3971
v 2.9654	1.6751	1.3582
v 2.9717	1.6751	1.3397
v 2.9804	1.6751	1.3220
v 2.9913	1.6751	1.3057
v 3.0042	1.6751	1.2909
v 3.0190	1.6751	1.2780
v 3.0353	1.6751	1.2671
v 3.0355	1.6751	1.6130
v 3.0455	1.6751	1.6883
v 3.0745	1.6751	1.7584
v 3.1207	1.6751	1.8187
v 3.1809	1.6751	1.8649
v 3.2511	1.6751	1.8939
v 3.3263	1.6751	1.9038
v 3.4016	1.6751	1.8939
v 3.4717	1.6751	1.8649
v 3.5319	1.6751	1.8187
v 3.5781	1.6751	1.7584
v 3.3263	1.6376	1.9791
v 3.2681	1.6300	1.9791
v 3.2138	1.6075	1.9791
v 3.2138	1.6075	2.1291
v 3.2681	1.6300	2.1291
v 3.3263	1.6376	2.1291
v 3.3846	1.6300	2.1291
v 3.3846	1.6300	1.9791
v 3.4388	1.6075	2.1291
v 3.4388	1.6075	1.9791
v 3.4854	1.5717	2.1291
v 3.4854	1.5717	1.9791
v 3.5212	1.5251	2.1291
v 3.5212	1.5251	1.9791
v 3.4426	1.5289	2.1291
v 3.4688	1.4949	2.1291
v 3.5437	1.4709	2.1291
v 3.4852	1.4552	2.1291
v 3.4908	1.4126	2.1291
v 3.5513	1.4126	2.1291
v 3.4852	1.3701	2.1291
v 3.5437	1.3544	2.1291
v 3.4688	1.3304	2.1291
v 3.5212	1.3001	2.1291
v 3.4426	1.2963	2.1291
v 3.4086	1.2702	2.1291
v 3.3689	1.2538	2.1291
v 3.4854	1.2535	2.1291
v 3.4388	1.2178	2.1291
v 3.2681	1.1953	2.1291
v 3.3846	1.1953	2.1291
v 3.3263	1.1876	2.1291
v 3.5437	1.3544	1.9791
v 3.5513	1.4126	1.9791
v 3.5437	1.4709	1.9791
v 3.4086	1.5551	2.1291
v 3.3689	1.5715	2.1291
v 3.3263	1.5771	2.1291
v 3.2837	1.5715	2.1291
v 3.2441	1.5551	2.1291
v 3.0455	1.6751	1.5378
v 3.0529	1.6751	1.2584
v 3.0715	1.6751	1.2521
v 3.0745	1.6751	1.4677
v 3.0908	1.6751	1.2482
v 3.1104	1.6751	1.2470
v 3.1207	1.6751	1.4074
v 3.1809	1.6751	1.3612
v 3.2511	1.6751	1.3322
v 3.3263	1.6751	1.3223
v 3.4016	1.6751	1.3322
v 3.5443	1.6751	1.2470
v 3.4717	1.6751	1.3612
v 3.5319	1.6751	1.4074
v 3.5637	1.6751	1.2482
v 3.5781	1.6751	1.4677
v 3.5827	1.6751	1.2520
v 3.6010	1.6751	1.2582
v 3.6072	1.6751	1.5378
v 3.6171	1.6751	1.6130
v 3.6184	1.6751	1.2668
v 3.6345	1.6751	1.2776
v 3.6490	1.6751	1.2903
v 3.6618	1.6751	1.3049
v 3.6726	1.6751	1.3210
v 3.6811	1.6751	1.3384
v 3.6811	1.1501	1.3384
v 3.6726	1.1501	1.3210
v 3.6618	1.1501	1.3049
v 3.6171	1.1501	1.6130
v 3.6490	1.1501	1.2903
v 3.6345	1.1501	1.2776
v 3.6184	1.1501	1.2668
v 3.6010	1.1501	1.2582
v 3.6072	1.1501	1.5378
v 3.5781	1.1501	1.4677
v 3.5827	1.1501	1.2520
v 3.5637	1.1501	1.2482
v 3.5319	1.1501	1.4074
v 3.5443	1.1501	1.2470
v 3.4717	1.1501	1.3612
v 3.4016	1.1501	1.3322
v 3.1104	1.1501	1.2470
v 3.3263	1.1501	1.3223
v 3.2511	1.1501	1.3322
v 3.1809	1.1501	1.3612
v 3.1207	1.1501	1.4074
v 3.0745	1.1501	1.4677
v 3.0908	1.1501	1.2482
v 3.0715	1.1501	1.2521
v 3.0455	1.1501	1.5378
v 3.0529	1.1501	1.2584
v 3.2681	1.5925	3.6230
v 5.8870	-1.5424	0.6447
v 5.8870	-1.6324	0.6447
v 5.8869	-1.5424	0.6419
v 5.8543	-1.5424	0.9653
v 5.8543	-1.6324	0.9653
v 5.8543	-1.6324	1.0355
v 5.8543	-1.5424	1.1753
v 5.8543	-1.5424	1.0355
v 5.5823	-1.5424	1.1753
v 5.5823	-1.5424	1.0355
v 5.5495	-1.5424	0.6452
v 5.5495	-1.6324	0.6452
v 5.5717	-1.6324	0.6230
v 5.5823	-1.6324	0.6558
v 5.5823	-1.6324	0.7955
v 5.5823	-1.6324	0.8255
v 5.5823	-1.6324	0.9653
v 5.5823	-1.5424	0.9653
v 5.5823	-1.5424	0.8255
v 5.5717	-1.5424	0.6230
v 5.5823	-1.5424	0.7955
v 5.5823	-1.5424	0.6558
v 5.8543	-1.5424	0.6558
v 5.8654	-1.5424	0.6230
v 5.8654	-1.6324	0.6230
v 5.8543	-1.6324	0.6558
v 5.8543	-1.6324	0.7955
v 5.8543	-1.5424	0.7955
v 5.8543	-1.6324	0.8255
v 5.8543	-1.5424	0.8255
v -3.1372	0.5651	1.8490
v -3.1843	0.5651	1.7352
v -3.2004	0.5651	1.6130
v -3.1843	0.5651	1.4909
v -3.1372	0.5651	1.3771
v -3.0622	0.5651	1.2793
v -2.9644	0.5651	1.2043
v -2.8506	0.5651	1.1572
v -2.7284	0.5651	1.1411
v -2.6063	0.5651	1.1572
v -2.4925	0.5651	1.2043
v -2.3947	0.5651	1.2793
v -2.3197	0.5651	1.3771
v -2.2726	0.5651	1.4909
v -2.2565	0.5651	1.6130
v -2.2726	0.5651	1.7352
v -2.3197	0.5651	1.8490
v -2.3947	0.5651	1.9468
v -2.4925	0.5651	2.0218
v -2.6063	0.5651	2.0689
v -2.7284	0.5651	2.0850
v -2.8506	0.5651	2.0689
v -2.9644	0.5651	2.0218
v -3.0622	0.5651	1.9468
v -3.1372	1.5401	1.8490
v -3.1843	1.5401	1.7352
v -3.0622	1.5401	1.9468
v -2.9644	1.5401	2.0218
v -2.8506	1.5401	2.0689
v -2.7284	1.5401	2.0850
v -2.6063	1.5401	2.0689
v -2.4925	1.5401	2.0218
v -2.3947	1.5401	1.9468
v -2.3197	1.5401	1.8490
v -3.1372	1.5401	1.3771
v -3.1843	1.5401	1.4909
v -3.2004	1.5401	1.6130
v -2.2726	1.5401	1.7352
v -2.2565	1.5401	1.6130
v -2.2726	1.5401	1.4909
v -2.3197	1.5401	1.3771
v -2.3947	1.5401	1.2793
v -2.4925	1.5401	1.2043
v -2.6063	1.5401	1.1572
v -2.7284	1.5401	1.1411
v -2.8506	1.5401	1.1572
v -2.9644	1.5401	1.2043
v -3.0622	1.5401	1.2793
v 3.3332	-1.4276	3.9221
v 3.3447	-1.4440	3.9262
v 3.2970	-1.4230	4.1175
v 3.2852	-1.4064	4.1149
v 3.3379	-1.4297	3.8842
v 3.3498	-1.4462	3.8848
v 3.3522	-1.4543	3.7957
v 3.3329	-1.4275	3.7957
v 3.3657	-1.4237	3.7957
v 3.3581	-1.4273	3.8848
v 3.3530	-1.4251	3.9262
v 3.3054	-1.4041	4.1175
v 3.3511	-1.4468	4.2109
v 3.3520	-1.4359	4.2285
v 3.3594	-1.4279	4.2109
v 3.4316	-1.4710	4.2285
v 3.4358	-1.4616	4.2109
v 3.4275	-1.4805	4.2109
v 3.4256	-1.5624	3.8969
v 3.4796	-1.5503	3.8969
v 3.5166	-1.5085	3.8969
v 3.5225	-1.4530	3.8969
v 3.4951	-1.4050	3.8969
v 3.4447	-1.3828	3.8969
v 3.3908	-1.3949	3.8969
v 3.3538	-1.4367	3.8969
v 3.3479	-1.4922	3.8969
v 3.3753	-1.5402	3.8969
v 3.4796	-1.5503	3.8868
v 3.4256	-1.5624	3.8868
v 3.5166	-1.5085	3.8868
v 3.4951	-1.4050	3.8868
v 3.5225	-1.4530	3.8868
v 3.3753	-1.5402	3.8868
v 3.3479	-1.4922	3.8868
v 3.3538	-1.4367	3.8868
v 3.3908	-1.3949	3.8868
v 3.4447	-1.3828	3.8868
v 3.4723	-1.5376	4.1720
v 3.5032	-1.5026	4.1720
v 3.4272	-1.5477	4.1720
v 3.3851	-1.5291	4.1720
v 3.4264	-1.5554	4.1641
v 3.3800	-1.5350	4.1641
v 3.4761	-1.5442	4.1641
v 3.5102	-1.5057	4.1641
v 3.4761	-1.5442	3.7730
v 3.5102	-1.5057	3.7730
v 3.4904	-1.4102	3.7730
v 3.5157	-1.4545	3.7730
v 3.4264	-1.5554	3.7730
v 3.3800	-1.5350	3.7730
v 3.3547	-1.4907	3.7730
v 3.3601	-1.4395	3.7730
v 3.3942	-1.4010	3.7730
v 3.4440	-1.3898	3.7730
v 3.4904	-1.4102	4.1641
v 3.5157	-1.4545	4.1641
v 3.4440	-1.3898	4.1641
v 3.3942	-1.4010	4.1641
v 3.3601	-1.4395	4.1641
v 3.3671	-1.4426	4.1720
v 3.3981	-1.4077	4.1720
v 3.3622	-1.4890	4.1720
v 3.3547	-1.4907	4.1641
v 3.4247	-1.4845	4.1933
v 3.4198	-1.4760	4.1933
v 3.4335	-1.4884	4.1933
v 3.4430	-1.4863	4.1933
v 3.4495	-1.4789	4.1933
v 3.4505	-1.4692	4.1933
v 3.5082	-1.4562	4.1720
v 3.4457	-1.4607	4.1933
v 3.4369	-1.4568	4.1933
v 3.4274	-1.4590	4.1933
v 3.4209	-1.4663	4.1933
v 3.4432	-1.3975	4.1720
v 3.4852	-1.4161	4.1720
v 3.4293	-1.4613	4.2412
v 3.4616	-1.4756	4.2479
v 3.4552	-1.4901	4.2479
v 3.4229	-1.4759	4.2412
v 3.5637	-1.5206	4.1879
v 3.5637	-1.5206	4.1996
v 3.5573	-1.5352	4.1879
v 3.5573	-1.5352	4.1996
v 3.4179	-1.4780	4.2405
v 3.5483	-1.5290	4.2671
v 3.5531	-1.5181	4.2671
v 3.4275	-1.4562	4.2405
v 3.4179	-1.4780	4.2636
v 3.4275	-1.4562	4.2636
v 3.5483	-1.5290	4.2749
v 3.5531	-1.5181	4.2749
v 3.1300	-1.4276	3.9221
v 3.1415	-1.4440	3.9262
v 3.0938	-1.4230	4.1175
v 3.0819	-1.4064	4.1149
v 3.1346	-1.4297	3.8842
v 3.1465	-1.4462	3.8848
v 3.1489	-1.4543	3.7957
v 3.1296	-1.4275	3.7957
v 3.1624	-1.4237	3.7957
v 3.1549	-1.4273	3.8848
v 3.1498	-1.4251	3.9262
v 3.1021	-1.4041	4.1175
v 3.1478	-1.4468	4.2109
v 3.1487	-1.4359	4.2285
v 3.1562	-1.4279	4.2109
v 3.2284	-1.4710	4.2285
v 3.2326	-1.4616	4.2109
v 3.2242	-1.4805	4.2109
v 3.2224	-1.5624	3.8969
v 3.2763	-1.5503	3.8969
v 3.3133	-1.5085	3.8969
v 3.3192	-1.4530	3.8969
v 3.2918	-1.4050	3.8969
v 3.2415	-1.3828	3.8969
v 3.1875	-1.3949	3.8969
v 3.1505	-1.4367	3.8969
v 3.1446	-1.4922	3.8969
v 3.1720	-1.5402	3.8969
v 3.2763	-1.5503	3.8868
v 3.2224	-1.5624	3.8868
v 3.3133	-1.5085	3.8868
v 3.2918	-1.4050	3.8868
v 3.3192	-1.4530	3.8868
v 3.1720	-1.5402	3.8868
v 3.1446	-1.4922	3.8868
v 3.1505	-1.4367	3.8868
v 3.1875	-1.3949	3.8868
v 3.2415	-1.3828	3.8868
v 3.2690	-1.5376	4.1720
v 3.3000	-1.5026	4.1720
v 3.2239	-1.5477	4.1720
v 3.1819	-1.5291	4.1720
v 3.2231	-1.5554	4.1641
v 3.1767	-1.5350	4.1641
v 3.2729	-1.5442	4.1641
v 3.3070	-1.5057	4.1641
v 3.2729	-1.5442	3.7730
v 3.3070	-1.5057	3.7730
v 3.2871	-1.4102	3.7730
v 3.3124	-1.4545	3.7730
v 3.2231	-1.5554	3.7730
v 3.1767	-1.5350	3.7730
v 3.1514	-1.4907	3.7730
v 3.1569	-1.4395	3.7730
v 3.1910	-1.4010	3.7730
v 3.2407	-1.3898	3.7730
v 3.2871	-1.4102	4.1641
v 3.3124	-1.4545	4.1641
v 3.2407	-1.3898	4.1641
v 3.1910	-1.4010	4.1641
v 3.1569	-1.4395	4.1641
v 3.1639	-1.4426	4.1720
v 3.1948	-1.4077	4.1720
v 3.1589	-1.4890	4.1720
v 3.1514	-1.4907	4.1641
v 3.2214	-1.4845	4.1933
v 3.2166	-1.4760	4.1933
v 3.2302	-1.4884	4.1933
v 3.2397	-1.4863	4.1933
v 3.2462	-1.4789	4.1933
v 3.2473	-1.4692	4.1933
v 3.3049	-1.4562	4.1720
v 3.2424	-1.4607	4.1933
v 3.2336	-1.4568	4.1933
v 3.2241	-1.4590	4.1933
v 3.2176	-1.4663	4.1933
v 3.2399	-1.3975	4.1720
v 3.2820	-1.4161	4.1720
v 3.2261	-1.4613	4.2412
v 3.2584	-1.4756	4.2479
v 3.2519	-1.4901	4.2479
v 3.2197	-1.4759	4.2412
v 3.3605	-1.5206	4.1879
v 3.3605	-1.5206	4.1996
v 3.3541	-1.5352	4.1879
v 3.3541	-1.5352	4.1996
v 3.2146	-1.4780	4.2405
v 3.3451	-1.5290	4.2671
v 3.3499	-1.5181	4.2671
v 3.2242	-1.4562	4.2405
v 3.2146	-1.4780	4.2636
v 3.2242	-1.4562	4.2636
v 3.3451	-1.5290	4.2749
v 3.3499	-1.5181	4.2749
v 5.4949	-2.4775	3.3230
v 5.4949	-2.4046	3.3230
v 5.4949	-2.3577	3.5246
v 5.4949	-2.3577	3.5808
v 5.4949	-2.4979	3.5808
v 5.4949	-2.4979	3.5345
v 5.4949	-2.4253	3.5345
v 5.4949	-2.2302	3.3197
v 5.4949	-2.2297	3.5840
v 5.4949	-2.2788	3.5842
v 5.4949	-2.2821	3.4082
v 5.4949	-2.2982	3.5795
v 5.4949	-2.3010	3.4106
v 5.4949	-2.2096	3.3249
v 5.4949	-2.2082	3.5786
v 5.4949	-2.1925	3.3335
v 5.4949	-2.1914	3.5698
v 5.4949	-2.1307	3.3230
v 5.4949	-2.0577	3.3230
v 5.4949	-2.0109	3.5246
v 5.4949	-2.0109	3.5808
v 5.4949	-2.1510	3.5808
v 5.4949	-2.1510	3.5345
v 5.4949	-2.0785	3.5345
v 5.4949	-1.9161	3.5808
v 5.4949	-1.8844	3.5796
v 5.4949	-1.9160	3.3671
v 5.4949	-1.9924	3.5808
v 5.4949	-1.9040	3.3230
v 5.4949	-1.9924	3.3230
v 5.4949	-1.8657	3.3242
v 5.4949	-1.8614	3.5759
v 5.4949	-1.8599	3.4623
v 5.4949	-1.8430	3.3277
v 4.8662	-2.9606	3.3069
v 5.3943	-2.9606	3.3069
v 5.3943	-2.9606	3.6034
v 4.8662	-2.9606	3.6034
v 5.3311	1.3901	3.2286
v 5.2808	1.3901	3.4157
v 5.2808	-1.3849	3.4157
v 5.3311	-1.3849	3.2286
v 5.3311	1.3901	2.8254
v 5.2808	1.3901	3.0125
v 5.2808	-1.3849	3.0125
v 5.3311	-1.3849	2.8254
v 5.3311	1.3901	2.4221
v 5.2808	1.3901	2.6092
v 5.2808	-1.3849	2.6092
v 5.3311	-1.3849	2.4221
v 5.3311	1.3901	2.0189
v 5.2808	1.3901	2.2060
v 5.2808	-1.3849	2.2060
v 5.3311	-1.3849	2.0189
v 2.7098	-0.6499	4.0893
v 2.7835	-0.6499	4.0743
v 2.7835	-0.6499	4.0893
v 2.7777	-0.6499	4.0525
v 2.7467	-0.6499	4.0566
v 2.7156	-0.6499	4.0525
v 2.7098	-0.6499	4.0743
v 2.7098	-0.5599	4.0893
v 2.7098	-0.5599	4.0743
v 2.7835	-0.5599	4.0893
v 2.7835	-0.5599	4.0743
v 2.8179	-0.6499	4.0600
v 2.8179	-0.5599	4.0600
v 2.8474	-0.6499	4.0374
v 2.8474	-0.5599	4.0374
v 2.8315	-0.6499	4.0215
v 2.8506	-0.6499	3.9966
v 2.8626	-0.6499	3.9677
v 2.8701	-0.6499	4.0079
v 2.8667	-0.6499	3.9366
v 2.8701	-0.6499	3.8654
v 2.8843	-0.6499	3.8997
v 2.8843	-0.6499	3.9735
v 2.8892	-0.6499	3.9366
v 2.8843	-0.5599	3.8997
v 2.8892	-0.5599	3.9366
v 2.8701	-0.5599	3.8654
v 2.8474	-0.6499	3.8358
v 2.8474	-0.5599	3.8358
v 2.8179	-0.6499	3.8132
v 2.8179	-0.5599	3.8132
v 2.8315	-0.6499	3.8518
v 2.8506	-0.6499	3.8766
v 2.8626	-0.6499	3.9056
v 2.8626	-2.9606	3.9056
v 2.8667	-2.9606	3.9366
v 2.8506	-2.9606	3.8766
v 2.8315	-2.9606	3.8518
v 2.8067	-2.9606	3.8327
v 2.8067	-0.6499	3.8327
v 2.6427	-2.9606	3.9966
v 2.6307	-2.9606	3.9677
v 2.6267	-2.9606	3.9366
v 2.6307	-2.9606	3.9056
v 2.6427	-2.9606	3.8766
v 2.6618	-2.9606	3.8518
v 2.6867	-2.9606	3.8327
v 2.7156	-2.9606	3.8207
v 2.7467	-2.9606	3.8166
v 2.7777	-2.9606	3.8207
v 2.8626	-2.9606	3.9677
v 2.8506	-2.9606	3.9966
v 2.8315	-2.9606	4.0215
v 2.8067	-2.9606	4.0405
v 2.7777	-2.9606	4.0525
v 2.7467	-2.9606	4.0566
v 2.7156	-2.9606	4.0525
v 2.6867	-2.9606	4.0405
v 2.6618	-2.9606	4.0215
v 2.7657	-3.1339	3.8258
v 2.8667	-3.0111	3.9366
v 2.8626	-3.0136	3.9677
v 2.8067	-0.6499	4.0405
v 2.8315	-3.0151	4.0215
v 2.8067	-3.0141	4.0405
v 2.8506	-3.0149	3.9966
v 2.8388	-3.0694	3.9868
v 2.8197	-3.0698	4.0117
v 2.8512	-3.0661	3.9582
v 2.8560	-3.0603	3.9278
v 2.7952	-3.0674	4.0310
v 2.7777	-3.0119	4.0525
v 2.7668	-3.0624	4.0435
v 2.6867	-0.6499	4.0405
v 2.6754	-0.6499	4.0600
v 2.6754	-0.5599	4.0600
v 2.6459	-0.5599	4.0374
v 2.6459	-0.6499	4.0374
v 2.6232	-0.6499	4.0079
v 2.6232	-0.5599	4.0079
v 2.6427	-0.6499	3.9966
v 2.6618	-0.6499	4.0215
v 2.7367	-3.0550	4.0483
v 2.7467	-3.0088	4.0566
v 2.7704	-3.1959	3.9031
v 2.7587	-3.2018	3.9250
v 2.6229	-3.1008	3.9529
v 2.6205	-3.0687	3.9129
v 2.6273	-3.0581	3.8905
v 2.6390	-3.0522	3.8686
v 2.6321	-3.1201	3.9678
v 2.6548	-3.0514	3.8486
v 2.6736	-3.0558	3.8318
v 2.6941	-3.0650	3.8195
v 2.7150	-3.0784	3.8125
v 2.7347	-3.0952	3.8112
v 2.7520	-3.1141	3.8157
v 2.7429	-3.2026	3.9450
v 2.7241	-3.1982	3.9617
v 2.7036	-3.1890	3.9740
v 2.6828	-3.1756	3.9811
v 2.6630	-3.1588	3.9824
v 2.6457	-3.1399	3.9778
v 2.6307	-0.6499	3.9677
v 2.6267	-0.6499	3.9366
v 2.6232	-0.6499	3.8654
v 2.6307	-0.6499	3.9056
v 2.6427	-0.6499	3.8766
v 2.6459	-0.6499	3.8358
v 2.6618	-0.6499	3.8518
v 2.6754	-0.6499	3.8132
v 2.6867	-0.6499	3.8327
v 2.7098	-0.6499	3.7990
v 2.7156	-0.6499	3.8207
v 2.7467	-0.6499	3.7941
v 2.7467	-0.6499	3.8166
v 2.7777	-0.6499	3.8207
v 2.7835	-0.6499	3.7990
v 2.7835	-0.5599	3.7990
v 2.7467	-0.5599	3.7941
v 2.7098	-0.5599	3.7990
v 2.6754	-0.5599	3.8132
v 2.6459	-0.5599	3.8358
v 2.6232	-0.5599	3.8654
v 2.6090	-0.6499	3.8997
v 2.6090	-0.5599	3.8997
v 2.6090	-0.6499	3.9735
v 2.6090	-0.5599	3.9735
v 2.6042	-0.6499	3.9366
v 2.6042	-0.5599	3.9366
v 2.8843	-0.5599	3.9735
v 2.8701	-0.5599	4.0079
v 2.4173	-0.6499	4.0893
v 2.4910	-0.6499	4.0743
v 2.4910	-0.6499	4.0893
v 2.4852	-0.6499	4.0525
v 2.4542	-0.6499	4.0566
v 2.4231	-0.6499	4.0525
v 2.4173	-0.6499	4.0743
v 2.4173	-0.5599	4.0893
v 2.4173	-0.5599	4.0743
v 2.4910	-0.5599	4.0893
v 2.4910	-0.5599	4.0743
v 2.5254	-0.6499	4.0600
v 2.5254	-0.5599	4.0600
v 2.5142	-0.6499	4.0405
v 2.5390	-0.6499	4.0215
v 2.5549	-0.6499	4.0374
v 2.5581	-0.6499	3.9966
v 2.5701	-0.6499	3.9677
v 2.5776	-0.6499	4.0079
v 2.5742	-0.6499	3.9366
v 2.5776	-0.6499	3.8654
v 2.5918	-0.6499	3.8997
v 2.5918	-0.6499	3.9735
v 2.5967	-0.6499	3.9366
v 2.5918	-0.5599	3.8997
v 2.5967	-0.5599	3.9366
v 2.5776	-0.5599	3.8654
v 2.5549	-0.6499	3.8358
v 2.5549	-0.5599	3.8358
v 2.5254	-0.6499	3.8132
v 2.5254	-0.5599	3.8132
v 2.5390	-0.6499	3.8518
v 2.5581	-0.6499	3.8766
v 2.5701	-0.6499	3.9056
v 2.5701	-2.9606	3.9056
v 2.5742	-2.9606	3.9366
v 2.5581	-2.9606	3.8766
v 2.5390	-2.9606	3.8518
v 2.5142	-2.9606	3.8327
v 2.5142	-0.6499	3.8327
v 2.3502	-2.9606	3.9966
v 2.3382	-2.9606	3.9677
v 2.3342	-2.9606	3.9366
v 2.3382	-2.9606	3.9056
v 2.3502	-2.9606	3.8766
v 2.3693	-2.9606	3.8518
v 2.3942	-2.9606	3.8327
v 2.4231	-2.9606	3.8207
v 2.4542	-2.9606	3.8166
v 2.4852	-2.9606	3.8207
v 2.5701	-2.9606	3.9677
v 2.5581	-2.9606	3.9966
v 2.5390	-2.9606	4.0215
v 2.5142	-2.9606	4.0405
v 2.4852	-2.9606	4.0525
v 2.4542	-2.9606	4.0566
v 2.4231	-2.9606	4.0525
v 2.3942	-2.9606	4.0405
v 2.3693	-2.9606	4.0215
v 2.3382	-0.6499	3.9677
v 2.3342	-0.6499	3.9366
v 2.3502	-0.6499	3.9966
v 2.3693	-0.6499	4.0215
v 2.3382	-0.6499	3.9056
v 2.3307	-0.6499	3.8654
v 2.3502	-0.6499	3.8766
v 2.3534	-0.6499	3.8358
v 2.3693	-0.6499	3.8518
v 2.3829	-0.6499	3.8132
v 2.3942	-0.6499	3.8327
v 2.4173	-0.6499	3.7990
v 2.4231	-0.6499	3.8207
v 2.4542	-0.6499	3.7941
v 2.4542	-0.6499	3.8166
v 2.4852	-0.6499	3.8207
v 2.4910	-0.6499	3.7990
v 2.4910	-0.5599	3.7990
v 2.4542	-0.5599	3.7941
v 2.4173	-0.5599	3.7990
v 2.3829	-0.5599	3.8132
v 2.3534	-0.5599	3.8358
v 2.3307	-0.5599	3.8654
v 2.3165	-0.6499	3.8997
v 2.3165	-0.5599	3.8997
v 2.3165	-0.6499	3.9735
v 2.3307	-0.6499	4.0079
v 2.3534	-0.6499	4.0374
v 2.3829	-0.6499	4.0600
v 2.3942	-0.6499	4.0405
v 2.5142	-3.0141	4.0405
v 2.4852	-3.0119	4.0525
v 2.5390	-3.0151	4.0215
v 2.5581	-3.0149	3.9966
v 2.5701	-3.0136	3.9677
v 2.5742	-3.0111	3.9366
v 2.5587	-3.0661	3.9582
v 2.5463	-3.0694	3.9868
v 2.5635	-3.0603	3.9278
v 2.5272	-3.0698	4.0117
v 2.5027	-3.0674	4.0310
v 2.4743	-3.0624	4.0435
v 2.4542	-3.0088	4.0566
v 2.4442	-3.0550	4.0483
v 2.3829	-0.5599	4.0600
v 2.3534	-0.5599	4.0374
v 2.3307	-0.5599	4.0079
v 2.3165	-0.5599	3.9735
v 2.3117	-0.6499	3.9366
v 2.3117	-0.5599	3.9366
v 2.4840	-3.1847	3.8808
v 2.4772	-3.1952	3.9030
v 2.4656	-3.2011	3.9247
v 2.3272	-3.0837	3.9338
v 2.3311	-3.1010	3.9523
v 2.3287	-3.0692	3.9127
v 2.3355	-3.0588	3.8906
v 2.3471	-3.0529	3.8688
v 2.3402	-3.1202	3.9671
v 2.3627	-3.0521	3.8490
v 2.3813	-3.0564	3.8324
v 2.4017	-3.0656	3.8203
v 2.4223	-3.0789	3.8133
v 2.4419	-3.0955	3.8120
v 2.4590	-3.1142	3.8165
v 2.4725	-3.1338	3.8265
v 2.4816	-3.1529	3.8412
v 2.4500	-3.2019	3.9446
v 2.4314	-3.1975	3.9611
v 2.4111	-3.1884	3.9733
v 2.3904	-3.1751	3.9803
v 2.3709	-3.1585	3.9816
v 2.3537	-3.1398	3.9771
v 2.5918	-0.5599	3.9735
v 2.5776	-0.5599	4.0079
v 2.5549	-0.5599	4.0374
v 2.2078	-1.1202	3.8030
v 2.2678	-1.1202	3.8030
v 2.2678	-1.1202	3.9911
v 2.3737	-1.1202	4.1030
v 2.7904	-1.1202	4.1030
v 2.9053	-1.1202	3.9881
v 2.9053	-1.1202	3.8030
v 2.9653	-1.1202	3.8030
v 2.9653	-1.1202	3.7730
v 2.7928	-1.1202	3.7730
v 2.7928	-1.1202	3.8030
v 2.3803	-1.1202	3.8030
v 2.3803	-1.1202	3.7730
v 2.2078	-1.1202	3.7730
v 2.2233	-2.3860	3.8030
v 2.2078	-2.4177	3.8030
v 2.2678	-2.4177	3.8030
v 2.2533	-2.3860	3.8030
v 2.2678	-2.4177	3.9911
v 2.9653	-2.4177	3.8030
v 2.9053	-2.4177	3.8030
v 2.9053	-2.4177	3.9881
v 2.7904	-2.4177	4.1030
v 2.3737	-2.4177	4.1030
v 2.2078	-2.4177	3.7730
v 2.3803	-2.4177	3.7730
v 2.3803	-2.4177	3.8030
v 2.7928	-2.4177	3.8030
v 2.7928	-2.4177	3.7730
v 2.9653	-2.4177	3.7730
v 2.9490	-2.3866	3.8030
v 2.9190	-2.3866	3.8030
v 1.2016	-2.8474	2.4380
v 1.2204	-2.8474	0.9482
v 1.3513	-2.8474	1.1022
v 1.3513	-2.8474	2.2181
v 1.3513	-1.3099	1.1022
v 1.3513	-1.3099	2.2181
v 0.2486	-1.3099	1.1850
v 0.0551	-1.3099	1.8532
v -0.0126	-1.3099	2.3344
v -0.0126	-1.3099	2.5817
v 0.1334	-1.3099	2.7193
v 1.2016	-1.3099	2.4380
v 1.2204	-1.3099	0.9482
v 0.5298	-1.3099	0.9482
v 0.2486	-2.8474	1.1850
v 0.0551	-2.8474	1.8532
v 0.1334	-2.8474	2.7193
v 0.5298	-2.8474	0.9482
v -0.0126	-2.8474	2.5817
v -0.0126	-2.8474	2.3344
v 5.4035	-3.2794	3.9886
v 5.4035	-3.2724	3.9882
v 5.4410	-3.3422	4.0262
v 5.4410	-3.3428	4.0350
v 5.4035	-3.3428	4.0350
v 5.4410	-3.3428	4.6627
v 5.4035	-3.3428	4.6627
v 5.4410	-3.0698	4.6488
v 5.4410	-3.2721	4.1957
v 5.4410	-3.2842	4.1932
v 5.4410	-3.2955	4.1859
v 5.4410	-3.3052	4.1742
v 5.4410	-3.3126	4.1590
v 5.4410	-3.3189	4.1223
v 5.4410	-3.2600	4.0515
v 5.4410	-3.0698	4.0257
v 5.4410	-3.2731	3.9679
v 5.4410	-3.1299	3.9679
v 5.4035	-3.2731	3.9679
v 5.4035	-3.1299	3.9679
v 5.4035	-3.1306	3.9882
v 5.4035	-3.2948	4.6965
v 5.4035	-3.2901	4.6973
v 5.4035	-3.2847	4.6977
v 5.4035	-3.1424	4.6977
v 5.4035	-3.1351	4.6972
v 5.4035	-3.1285	4.6960
v 5.4035	-3.1223	4.6939
v 5.4035	-3.1163	4.6911
v 5.4035	-3.1108	4.6876
v 5.4035	-3.1058	4.6833
v 5.4035	-3.1014	4.6785
v 5.4035	-3.0977	4.6732
v 5.4035	-3.0948	4.6675
v 5.4035	-3.0926	4.6615
v 5.4035	-3.0914	4.6552
v 5.4035	-3.0909	4.6482
v 5.4035	-3.0909	4.0264
v 5.4035	-3.0912	4.0208
v 5.4035	-3.0922	4.0160
v 5.4035	-3.0939	4.0114
v 5.4035	-3.0961	4.0070
v 5.4035	-3.0990	4.0029
v 5.4035	-3.1023	3.9992
v 5.4035	-3.1062	3.9960
v 5.4035	-3.1104	3.9932
v 5.4035	-3.1150	3.9911
v 5.4035	-3.1198	3.9895
v 5.4035	-3.1248	3.9885
v 5.4035	-3.2857	3.9898
v 5.4035	-3.2917	3.9918
v 5.4035	-3.2974	3.9945
v 5.4035	-3.3027	3.9979
v 5.4035	-3.3075	4.0019
v 5.4035	-3.3117	4.0065
v 5.4035	-3.3152	4.0116
v 5.4035	-3.3180	4.0171
v 5.4035	-3.3201	4.0229
v 5.4035	-3.3213	4.0289
v 5.4035	-3.3218	4.0356
v 5.4035	-3.3218	4.6620
v 5.4035	-3.3214	4.6672
v 5.4035	-3.3205	4.6717
v 5.4035	-3.3190	4.6761
v 5.4035	-3.3168	4.6802
v 5.4035	-3.3142	4.6840
v 5.4035	-3.3111	4.6874
v 5.4035	-3.3075	4.6904
v 5.4035	-3.3035	4.6930
v 5.4035	-3.2993	4.6950
v 5.4035	-3.0698	4.6488
v 5.4035	-3.0698	4.0257
v 5.4410	-3.2316	4.0857
v 5.4410	-3.2253	4.1223
v 5.4410	-3.2269	4.1413
v 5.4410	-3.2316	4.1590
v 5.4410	-3.2390	4.1742
v 5.4410	-3.2487	4.1859
v 5.4410	-3.2600	4.1932
v 5.4485	-3.2721	4.1788
v 5.4485	-3.2774	4.1777
v 5.4485	-3.2837	4.1736
v 5.4485	-3.2905	4.1654
v 5.4485	-3.2964	4.1534
v 5.4485	-3.3003	4.1386
v 5.4485	-3.3017	4.1223
v 5.4485	-3.3003	4.1061
v 5.4485	-3.2964	4.0912
v 5.4485	-3.2905	4.0793
v 5.4485	-3.2837	4.0711
v 5.4485	-3.2774	4.0669
v 5.4485	-3.2721	4.0659
v 5.4485	-3.2668	4.0669
v 5.4485	-3.2605	4.0711
v 5.4485	-3.2537	4.0793
v 5.4485	-3.2478	4.0912
v 5.4485	-3.2439	4.1061
v 5.4485	-3.2668	4.1777
v 5.4485	-3.2605	4.1736
v 5.4485	-3.2537	4.1654
v 5.4485	-3.2478	4.1534
v 5.4485	-3.2439	4.1386
v 5.4485	-3.2425	4.1223
v 5.4410	-3.1417	4.7179
v 5.4035	-3.1417	4.7179
v 5.4035	-3.2854	4.7179
v 5.4410	-3.2854	4.7179
v 5.4035	3.0856	4.6965
v 5.4035	3.0903	4.6973
v 5.4035	3.0957	4.6977
v 5.4035	3.2380	4.6977
v 5.4035	3.2453	4.6972
v 5.4035	3.2519	4.6960
v 5.4035	3.2582	4.6939
v 5.4035	3.2641	4.6911
v 5.4035	3.2696	4.6876
v 5.4035	3.2746	4.6833
v 5.4035	3.2790	4.6785
v 5.4035	3.2827	4.6732
v 5.4035	3.2856	4.6675
v 5.4035	3.2878	4.6615
v 5.4035	3.2891	4.6552
v 5.4035	3.2895	4.6482
v 5.4035	3.2895	4.0264
v 5.4035	3.2892	4.0208
v 5.4035	3.2882	4.0160
v 5.4035	3.2865	4.0114
v 5.4035	3.2843	4.0070
v 5.4035	3.2814	4.0029
v 5.4035	3.2781	3.9992
v 5.4035	3.2742	3.9960
v 5.4035	3.2700	3.9932
v 5.4035	3.2654	3.9911
v 5.4035	3.2606	3.9895
v 5.4035	3.2556	3.9885
v 5.4035	3.2498	3.9882
v 5.4035	3.1080	3.9882
v 5.4035	3.1010	3.9886
v 5.4035	3.0947	3.9898
v 5.4035	3.0887	3.9918
v 5.4035	3.0830	3.9945
v 5.4035	3.0777	3.9979
v 5.4035	3.0729	4.0019
v 5.4035	3.0687	4.0065
v 5.4035	3.0652	4.0116
v 5.4035	3.0624	4.0171
v 5.4035	3.0603	4.0229
v 5.4035	3.0591	4.0289
v 5.4035	3.0586	4.0356
v 5.4035	3.0586	4.6620
v 5.4035	3.0590	4.6672
v 5.4035	3.0599	4.6717
v 5.4035	3.0614	4.6761
v 5.4035	3.0636	4.6802
v 5.4035	3.0662	4.6840
v 5.4035	3.0693	4.6874
v 5.4035	3.0729	4.6904
v 5.4035	3.0769	4.6930
v 5.4035	3.0811	4.6950
v 5.4035	3.0376	4.6627
v 5.4035	3.0376	4.0350
v 5.4035	3.2505	3.9679
v 5.4035	3.1073	3.9679
v 5.4410	3.2505	3.9679
v 5.4410	3.1073	3.9679
v 5.4035	3.3106	4.0257
v 5.4035	3.3106	4.6488
v 5.4410	3.0376	4.6627
v 5.4410	3.3106	4.6488
v 5.4410	3.2175	4.1957
v 5.4410	3.2054	4.1932
v 5.4410	3.1941	4.1859
v 5.4410	3.1844	4.1742
v 5.4410	3.1770	4.1590
v 5.4410	3.1723	4.1413
v 5.4410	3.1707	4.1223
v 5.4410	3.1723	4.1033
v 5.4410	3.0376	4.0350
v 5.4410	3.2175	4.0490
v 5.4410	3.0382	4.0262
v 5.4410	3.3106	4.0257
v 5.4410	3.2387	4.7179
v 5.4035	3.2387	4.7179
v 5.4035	3.0950	4.7179
v 5.4410	3.0950	4.7179
v 5.4410	3.2627	4.1033
v 5.4410	3.2627	4.1413
v 5.4410	3.2580	4.1590
v 5.4410	3.2506	4.1742
v 5.4410	3.2409	4.1859
v 5.4410	3.2296	4.1932
v 5.4485	3.2175	4.1788
v 5.4485	3.2122	4.1777
v 5.4485	3.2059	4.1736
v 5.4485	3.1991	4.1654
v 5.4485	3.1932	4.1534
v 5.4485	3.1893	4.1386
v 5.4485	3.1879	4.1223
v 5.4485	3.1893	4.1061
v 5.4485	3.1932	4.0912
v 5.4485	3.1991	4.0793
v 5.4485	3.2059	4.0711
v 5.4485	3.2122	4.0669
v 5.4485	3.2175	4.0659
v 5.4485	3.2228	4.0669
v 5.4485	3.2291	4.0711
v 5.4485	3.2359	4.0793
v 5.4485	3.2418	4.0912
v 5.4485	3.2457	4.1061
v 5.4485	3.2471	4.1223
v 5.4485	3.2228	4.1777
v 5.4485	3.2291	4.1736
v 5.4485	3.2359	4.1654
v 5.4485	3.2418	4.1534
v 5.4485	3.2457	4.1386
v 5.3311	1.3901	1.6157
v 5.2808	1.3901	1.8027
v 5.2808	-1.3849	1.8027
v 5.3311	-1.3849	1.6157
v 5.3438	0.7345	2.0842
v 5.3438	0.7485	2.1136
v 5.3438	0.7532	2.1461
v 5.3438	0.7503	2.1741
v 5.3438	0.7417	2.1995
v 5.3438	0.7273	2.2225
v 5.3438	0.7071	2.2430
v 5.3438	0.6805	2.2598
v 5.3438	0.6467	2.2719
v 5.3438	0.6058	2.2791
v 5.3438	0.5577	2.2815
v 5.3438	0.5153	2.2793
v 5.3438	0.4779	2.2727
v 5.3438	0.4457	2.2616
v 5.3438	0.4186	2.2462
v 5.3438	0.3960	2.2266
v 5.3438	0.3774	2.2032
v 5.3438	0.3628	2.1759
v 5.3438	0.3522	2.1447
v 5.3438	0.4908	2.1199
v 5.3438	0.4991	2.1532
v 5.3438	0.5127	2.1748
v 5.3438	0.5314	2.1865
v 5.3438	0.5548	2.1904
v 5.3438	0.5773	2.1868
v 5.3438	0.5944	2.1760
v 5.3438	0.6052	2.1592
v 5.3438	0.6088	2.1375
v 5.3438	0.6040	2.1140
v 5.3438	0.5896	2.0939
v 5.3438	0.5679	2.0802
v 5.3438	0.5415	2.0756
v 5.3438	0.5224	2.0774
v 5.3438	0.5149	1.9726
v 5.3438	0.5624	1.9813
v 5.3438	0.5914	1.9762
v 5.3438	0.6137	1.9611
v 5.3438	0.6279	1.9368
v 5.3438	0.6326	1.9043
v 5.3438	0.6277	1.8719
v 5.3438	0.6130	1.8467
v 5.3438	0.5909	1.8305
v 5.3438	0.5638	1.8251
v 5.3438	0.5382	1.8293
v 5.3438	0.5176	1.8422
v 5.3438	0.5018	1.8661
v 5.3438	0.4908	1.9035
v 5.3438	0.3443	1.8841
v 5.3438	0.3618	1.8390
v 5.3438	0.3855	1.8022
v 5.3438	0.4160	1.7735
v 5.3438	0.4539	1.7527
v 5.3438	0.5030	1.7400
v 5.3438	0.5674	1.7358
v 5.3438	0.6341	1.7415
v 5.3438	0.6866	1.7587
v 5.3438	0.7266	1.7864
v 5.3438	0.7561	1.8238
v 5.3438	0.7741	1.8670
v 5.3438	0.7802	1.9122
v 5.3438	0.7765	1.9463
v 5.3438	0.7656	1.9753
v 5.3438	0.7481	1.9992
v 5.3438	0.7247	2.0180
v 5.3438	0.6779	2.0356
v 5.3438	0.7110	2.0582
v 5.3438	0.9546	2.0522
v 5.3438	1.0242	2.0965
v 5.3438	1.0242	1.7448
v 5.3438	1.1725	1.7448
v 5.3438	1.1725	2.2815
v 5.3438	1.0512	2.2815
v 5.3438	1.0233	2.2358
v 5.3438	0.9864	2.1980
v 5.3438	0.9367	2.1666
v 5.3438	0.8701	2.1400
v 5.3438	0.8701	2.0198
v 4.3503	2.4049	4.4121
v 4.3503	2.3523	4.4121
v 4.3712	2.3523	4.4346
v 4.3712	2.4049	4.4346
v 4.4370	2.4242	4.4159
v 4.4173	2.4409	4.3947
v 4.3839	2.4344	4.3588
v 4.3945	2.4409	4.3702
v 4.4059	2.4431	4.3824
v 4.4440	2.4108	4.4235
v 4.4484	2.3952	4.4282
v 4.4499	2.3784	4.4298
v 4.4484	2.3617	4.4282
v 4.4440	2.3461	4.4235
v 4.4370	2.3327	4.4159
v 4.4173	2.3160	4.3947
v 4.4059	2.3138	4.3824
v 4.3945	2.3160	4.3702
v 4.3839	2.3224	4.3588
v 4.3748	2.3327	4.3490
v 4.3678	2.3461	4.3414
v 4.3634	2.3617	4.3367
v 4.3634	2.3952	4.3367
v 4.3678	2.4108	4.3414
v 4.3748	2.4242	4.3490
v 4.3281	2.3965	4.3493
v 4.3251	2.3965	4.3543
v 4.3251	2.3603	4.3543
v 4.2453	2.3735	4.3065
v 4.2453	2.3833	4.3065
v 4.3236	2.3833	4.3534
v 4.2221	2.3965	4.2926
v 4.2221	2.3603	4.2926
v 4.3251	2.3965	4.3543
v 4.3231	2.3784	4.3531
v 4.3236	2.3735	4.3534
v 4.2483	2.3833	4.3015
v 4.2483	2.3735	4.3015
v 4.3266	2.3833	4.3484
v 4.3266	2.3735	4.3484
v 4.3261	2.3784	4.3481
v 4.3281	2.3603	4.3493
v 4.2251	2.3603	4.2876
v 4.2251	2.3965	4.2876
v 4.3281	2.3965	4.3493
v 4.4131	2.4352	4.4490
v 4.3918	2.4533	4.4260
v 4.4281	2.5368	4.5152
v 4.4067	2.5549	4.4923
v 4.4000	2.4480	4.4356
v 4.4111	2.5233	4.4847
v 4.4164	2.5187	4.4904
v 4.4053	2.4434	4.4414
v 4.4027	2.4462	4.4388
v 4.3918	2.4533	4.4260
v 4.4178	2.4366	4.4458
v 4.4327	2.5383	4.5120
v 4.3964	2.4547	4.4228
v 4.4114	2.5564	4.4890
v 4.3964	2.4547	4.4228
v 4.4074	2.4476	4.4356
v 4.4100	2.4448	4.4381
v 4.4211	2.5202	4.4872
v 4.4157	2.5247	4.4814
v 4.4046	2.4494	4.4324
v 5.4835	2.8032	3.3515
v 5.4835	2.7974	3.3518
v 5.4835	2.6460	3.3518
v 5.4835	2.6401	3.3515
v 5.4835	2.6344	3.3508
v 5.4835	2.6288	3.3496
v 5.4835	2.6236	3.3480
v 5.4835	2.6187	3.3460
v 5.4835	2.6143	3.3436
v 5.4835	2.6104	3.3409
v 5.4835	2.6071	3.3378
v 5.4835	2.6045	3.3346
v 5.4835	2.6026	3.3311
v 5.4835	2.6015	3.3275
v 5.4835	2.6011	3.3239
v 5.4835	2.6011	3.2450
v 5.4835	2.6015	3.2414
v 5.4835	2.6026	3.2378
v 5.4835	2.6045	3.2343
v 5.4835	2.6071	3.2311
v 5.4835	2.6104	3.2280
v 5.4835	2.6143	3.2253
v 5.4835	2.6187	3.2229
v 5.4835	2.6236	3.2209
v 5.4835	2.6288	3.2193
v 5.4835	2.6344	3.2181
v 5.4835	2.6401	3.2174
v 5.4835	2.6460	3.2171
v 5.4835	2.7974	3.2171
v 5.4835	2.8032	3.2174
v 5.4835	2.8090	3.2181
v 5.4835	2.8145	3.2193
v 5.4835	2.8198	3.2209
v 5.4835	2.8247	3.2229
v 5.4835	2.8291	3.2253
v 5.4835	2.8330	3.2280
v 5.4835	2.8362	3.2311
v 5.4835	2.8388	3.2343
v 5.4835	2.8407	3.2378
v 5.4835	2.8419	3.2414
v 5.4835	2.8422	3.2450
v 5.4835	2.8422	3.3239
v 5.4835	2.8419	3.3275
v 5.4835	2.8407	3.3311
v 5.4835	2.8388	3.3346
v 5.4835	2.8362	3.3378
v 5.4835	2.8330	3.3409
v 5.4835	2.8291	3.3436
v 5.4835	2.8247	3.3460
v 5.4835	2.8198	3.3480
v 5.4835	2.8145	3.3496
v 5.4835	2.8090	3.3508
v 5.4098	2.8032	3.3515
v 5.4098	2.7974	3.3518
v 5.4098	2.8090	3.3508
v 5.4098	2.8145	3.3496
v 5.4098	2.8198	3.3480
v 5.4098	2.8247	3.3460
v 5.4098	2.8291	3.3436
v 5.4098	2.8330	3.3409
v 5.4098	2.8362	3.3378
v 5.4098	2.8388	3.3346
v 5.4098	2.8407	3.3311
v 5.4098	2.8419	3.3275
v 5.4098	2.8422	3.3239
v 5.4098	2.8422	3.2450
v 5.4098	2.8419	3.2414
v 5.4098	2.8407	3.2378
v 5.4098	2.8388	3.2343
v 5.4098	2.8362	3.2311
v 5.4098	2.8330	3.2280
v 5.4098	2.8291	3.2253
v 5.4098	2.8247	3.2229
v 5.4098	2.6401	3.3515
v 5.4098	2.6460	3.3518
v 5.4098	2.8198	3.2209
v 5.4098	2.8145	3.2193
v 5.4098	2.8090	3.2181
v 5.4098	2.8032	3.2174
v 5.4098	2.7974	3.2171
v 5.4098	2.6460	3.2171
v 5.4098	2.6401	3.2174
v 5.4098	2.6344	3.2181
v 5.4098	2.6288	3.2193
v 5.4098	2.6236	3.2209
v 5.4098	2.6187	3.2229
v 5.4098	2.6143	3.2253
v 5.4098	2.6104	3.2280
v 5.4098	2.6071	3.2311
v 5.4098	2.6045	3.2343
v 5.4098	2.6026	3.2378
v 5.4098	2.6015	3.2414
v 5.4098	2.6011	3.2450
v 5.4098	2.6011	3.3239
v 5.4098	2.6015	3.3275
v 5.4098	2.6026	3.3311
v 5.4098	2.6045	3.3346
v 5.4098	2.6071	3.3378
v 5.4098	2.6104	3.3409
v 5.4098	2.6143	3.3436
v 5.4098	2.6187	3.3460
v 5.4098	2.6236	3.3480
v 5.4098	2.6288	3.3496
v 5.4098	2.6344	3.3508
v 5.9383	0.7267	1.4880
v 5.9383	0.7226	1.4882
v 5.9383	0.6160	1.4882
v 5.9383	0.6118	1.4880
v 5.9383	0.6078	1.4871
v 5.9383	0.6039	1.4858
v 5.9383	0.6002	1.4840
v 5.9383	0.5967	1.4817
v 5.9383	0.5936	1.4790
v 5.9383	0.5909	1.4759
v 5.9383	0.5886	1.4724
v 5.9383	0.5868	1.4687
v 5.9383	0.5854	1.4648
v 5.9383	0.5846	1.4607
v 5.9383	0.5844	1.4566
v 5.9383	0.5844	1.3670
v 5.9383	0.5846	1.3629
v 5.9383	0.5854	1.3589
v 5.9383	0.5868	1.3549
v 5.9383	0.5886	1.3512
v 5.9383	0.5909	1.3478
v 5.9383	0.5936	1.3447
v 5.9383	0.5967	1.3420
v 5.9383	0.6002	1.3397
v 5.9383	0.6039	1.3378
v 5.9383	0.6078	1.3365
v 5.9383	0.6118	1.3357
v 5.9383	0.6160	1.3354
v 5.9383	0.7226	1.3354
v 5.9383	0.7267	1.3357
v 5.9383	0.7308	1.3365
v 5.9383	0.7347	1.3378
v 5.9383	0.7384	1.3397
v 5.9383	0.7419	1.3420
v 5.9383	0.7450	1.3447
v 5.9383	0.7477	1.3478
v 5.9383	0.7500	1.3512
v 5.9383	0.7518	1.3549
v 5.9383	0.7531	1.3589
v 5.9383	0.7540	1.3629
v 5.9383	0.7542	1.3670
v 5.9383	0.7542	1.4566
v 5.9383	0.7540	1.4607
v 5.9383	0.7531	1.4648
v 5.9383	0.7518	1.4687
v 5.9383	0.7500	1.4724
v 5.9383	0.7477	1.4759
v 5.9383	0.7450	1.4790
v 5.9383	0.7419	1.4817
v 5.9383	0.7384	1.4840
v 5.9383	0.7347	1.4858
v 5.9383	0.7308	1.4871
v 5.8547	0.7267	1.4880
v 5.8547	0.7226	1.4882
v 5.8547	0.7308	1.4871
v 5.8547	0.7347	1.4858
v 5.8547	0.7384	1.4840
v 5.8547	0.7419	1.4817
v 5.8547	0.7450	1.4790
v 5.8547	0.7477	1.4759
v 5.8547	0.7500	1.4724
v 5.8547	0.7518	1.4687
v 5.8547	0.7531	1.4648
v 5.8547	0.7540	1.4607
v 5.8547	0.7542	1.4566
v 5.8547	0.7542	1.3670
v 5.8547	0.7540	1.3629
v 5.8547	0.7531	1.3589
v 5.8547	0.7518	1.3549
v 5.8547	0.7500	1.3512
v 5.8547	0.7477	1.3478
v 5.8547	0.7450	1.3447
v 5.8547	0.7419	1.3420
v 5.8547	0.6118	1.4880
v 5.8547	0.6160	1.4882
v 5.8547	0.7384	1.3397
v 5.8547	0.7347	1.3378
v 5.8547	0.7308	1.3365
v 5.8547	0.7267	1.3357
v 5.8547	0.7226	1.3354
v 5.8547	0.6160	1.3354
v 5.8547	0.6118	1.3357
v 5.8547	0.6078	1.3365
v 5.8547	0.6039	1.3378
v 5.8547	0.6002	1.3397
v 5.8547	0.5967	1.3420
v 5.8547	0.5936	1.3447
v 5.8547	0.5909	1.3478
v 5.8547	0.5886	1.3512
v 5.8547	0.5868	1.3549
v 5.8547	0.5854	1.3589
v 5.8547	0.5846	1.3629
v 5.8547	0.5844	1.3670
v 5.8547	0.5844	1.4566
v 5.8547	0.5846	1.4607
v 5.8547	0.5854	1.4648
v 5.8547	0.5868	1.4687
v 5.8547	0.5886	1.4724
v 5.8547	0.5909	1.4759
v 5.8547	0.5936	1.4790
v 5.8547	0.5967	1.4817
v 5.8547	0.6002	1.4840
v 5.8547	0.6039	1.4858
v 5.8547	0.6078	1.4871
v 5.9383	0.9106	1.4880
v 5.9383	0.9065	1.4882
v 5.9383	0.7999	1.4882
v 5.9383	0.7958	1.4880
v 5.9383	0.7917	1.4871
v 5.9383	0.7878	1.4858
v 5.9383	0.7841	1.4840
v 5.9383	0.7806	1.4817
v 5.9383	0.7775	1.4790
v 5.9383	0.7748	1.4759
v 5.9383	0.7725	1.4724
v 5.9383	0.7707	1.4687
v 5.9383	0.7693	1.4648
v 5.9383	0.7685	1.4607
v 5.9383	0.7683	1.4566
v 5.9383	0.7683	1.3670
v 5.9383	0.7685	1.3629
v 5.9383	0.7693	1.3589
v 5.9383	0.7707	1.3549
v 5.9383	0.7725	1.3512
v 5.9383	0.7748	1.3478
v 5.9383	0.7775	1.3447
v 5.9383	0.7806	1.3420
v 5.9383	0.7841	1.3397
v 5.9383	0.7878	1.3378
v 5.9383	0.7917	1.3365
v 5.9383	0.7958	1.3357
v 5.9383	0.7999	1.3354
v 5.9383	0.9065	1.3354
v 5.9383	0.9106	1.3357
v 5.9383	0.9147	1.3365
v 5.9383	0.9186	1.3378
v 5.9383	0.9223	1.3397
v 5.9383	0.9258	1.3420
v 5.9383	0.9289	1.3447
v 5.9383	0.9316	1.3478
v 5.9383	0.9339	1.3512
v 5.9383	0.9357	1.3549
v 5.9383	0.9370	1.3589
v 5.9383	0.9379	1.3629
v 5.9383	0.9381	1.3670
v 5.9383	0.9381	1.4566
v 5.9383	0.9379	1.4607
v 5.9383	0.9370	1.4648
v 5.9383	0.9357	1.4687
v 5.9383	0.9339	1.4724
v 5.9383	0.9316	1.4759
v 5.9383	0.9289	1.4790
v 5.9383	0.9258	1.4817
v 5.9383	0.9223	1.4840
v 5.9383	0.9186	1.4858
v 5.9383	0.9147	1.4871
v 5.8547	0.9106	1.4880
v 5.8547	0.9065	1.4882
v 5.8547	0.9147	1.4871
v 5.8547	0.9186	1.4858
v 5.8547	0.9223	1.4840
v 5.8547	0.9258	1.4817
v 5.8547	0.9289	1.4790
v 5.8547	0.9316	1.4759
v 5.8547	0.9339	1.4724
v 5.8547	0.9357	1.4687
v 5.8547	0.9370	1.4648
v 5.8547	0.9379	1.4607
v 5.8547	0.9381	1.4566
v 5.8547	0.9381	1.3670
v 5.8547	0.9379	1.3629
v 5.8547	0.9370	1.3589
v 5.8547	0.9357	1.3549
v 5.8547	0.9339	1.3512
v 5.8547	0.9316	1.3478
v 5.8547	0.9289	1.3447
v 5.8547	0.9258	1.3420
v 5.8547	0.7958	1.4880
v 5.8547	0.7999	1.4882
v 5.8547	0.9223	1.3397
v 5.8547	0.9186	1.3378
v 5.8547	0.9147	1.3365
v 5.8547	0.9106	1.3357
v 5.8547	0.9065	1.3354
v 5.8547	0.7999	1.3354
v 5.8547	0.7958	1.3357
v 5.8547	0.7917	1.3365
v 5.8547	0.7878	1.3378
v 5.8547	0.7841	1.3397
v 5.8547	0.7806	1.3420
v 5.8547	0.7775	1.3447
v 5.8547	0.7748	1.3478
v 5.8547	0.7725	1.3512
v 5.8547	0.7707	1.3549
v 5.8547	0.7693	1.3589
v 5.8547	0.7685	1.3629
v 5.8547	0.7683	1.3670
v 5.8547	0.7683	1.4566
v 5.8547	0.7685	1.4607
v 5.8547	0.7693	1.4648
v 5.8547	0.7707	1.4687
v 5.8547	0.7725	1.4724
v 5.8547	0.7748	1.4759
v 5.8547	0.7775	1.4790
v 5.8547	0.7806	1.4817
v 5.8547	0.7841	1.4840
v 5.8547	0.7878	1.4858
v 5.8547	0.7917	1.4871
v 5.4835	-2.6334	3.3515
v 5.4835	-2.6392	3.3518
v 5.4835	-2.7906	3.3518
v 5.4835	-2.7965	3.3515
v 5.4835	-2.8022	3.3508
v 5.4835	-2.8078	3.3496
v 5.4835	-2.8130	3.3480
v 5.4835	-2.8179	3.3460
v 5.4835	-2.8223	3.3436
v 5.4835	-2.8262	3.3409
v 5.4835	-2.8295	3.3378
v 5.4835	-2.8321	3.3346
v 5.4835	-2.8339	3.3311
v 5.4835	-2.8351	3.3275
v 5.4835	-2.8355	3.3239
v 5.4835	-2.8355	3.2450
v 5.4835	-2.8351	3.2414
v 5.4835	-2.8339	3.2378
v 5.4835	-2.8321	3.2343
v 5.4835	-2.8295	3.2311
v 5.4835	-2.8262	3.2280
v 5.4835	-2.8223	3.2253
v 5.4835	-2.8179	3.2229
v 5.4835	-2.8130	3.2209
v 5.4835	-2.8078	3.2193
v 5.4835	-2.8022	3.2181
v 5.4835	-2.7965	3.2174
v 5.4835	-2.7906	3.2171
v 5.4835	-2.6392	3.2171
v 5.4835	-2.6334	3.2174
v 5.4835	-2.6276	3.2181
v 5.4835	-2.6221	3.2193
v 5.4835	-2.6168	3.2209
v 5.4835	-2.6119	3.2229
v 5.4835	-2.6075	3.2253
v 5.4835	-2.6036	3.2280
v 5.4835	-2.6004	3.2311
v 5.4835	-2.5978	3.2343
v 5.4835	-2.5959	3.2378
v 5.4835	-2.5947	3.2414
v 5.4835	-2.5944	3.2450
v 5.4835	-2.5944	3.3239
v 5.4835	-2.5947	3.3275
v 5.4835	-2.5959	3.3311
v 5.4835	-2.5978	3.3346
v 5.4835	-2.6004	3.3378
v 5.4835	-2.6036	3.3409
v 5.4835	-2.6075	3.3436
v 5.4835	-2.6119	3.3460
v 5.4835	-2.6168	3.3480
v 5.4835	-2.6221	3.3496
v 5.4835	-2.6276	3.3508
v 5.4098	-2.6334	3.3515
v 5.4098	-2.6392	3.3518
v 5.4098	-2.6276	3.3508
v 5.4098	-2.6221	3.3496
v 5.4098	-2.6168	3.3480
v 5.4098	-2.6119	3.3460
v 5.4098	-2.6075	3.3436
v 5.4098	-2.6036	3.3409
v 5.4098	-2.6004	3.3378
v 5.4098	-2.5978	3.3346
v 5.4098	-2.5959	3.3311
v 5.4098	-2.5947	3.3275
v 5.4098	-2.5944	3.3239
v 5.4098	-2.5944	3.2450
v 5.4098	-2.5947	3.2414
v 5.4098	-2.5959	3.2378
v 5.4098	-2.5978	3.2343
v 5.4098	-2.6004	3.2311
v 5.4098	-2.6036	3.2280
v 5.4098	-2.6075	3.2253
v 5.4098	-2.6119	3.2229
v 5.4098	-2.7965	3.3515
v 5.4098	-2.7906	3.3518
v 5.4098	-2.6168	3.2209
v 5.4098	-2.6221	3.2193
v 5.4098	-2.6276	3.2181
v 5.4098	-2.6334	3.2174
v 5.4098	-2.6392	3.2171
v 5.4098	-2.7906	3.2171
v 5.4098	-2.7965	3.2174
v 5.4098	-2.8022	3.2181
v 5.4098	-2.8078	3.2193
v 5.4098	-2.8130	3.2209
v 5.4098	-2.8179	3.2229
v 5.4098	-2.8223	3.2253
v 5.4098	-2.8262	3.2280
v 5.4098	-2.8295	3.2311
v 5.4098	-2.8321	3.2343
v 5.4098	-2.8339	3.2378
v 5.4098	-2.8351	3.2414
v 5.4098	-2.8355	3.2450
v 5.4098	-2.8355	3.3239
v 5.4098	-2.8351	3.3275
v 5.4098	-2.8339	3.3311
v 5.4098	-2.8321	3.3346
v 5.4098	-2.8295	3.3378
v 5.4098	-2.8262	3.3409
v 5.4098	-2.8223	3.3436
v 5.4098	-2.8179	3.3460
v 5.4098	-2.8130	3.3480
v 5.4098	-2.8078	3.3496
v 5.4098	-2.8022	3.3508
v 5.9383	-0.6113	1.3365
v 5.9383	-0.6074	1.3378
v 5.9383	-0.6037	1.3397
v 5.9383	-0.6003	1.3420
v 5.9383	-0.5971	1.3447
v 5.9383	-0.5944	1.3478
v 5.9383	-0.5921	1.3512
v 5.9383	-0.5903	1.3549
v 5.9383	-0.5890	1.3589
v 5.9383	-0.5882	1.3629
v 5.9383	-0.5879	1.3670
v 5.9383	-0.5879	1.4566
v 5.9383	-0.5882	1.4607
v 5.9383	-0.5890	1.4648
v 5.9383	-0.5903	1.4687
v 5.9383	-0.5921	1.4724
v 5.9383	-0.5944	1.4759
v 5.9383	-0.5971	1.4790
v 5.9383	-0.6003	1.4817
v 5.9383	-0.6037	1.4840
v 5.9383	-0.6074	1.4858
v 5.9383	-0.6113	1.4871
v 5.9383	-0.6154	1.4880
v 5.9383	-0.6195	1.4882
v 5.9383	-0.7261	1.4882
v 5.9383	-0.7303	1.4880
v 5.9383	-0.7343	1.4871
v 5.9383	-0.7382	1.4858
v 5.9383	-0.7419	1.4840
v 5.9383	-0.7454	1.4817
v 5.9383	-0.7485	1.4790
v 5.9383	-0.7512	1.4759
v 5.9383	-0.7535	1.4724
v 5.9383	-0.7553	1.4687
v 5.9383	-0.7567	1.4648
v 5.9383	-0.7575	1.4607
v 5.9383	-0.7577	1.4566
v 5.9383	-0.7577	1.3670
v 5.9383	-0.7575	1.3629
v 5.9383	-0.7567	1.3589
v 5.9383	-0.7553	1.3549
v 5.9383	-0.7535	1.3512
v 5.9383	-0.7512	1.3478
v 5.9383	-0.7485	1.3447
v 5.9383	-0.7454	1.3420
v 5.9383	-0.7419	1.3397
v 5.9383	-0.7382	1.3378
v 5.9383	-0.7343	1.3365
v 5.9383	-0.7303	1.3357
v 5.9383	-0.7261	1.3354
v 5.9383	-0.6195	1.3354
v 5.9383	-0.6154	1.3357
v 5.8547	-0.6113	1.3365
v 5.8547	-0.6074	1.3378
v 5.8547	-0.7343	1.3365
v 5.8547	-0.7382	1.3378
v 5.8547	-0.7419	1.3397
v 5.8547	-0.7454	1.3420
v 5.8547	-0.7485	1.3447
v 5.8547	-0.7512	1.3478
v 5.8547	-0.7535	1.3512
v 5.8547	-0.7553	1.3549
v 5.8547	-0.7567	1.3589
v 5.8547	-0.7575	1.3629
v 5.8547	-0.7577	1.3670
v 5.8547	-0.7577	1.4566
v 5.8547	-0.7575	1.4607
v 5.8547	-0.7567	1.4648
v 5.8547	-0.7553	1.4687
v 5.8547	-0.7535	1.4724
v 5.8547	-0.7512	1.4759
v 5.8547	-0.7485	1.4790
v 5.8547	-0.7454	1.4817
v 5.8547	-0.7419	1.4840
v 5.8547	-0.7382	1.4858
v 5.8547	-0.7343	1.4871
v 5.8547	-0.7303	1.4880
v 5.8547	-0.7261	1.4882
v 5.8547	-0.6195	1.4882
v 5.8547	-0.6154	1.4880
v 5.8547	-0.6113	1.4871
v 5.8547	-0.6074	1.4858
v 5.8547	-0.6037	1.4840
v 5.8547	-0.6003	1.4817
v 5.8547	-0.5971	1.4790
v 5.8547	-0.5944	1.4759
v 5.8547	-0.5921	1.4724
v 5.8547	-0.5903	1.4687
v 5.8547	-0.5890	1.4648
v 5.8547	-0.5882	1.4607
v 5.8547	-0.5879	1.4566
v 5.8547	-0.5879	1.3670
v 5.8547	-0.5882	1.3629
v 5.8547	-0.5890	1.3589
v 5.8547	-0.5903	1.3549
v 5.8547	-0.5921	1.3512
v 5.8547	-0.5944	1.3478
v 5.8547	-0.5971	1.3447
v 5.8547	-0.6003	1.3420
v 5.8547	-0.6037	1.3397
v 5.8547	-0.6154	1.3357
v 5.8547	-0.6195	1.3354
v 5.8547	-0.7261	1.3354
v 5.8547	-0.7303	1.3357
v 5.9383	-0.7952	1.3365
v 5.9383	-0.7913	1.3378
v 5.9383	-0.7876	1.3397
v 5.9383	-0.7842	1.3420
v 5.9383	-0.7811	1.3447
v 5.9383	-0.7783	1.3478
v 5.9383	-0.7760	1.3512
v 5.9383	-0.7742	1.3549
v 5.9383	-0.7729	1.3589
v 5.9383	-0.7721	1.3629
v 5.9383	-0.7718	1.3670
v 5.9383	-0.7718	1.4566
v 5.9383	-0.7721	1.4607
v 5.9383	-0.7729	1.4648
v 5.9383	-0.7742	1.4687
v 5.9383	-0.7760	1.4724
v 5.9383	-0.7783	1.4759
v 5.9383	-0.7811	1.4790
v 5.9383	-0.7842	1.4817
v 5.9383	-0.7876	1.4840
v 5.9383	-0.7913	1.4858
v 5.9383	-0.7952	1.4871
v 5.9383	-0.7993	1.4880
v 5.9383	-0.8034	1.4882
v 5.9383	-0.9100	1.4882
v 5.9383	-0.9142	1.4880
v 5.9383	-0.9182	1.4871
v 5.9383	-0.9221	1.4858
v 5.9383	-0.9258	1.4840
v 5.9383	-0.9293	1.4817
v 5.9383	-0.9324	1.4790
v 5.9383	-0.9351	1.4759
v 5.9383	-0.9374	1.4724
v 5.9383	-0.9392	1.4687
v 5.9383	-0.9406	1.4648
v 5.9383	-0.9414	1.4607
v 5.9383	-0.9417	1.4566
v 5.9383	-0.9417	1.3670
v 5.9383	-0.9414	1.3629
v 5.9383	-0.9406	1.3589
v 5.9383	-0.9392	1.3549
v 5.9383	-0.9374	1.3512
v 5.9383	-0.9351	1.3478
v 5.9383	-0.9324	1.3447
v 5.9383	-0.9293	1.3420
v 5.9383	-0.9258	1.3397
v 5.9383	-0.9221	1.3378
v 5.9383	-0.9182	1.3365
v 5.9383	-0.9142	1.3357
v 5.9383	-0.9100	1.3354
v 5.9383	-0.8034	1.3354
v 5.9383	-0.7993	1.3357
v 5.8547	-0.7952	1.3365
v 5.8547	-0.7913	1.3378
v 5.8547	-0.9182	1.3365
v 5.8547	-0.9221	1.3378
v 5.8547	-0.9258	1.3397
v 5.8547	-0.9293	1.3420
v 5.8547	-0.9324	1.3447
v 5.8547	-0.9351	1.3478
v 5.8547	-0.9374	1.3512
v 5.8547	-0.9392	1.3549
v 5.8547	-0.9406	1.3589
v 5.8547	-0.9414	1.3629
v 5.8547	-0.9417	1.3670
v 5.8547	-0.9417	1.4566
v 5.8547	-0.9414	1.4607
v 5.8547	-0.9406	1.4648
v 5.8547	-0.9392	1.4687
v 5.8547	-0.9374	1.4724
v 5.8547	-0.9351	1.4759
v 5.8547	-0.9324	1.4790
v 5.8547	-0.9293	1.4817
v 5.8547	-0.9258	1.4840
v 5.8547	-0.9221	1.4858
v 5.8547	-0.9182	1.4871
v 5.8547	-0.9142	1.4880
v 5.8547	-0.9100	1.4882
v 5.8547	-0.8034	1.4882
v 5.8547	-0.7993	1.4880
v 5.8547	-0.7952	1.4871
v 5.8547	-0.7913	1.4858
v 5.8547	-0.7876	1.4840
v 5.8547	-0.7842	1.4817
v 5.8547	-0.7811	1.4790
v 5.8547	-0.7783	1.4759
v 5.8547	-0.7760	1.4724
v 5.8547	-0.7742	1.4687
v 5.8547	-0.7729	1.4648
v 5.8547	-0.7721	1.4607
v 5.8547	-0.7718	1.4566
v 5.8547	-0.7718	1.3670
v 5.8547	-0.7721	1.3629
v 5.8547	-0.7729	1.3589
v 5.8547	-0.7742	1.3549
v 5.8547	-0.7760	1.3512
v 5.8547	-0.7783	1.3478
v 5.8547	-0.7811	1.3447
v 5.8547	-0.7842	1.3420
v 5.8547	-0.7876	1.3397
v 5.8547	-0.7993	1.3357
v 5.8547	-0.8034	1.3354
v 5.8547	-0.9100	1.3354
v 5.8547	-0.9142	1.3357
v -0.1453	1.3326	1.1576
v -0.2705	1.1103	1.1290
v -0.5207	1.1103	1.0718
v -0.6459	1.3326	1.0431
v -0.5207	1.5549	1.0718
v -0.2705	1.5549	1.1290
v -0.1529	1.3326	1.1905
v -0.2780	1.1103	1.1619
v -0.2478	1.0699	1.1342
v -0.0999	1.3326	1.1680
v -0.1889	1.3326	1.5569
v -0.3367	1.0699	1.5231
v -0.2478	1.5953	1.1342
v -0.3367	1.5953	1.5231
v -0.5434	1.5953	1.0666
v -0.6324	1.5953	1.4555
v -0.5283	1.5549	1.1047
v -0.2780	1.5549	1.1619
v -0.6534	1.3326	1.0760
v -0.9615	1.5549	2.9989
v -1.0866	1.3326	2.9703
v -0.7112	1.5549	3.0562
v -0.6663	1.4189	3.0664
v -1.0129	1.4189	2.9872
v -1.0129	1.2396	2.9872
v -0.9615	1.1103	2.9989
v -0.6663	1.2396	3.0664
v -0.8681	1.2396	3.0595
v -0.7719	1.2396	3.1287
v -0.7366	1.2396	3.3735
v -0.7836	1.2396	3.2466
v -0.8916	1.2396	3.2953
v -1.0831	1.2396	3.2942
v -0.9879	1.2396	3.2262
v -0.9761	1.2396	3.1083
v -1.0831	1.4189	3.2942
v -0.7366	1.4189	3.3735
v -0.5861	1.3326	3.0848
v -0.7112	1.1103	3.0562
v -0.5283	1.1103	1.1047
v -0.5434	1.0699	1.0666
v -0.6324	1.0699	1.4555
v -0.7802	1.3326	1.4217
v -0.6913	1.3326	1.0328
v -0.8916	0.0026	3.2953
v -0.9879	0.0026	3.2262
v -0.9761	0.0026	3.1083
v -0.8681	0.0026	3.0595
v -0.7719	0.0026	3.1287
v -0.7836	0.0026	3.2466
v -0.8916	1.4565	3.2953
v -0.9879	1.4565	3.2262
v -0.7836	1.4565	3.2466
v -0.7719	1.4565	3.1287
v -0.8681	1.4565	3.0595
v -0.9761	1.4565	3.1083
v -0.5207	-1.1037	1.0718
v -0.2705	-1.1037	1.1290
v -0.1453	-1.3261	1.1576
v -0.2705	-1.5484	1.1290
v -0.5207	-1.5484	1.0718
v -0.6459	-1.3261	1.0431
v -0.5283	-1.1037	1.1047
v -0.2780	-1.1037	1.1619
v -0.6534	-1.3261	1.0760
v -1.0866	-1.3261	2.9703
v -0.9615	-1.1037	2.9989
v -0.5283	-1.5484	1.1047
v -0.9615	-1.5484	2.9989
v -0.2780	-1.5484	1.1619
v -0.7112	-1.5484	3.0562
v -0.2478	-1.5887	1.1342
v -0.5434	-1.5887	1.0666
v -0.6913	-1.3261	1.0328
v -0.6324	-1.5887	1.4555
v -0.7802	-1.3261	1.4217
v -0.3367	-1.5887	1.5231
v -0.1889	-1.3261	1.5569
v -0.3367	-1.0634	1.5231
v -0.6324	-1.0634	1.4555
v -0.0999	-1.3261	1.1680
v -0.1529	-1.3261	1.1905
v -0.2478	-1.0634	1.1342
v -0.5434	-1.0634	1.0666
v -0.7112	-1.1037	3.0562
v -0.5861	-1.3261	3.0848
v -0.6663	-1.2331	3.0664
v -1.0129	-1.2331	2.9872
v -1.0129	-1.4124	2.9872
v -0.6663	-1.4124	3.0664
v -0.7366	-1.2331	3.3735
v -0.7366	-1.4124	3.3735
v -0.7719	-1.2331	3.1287
v -0.8681	-1.2331	3.0595
v -0.9761	-1.2331	3.1083
v -1.0831	-1.2331	3.2942
v -1.0831	-1.4124	3.2942
v -0.8916	-1.2331	3.2953
v -0.7836	-1.2331	3.2466
v -0.9879	-1.2331	3.2262
v -0.9761	0.0039	3.1083
v -0.9879	0.0039	3.2262
v -0.8916	0.0039	3.2953
v -0.7836	0.0039	3.2466
v -0.7719	0.0039	3.1287
v -0.8681	0.0039	3.0595
v -0.9761	-1.4499	3.1083
v -0.9879	-1.4499	3.2262
v -0.7719	-1.4499	3.1287
v -0.7836	-1.4499	3.2466
v -0.8916	-1.4499	3.2953
v -0.8681	-1.4499	3.0595
v -0.6606	1.3493	3.0741
v -0.7483	1.5052	3.0540
v -0.9239	1.5052	3.0139
v -1.0116	1.3493	2.9938
v -0.9239	1.1933	3.0139
v -0.7483	1.1933	3.0540
v -0.2137	1.3493	1.1202
v -0.3014	1.5052	1.1001
v -0.5293	1.4122	1.0480
v -0.4770	1.5052	1.0600
v -0.3014	1.1933	1.1001
v -0.4770	1.1933	1.0600
v -0.5293	1.2863	1.0480
v -0.2513	1.2863	1.1116
v -0.2513	1.4122	1.1116
v -0.5648	1.3493	1.0399
v -0.2810	1.2863	0.9629
v -0.3915	1.2863	0.9519
v -0.4372	1.2863	0.8507
v -0.4502	1.2863	0.7740
v -0.4502	1.4122	0.7740
v -0.1722	1.4122	0.8376
v -0.2141	1.4122	0.7013
v -0.3532	1.4122	0.6695
v -0.1722	1.2863	0.8376
v -0.2141	1.2863	0.7013
v -0.3532	1.2863	0.6695
v -0.3724	1.2863	0.7606
v -0.2619	1.2863	0.7716
v -0.2163	1.2863	0.8728
v -0.3915	0.0053	0.9519
v -0.4372	0.0053	0.8507
v -0.3724	0.0053	0.7606
v -0.2619	0.0053	0.7716
v -0.2163	0.0053	0.8728
v -0.2810	0.0053	0.9629
v -0.3915	1.4266	0.9519
v -0.4372	1.4266	0.8507
v -0.2810	1.4266	0.9629
v -0.2163	1.4266	0.8728
v -0.2619	1.4266	0.7716
v -0.3724	1.4266	0.7606
v -0.9239	-1.4897	3.0139
v -0.7483	-1.4897	3.0540
v -0.6606	-1.3337	3.0741
v -0.7483	-1.1778	3.0540
v -0.9239	-1.1778	3.0139
v -1.0116	-1.3337	2.9938
v -0.4770	-1.4897	1.0600
v -0.3014	-1.4897	1.1001
v -0.5293	-1.3967	1.0480
v -0.2513	-1.3967	1.1116
v -0.2513	-1.2708	1.1116
v -0.5293	-1.2708	1.0480
v -0.4770	-1.1778	1.0600
v -0.3014	-1.1778	1.1001
v -0.2137	-1.3337	1.1202
v -0.2141	-1.3967	0.7013
v -0.1722	-1.3967	0.8376
v -0.4502	-1.3967	0.7740
v -0.3532	-1.3967	0.6695
v -0.2141	-1.2708	0.7013
v -0.1722	-1.2708	0.8376
v -0.3532	-1.2708	0.6695
v -0.4502	-1.2708	0.7740
v -0.3724	-1.2708	0.7606
v -0.4372	-1.2708	0.8507
v -0.5648	-1.3337	1.0399
v -0.2810	-1.2708	0.9629
v -0.2163	-1.2708	0.8728
v -0.2619	-1.2708	0.7716
v -0.3915	-1.2708	0.9519
v -0.4372	0.0102	0.8507
v -0.3915	0.0102	0.9519
v -0.2810	0.0102	0.9629
v -0.2163	0.0102	0.8728
v -0.2619	0.0102	0.7716
v -0.3724	0.0102	0.7606
v -0.4372	-1.4110	0.8507
v -0.3915	-1.4110	0.9519
v -0.2619	-1.4110	0.7716
v -0.2163	-1.4110	0.8728
v -0.2810	-1.4110	0.9629
v -0.3724	-1.4110	0.7606
v -3.5948	-1.1151	3.0307
v -3.6456	-1.1151	3.0793
v -3.6775	-1.1151	3.1359
v -3.6882	-1.1151	3.1965
v -3.6828	-1.1151	3.2256
v -3.6811	-1.1151	3.2361
v -3.6797	-1.1151	3.2466
v -3.6786	-1.1151	3.2571
v -3.6780	-1.1151	3.2677
v -3.6776	-1.1151	3.2783
v -3.6777	-1.1151	3.2888
v -3.6830	-1.1151	3.5403
v -2.7672	-1.1151	3.3822
v -3.0135	-1.1151	3.1709
v -3.0275	-1.1151	3.1583
v -3.0406	-1.1151	3.1452
v -3.0467	-1.1151	3.1385
v -3.0584	-1.1151	3.1246
v -3.0690	-1.1151	3.1104
v -3.0786	-1.1151	3.0958
v -3.0894	-1.1151	3.0773
v -3.1406	-1.1151	3.0290
v -3.2073	-1.1151	2.9920
v -3.2848	-1.1151	2.9689
v -3.3679	-1.1151	2.9613
v -3.4510	-1.1151	2.9695
v -3.5284	-1.1151	2.9932
v -3.5948	-1.2651	3.0307
v -3.6456	-1.2651	3.0793
v -3.6882	-1.2651	3.1965
v -3.6775	-1.2651	3.1359
v -3.5284	-1.2651	2.9932
v -3.4510	-1.2651	2.9695
v -3.3679	-1.2651	2.9613
v -3.2848	-1.2651	2.9689
v -3.2073	-1.2651	2.9920
v -3.1406	-1.2651	3.0290
v -3.0894	-1.2651	3.0773
v -3.0786	-1.2651	3.0958
v -3.0690	-1.2651	3.1104
v -3.0584	-1.2651	3.1246
v -3.0467	-1.2651	3.1385
v -3.0406	-1.2651	3.1452
v -3.0275	-1.2651	3.1583
v -3.0135	-1.2651	3.1709
v -2.7672	-1.2651	3.3822
v -2.7667	-1.2651	3.3838
v -2.6762	-1.2651	3.6648
v -3.5920	-1.2651	3.8229
v -3.6824	-1.2651	3.5420
v -3.6830	-1.2651	3.5403
v -3.6777	-1.2651	3.2888
v -3.6776	-1.2651	3.2783
v -3.6780	-1.2651	3.2677
v -3.6786	-1.2651	3.2571
v -3.6797	-1.2651	3.2466
v -3.6811	-1.2651	3.2361
v -3.6828	-1.2651	3.2256
v -3.6882	1.1199	3.1965
v -3.6775	1.1199	3.1359
v -3.6456	1.1199	3.0793
v -3.5948	1.1199	3.0307
v -3.5284	1.1199	2.9932
v -3.4510	1.1199	2.9695
v -3.3679	1.1199	2.9613
v -3.2848	1.1199	2.9689
v -3.2073	1.1199	2.9920
v -3.1406	1.1199	3.0290
v -3.0894	1.1199	3.0773
v -3.0776	1.1199	3.0975
v -3.0685	1.1199	3.1115
v -3.0583	1.1199	3.1250
v -3.0472	1.1199	3.1382
v -3.0413	1.1199	3.1447
v -3.0289	1.1199	3.1572
v -3.0155	1.1199	3.1692
v -2.7672	1.1199	3.3822
v -3.6830	1.1199	3.5403
v -3.6777	1.1199	3.2896
v -3.6777	1.1199	3.2788
v -3.6780	1.1199	3.2680
v -3.6787	1.1199	3.2571
v -3.6797	1.1199	3.2463
v -3.6812	1.1199	3.2356
v -3.6830	1.1199	3.2248
v -3.6882	1.2699	3.1965
v -3.6775	1.2699	3.1359
v -3.6830	1.2699	3.2248
v -3.6812	1.2699	3.2356
v -3.6797	1.2699	3.2463
v -3.6787	1.2699	3.2571
v -3.6780	1.2699	3.2680
v -3.6777	1.2699	3.2788
v -3.6777	1.2699	3.2896
v -3.6830	1.2699	3.5403
v -3.5948	1.2699	3.0307
v -3.6456	1.2699	3.0793
v -3.6824	1.2699	3.5420
v -3.5920	1.2699	3.8229
v -2.6762	1.2699	3.6648
v -2.7672	1.2699	3.3822
v -3.0155	1.2699	3.1692
v -3.0289	1.2699	3.1572
v -3.0413	1.2699	3.1447
v -3.0472	1.2699	3.1382
v -3.0583	1.2699	3.1250
v -3.0685	1.2699	3.1115
v -3.0776	1.2699	3.0975
v -3.0894	1.2699	3.0773
v -3.1406	1.2699	3.0290
v -3.2073	1.2699	2.9920
v -3.2848	1.2699	2.9689
v -3.3679	1.2699	2.9613
v -3.4510	1.2699	2.9695
v -3.5284	1.2699	2.9932
v -3.5948	0.7599	3.0307
v -3.6456	0.7599	3.0793
v -3.6775	0.7599	3.1359
v -3.6882	0.7599	3.1965
v -3.6830	0.7599	3.2248
v -3.6812	0.7599	3.2356
v -3.6797	0.7599	3.2463
v -3.6787	0.7599	3.2571
v -3.6780	0.7599	3.2680
v -3.6777	0.7599	3.2788
v -3.6777	0.7599	3.2896
v -3.6830	0.7599	3.5403
v -2.7672	0.7599	3.3822
v -3.0155	0.7599	3.1692
v -3.0289	0.7599	3.1572
v -3.0413	0.7599	3.1447
v -3.0472	0.7599	3.1382
v -3.0583	0.7599	3.1250
v -3.0685	0.7599	3.1115
v -3.0776	0.7599	3.0975
v -3.0894	0.7599	3.0773
v -3.1406	0.7599	3.0290
v -3.2073	0.7599	2.9920
v -3.2848	0.7599	2.9689
v -3.3679	0.7599	2.9613
v -3.4510	0.7599	2.9695
v -3.5284	0.7599	2.9932
v -3.5948	0.6099	3.0307
v -3.6456	0.6099	3.0793
v -3.6882	0.6099	3.1965
v -3.6775	0.6099	3.1359
v -3.5284	0.6099	2.9932
v -3.4510	0.6099	2.9695
v -3.3679	0.6099	2.9613
v -3.2848	0.6099	2.9689
v -3.2073	0.6099	2.9920
v -3.1406	0.6099	3.0290
v -3.0894	0.6099	3.0773
v -3.0776	0.6099	3.0975
v -3.0685	0.6099	3.1115
v -3.0583	0.6099	3.1250
v -3.0472	0.6099	3.1382
v -3.0413	0.6099	3.1447
v -3.0289	0.6099	3.1572
v -3.0155	0.6099	3.1692
v -2.7672	0.6099	3.3822
v -2.7217	0.6099	3.5235
v -3.6375	0.6099	3.6816
v -3.6830	0.6099	3.5403
v -3.6777	0.6099	3.2896
v -3.6777	0.6099	3.2788
v -3.6780	0.6099	3.2680
v -3.6787	0.6099	3.2571
v -3.6797	0.6099	3.2463
v -3.6812	0.6099	3.2356
v -3.6830	0.6099	3.2248
v -3.6375	0.7599	3.6816
v -2.7217	0.7599	3.5235
v -3.6882	-0.7551	3.1965
v -3.6775	-0.7551	3.1359
v -3.6456	-0.7551	3.0793
v -3.5948	-0.7551	3.0307
v -3.5284	-0.7551	2.9932
v -3.4510	-0.7551	2.9695
v -3.3679	-0.7551	2.9613
v -3.2848	-0.7551	2.9689
v -3.2073	-0.7551	2.9920
v -3.1406	-0.7551	3.0290
v -3.0894	-0.7551	3.0773
v -3.0776	-0.7551	3.0975
v -3.0685	-0.7551	3.1115
v -3.0583	-0.7551	3.1250
v -3.0472	-0.7551	3.1382
v -3.0413	-0.7551	3.1447
v -3.0289	-0.7551	3.1572
v -3.0155	-0.7551	3.1692
v -2.7672	-0.7551	3.3822
v -3.6830	-0.7551	3.5403
v -3.6777	-0.7551	3.2896
v -3.6777	-0.7551	3.2788
v -3.6780	-0.7551	3.2680
v -3.6787	-0.7551	3.2571
v -3.6797	-0.7551	3.2463
v -3.6812	-0.7551	3.2356
v -3.6830	-0.7551	3.2248
v -3.6882	-0.6051	3.1965
v -3.6775	-0.6051	3.1359
v -3.6830	-0.6051	3.2248
v -3.6812	-0.6051	3.2356
v -3.6797	-0.6051	3.2463
v -3.6787	-0.6051	3.2571
v -3.6780	-0.6051	3.2680
v -3.6777	-0.6051	3.2788
v -3.6777	-0.6051	3.2896
v -3.6830	-0.6051	3.5403
v -3.6375	-0.7551	3.6816
v -3.6375	-0.6051	3.6816
v -3.5948	-0.6051	3.0307
v -3.6456	-0.6051	3.0793
v -2.7217	-0.6051	3.5235
v -2.7672	-0.6051	3.3822
v -3.0155	-0.6051	3.1692
v -3.0289	-0.6051	3.1572
v -3.0413	-0.6051	3.1447
v -3.0472	-0.6051	3.1382
v -3.0583	-0.6051	3.1250
v -3.0685	-0.6051	3.1115
v -3.0776	-0.6051	3.0975
v -3.0894	-0.6051	3.0773
v -3.1406	-0.6051	3.0290
v -3.2073	-0.6051	2.9920
v -3.2848	-0.6051	2.9689
v -3.3679	-0.6051	2.9613
v -3.4510	-0.6051	2.9695
v -3.5284	-0.6051	2.9932
v -2.7217	-0.7551	3.5235
v -3.3284	1.2962	3.0566
v -3.4446	1.2962	3.0571
v -3.5024	1.2962	3.1580
v -3.4439	1.2962	3.2584
v -3.3276	1.2962	3.2580
v -3.2699	1.2962	3.1571
v -3.4446	0.5582	3.0571
v -3.3284	0.5582	3.0566
v -3.5024	0.5582	3.1580
v -3.3276	0.5582	3.2580
v -3.4439	0.5582	3.2584
v -3.2699	0.5582	3.1571
v -3.3284	-0.5638	3.0566
v -3.2699	-0.5638	3.1571
v -3.2699	-1.3018	3.1571
v -3.3284	-1.3018	3.0566
v -3.4446	-0.5638	3.0571
v -3.5024	-0.5638	3.1580
v -3.4439	-0.5638	3.2584
v -3.3276	-0.5638	3.2580
v -3.4446	-1.3018	3.0571
v -3.5024	-1.3018	3.1580
v -3.3276	-1.3018	3.2580
v -3.4439	-1.3018	3.2584
v 5.9641	0.9512	5.6830
v 5.8450	0.9512	5.9641
v 5.8450	-0.9463	5.9641
v 5.9641	-0.9463	5.6830
v -2.5951	3.0249	3.8376
v -2.6406	3.0249	3.6963
v -2.7600	3.0249	3.7170
v -2.7145	3.0249	3.8582
v -2.6836	1.3706	3.5626
v -2.5951	1.0899	3.8376
v -2.8031	1.3706	3.5832
v -2.7145	1.0899	3.8582
v -2.8055	1.0899	3.5757
v -2.8055	1.1837	3.5757
v -2.6861	1.0899	3.5551
v -2.1969	3.0249	3.7689
v -2.1969	1.0899	3.7689
v -2.2424	3.0249	3.6276
v -6.1584	3.2649	4.3039
v -5.3481	3.0249	4.1639
v -3.1582	3.0249	3.7857
v -3.2776	3.0249	3.8064
v -4.1934	3.0249	3.9645
v -4.3129	3.0249	3.9851
v -4.7110	3.0249	4.0539
v -4.8305	3.0249	4.0745
v -5.2287	3.0249	4.1433
v -5.7463	3.0249	4.2327
v -6.1584	3.0249	4.3039
v -5.8657	3.0249	4.2533
v -6.1579	3.0249	4.4529
v -6.1579	1.0899	4.4529
v -6.1579	0.7599	4.4529
v -6.1579	-0.7551	4.4529
v -6.1579	-1.0851	4.4529
v -6.1579	-3.0201	4.4529
v -6.1584	-3.0201	4.3039
v -6.1584	-3.2601	4.3039
v -6.1573	-3.2601	4.6020
v -6.1573	3.2649	4.6020
v -5.8202	3.0249	4.3946
v -5.8202	1.0899	4.3946
v -5.9088	1.3706	4.1196
v -5.9112	1.1837	4.1120
v -5.9112	1.0899	4.1120
v -5.7917	1.1837	4.0914
v -5.7917	1.0899	4.0914
v -5.7917	1.1993	4.0914
v -5.7893	1.3706	4.0989
v -5.7008	3.0249	4.3740
v -5.3026	3.0249	4.3052
v -5.7008	1.0899	4.3740
v -5.3026	1.0899	4.3052
v 1.5499	0.7599	3.1218
v 1.5499	1.0899	3.1218
v 1.0282	1.0899	3.2119
v 0.9087	1.0899	3.2325
v 0.5106	1.0899	3.3013
v 0.3911	1.0899	3.3219
v -0.0070	1.0899	3.3907
v -0.1265	1.0899	3.4113
v -0.5246	1.0899	3.4801
v -0.6441	1.0899	3.5007
v -1.0423	1.0899	3.5695
v -1.1617	1.0899	3.5901
v -1.5599	1.0899	3.6588
v -1.6793	1.0899	3.6795
v -2.0775	1.0899	3.7482
v -3.1127	1.0899	3.9270
v -3.2322	1.0899	3.9476
v -4.1479	1.0899	4.1058
v -4.2674	1.0899	4.1264
v -4.6656	1.0899	4.1952
v -4.7850	1.0899	4.2158
v -5.1832	1.0899	4.2846
v -5.8202	0.7599	4.3946
v -5.8202	0.7899	4.3946
v -5.7008	0.7899	4.3740
v -5.7008	0.7599	4.3740
v -5.3026	0.7599	4.3052
v -5.3026	0.7899	4.3052
v -5.1832	0.7899	4.2846
v -5.1832	0.7599	4.2846
v -4.7850	0.7599	4.2158
v -4.7850	0.7899	4.2158
v -4.6656	0.7899	4.1952
v -4.6656	0.7599	4.1952
v -4.2674	0.7599	4.1264
v -4.2674	0.7899	4.1264
v -4.1479	0.7899	4.1058
v -4.1479	0.7599	4.1058
v -3.2322	0.7599	3.9476
v -3.2322	0.7899	3.9476
v -3.1127	0.7899	3.9270
v -3.1127	0.7599	3.9270
v -2.7145	0.7599	3.8582
v -2.7145	0.7899	3.8582
v -2.5951	0.7899	3.8376
v -2.5951	0.7599	3.8376
v -2.1969	0.7599	3.7689
v -2.1969	0.7899	3.7689
v -2.0775	0.7899	3.7482
v -2.0775	0.7599	3.7482
v -1.6793	0.7599	3.6795
v -1.6793	0.7899	3.6795
v -1.5599	0.7899	3.6588
v -1.5599	0.7599	3.6588
v -1.1617	0.7599	3.5901
v -1.1617	0.7899	3.5901
v -1.0423	0.7899	3.5695
v -1.0423	0.7599	3.5695
v -0.6441	0.7599	3.5007
v -0.6441	0.7899	3.5007
v -0.5246	0.7899	3.4801
v -0.5246	0.7599	3.4801
v -0.1265	0.7599	3.4113
v -0.1265	0.7899	3.4113
v -0.0070	0.7899	3.3907
v -0.0070	0.7599	3.3907
v 0.3911	0.7599	3.3219
v 0.3911	0.7899	3.3219
v 0.5106	0.7899	3.3013
v 0.5106	0.7599	3.3013
v 0.9087	0.7599	3.2325
v 0.9087	0.7899	3.2325
v 1.0282	0.7899	3.2119
v 1.0282	0.7599	3.2119
v 1.5098	-3.0201	2.9796
v 1.5499	-3.0201	3.1218
v 1.5499	-1.0851	3.1218
v 1.5499	-0.7551	3.1218
v 1.5499	3.0249	3.1218
v 1.5098	3.0249	2.9796
v 1.5098	3.2649	2.9796
v 1.7010	3.2649	3.6579
v 1.7010	3.0249	3.6579
v 1.7010	-3.0201	3.6579
v 1.7010	-3.2601	3.6579
v 1.5098	-3.2601	2.9796
v 0.9827	-3.0201	3.0706
v 1.0282	-3.0201	3.2119
v -5.0772	-3.2601	4.1171
v 0.3507	-3.2601	3.1797
v 0.3507	-3.4851	3.1797
v -5.0772	-3.4851	4.1171
v 1.1552	-3.2601	3.3931
v 1.8401	-3.2601	4.4700
v 2.0106	-3.2601	4.7382
v 2.5249	-3.2601	5.5469
v 2.8242	-3.2601	5.5387
v 2.8411	-3.2601	5.5387
v 2.8453	-1.7413	5.5457
v 2.8453	-3.0201	5.5457
v 2.8453	-3.2601	5.5457
v 2.6920	-3.0201	5.2927
v 2.6920	-1.7907	5.2927
v 1.7010	-1.7907	3.6579
v 1.7010	-1.4152	3.6579
v 2.6920	-1.4152	5.2927
v 2.6920	-0.1858	5.2927
v 1.7010	-0.1858	3.6579
v 1.7010	0.1898	3.6579
v 2.6920	0.1898	5.2927
v 2.6920	1.4196	5.2927
v 1.7010	1.4196	3.6579
v 1.7010	1.7951	3.6579
v 2.6920	1.7951	5.2927
v 2.6920	3.0249	5.2927
v 2.8411	3.2649	5.5387
v 2.8453	3.2649	5.5457
v 2.8453	1.7462	5.5457
v 2.7782	1.7462	5.4349
v 2.7782	-0.7007	5.4349
v 2.7782	-0.9257	5.4349
v 2.7782	-1.7413	5.4349
v 2.9084	-1.7413	5.5454
v 2.9084	-3.2016	5.5454
v 2.9090	-1.7413	5.6945
v 5.3465	-1.7413	5.6448
v 5.3466	-1.7413	5.6854
v 2.9090	-3.0201	5.6945
v 2.9090	-3.2016	5.6945
v 2.1356	-3.2601	5.6974
v 2.1356	3.2649	5.6974
v 2.9090	3.2065	5.6945
v 2.9090	1.8046	5.6945
v 2.9090	1.7462	5.6945
v 2.9090	0.9890	5.6945
v 2.9090	-0.7840	5.6945
v 2.9090	-0.9842	5.6945
v 2.3891	-3.1401	5.8571
v 2.3891	3.1449	5.8571
v 5.2189	-3.2601	5.6858
v 5.1053	-3.1401	5.8470
v 5.1408	-3.1401	5.9214
v 5.8343	-1.5351	5.9893
v 5.1408	-3.0476	5.9214
v 5.7977	-1.5275	5.9895
v 5.7971	-1.5275	5.8444
v 5.1405	-3.0476	5.8468
v 5.0639	-3.0201	5.8471
v 2.7730	-3.0201	5.8557
v 5.0637	-3.0201	5.7952
v 2.7728	-3.0201	5.8038
v 5.0639	-1.8463	5.8471
v 5.0637	-1.8463	5.7952
v 2.7730	-1.8463	5.8557
v 2.7730	-1.3963	5.8557
v 2.3891	3.0249	5.8571
v 2.3891	-3.0201	5.8571
v 2.3507	-3.1401	5.8456
v 2.3507	-3.0201	5.8456
v -4.0374	-3.1401	5.8695
v -4.2851	-3.2601	5.7214
v -4.0374	-3.0201	5.8695
v 1.1251	-3.0201	3.7602
v 0.7968	-3.0201	3.6415
v -5.8452	-3.0201	4.7886
v 2.3557	-3.0201	5.7905
v 2.2989	-3.0201	5.6968
v 1.4153	-2.6169	3.6590
v 0.7325	-2.6169	3.4121
v 2.6497	-2.6169	5.6955
v 1.4153	2.6318	3.6590
v 2.6497	2.6318	5.6955
v 0.7325	2.6318	3.4121
v 1.1092	3.0249	3.7658
v 0.8004	3.0249	3.6541
v 2.2797	3.0249	5.6968
v 2.3507	3.0249	5.8456
v -4.0374	3.0249	5.8695
v -5.8281	3.0249	4.7988
v 2.3396	3.0249	5.7957
v 2.3507	3.1449	5.8456
v -4.0374	3.1449	5.8695
v 5.1053	3.1449	5.8470
v 2.7730	3.0249	5.8557
v 5.0639	3.0249	5.8471
v 5.1405	3.0525	5.8468
v 5.0639	1.8512	5.8471
v 5.7971	1.5323	5.8444
v 2.7730	1.8512	5.8557
v 2.7730	1.4012	5.8557
v 2.7730	0.2274	5.8557
v 2.7730	-0.2226	5.8557
v 2.7728	-0.2226	5.8038
v 2.7728	-1.3963	5.8038
v 5.0639	-0.2226	5.8471
v 5.0637	-0.2226	5.7952
v 5.0639	0.2274	5.8471
v 5.0639	-1.3963	5.8471
v 5.0637	-1.3963	5.7952
v 2.7724	-1.3963	5.6950
v 2.7724	-0.2226	5.6950
v 5.7977	1.5323	5.9895
v 5.8343	1.5399	5.9893
v 5.9641	-0.9463	5.6830
v 5.8450	-0.9463	5.9641
v 5.8450	0.9512	5.9641
v 5.9641	0.9512	5.6830
v 5.9641	1.5399	5.6830
v 5.9641	-1.5351	5.6830
v 5.8961	1.5399	5.6833
v 5.8332	1.5399	5.6835
v 5.1762	3.2065	5.6860
v 5.2189	3.2649	5.6858
v 2.9084	3.2065	5.5454
v 5.1756	3.2065	5.5370
v 2.9084	1.7462	5.5454
v 5.3466	1.7462	5.6854
v 5.9009	1.5287	5.6833
v 5.3466	-0.7840	5.6854
v 5.3466	0.9890	5.6854
v 5.9009	-1.5238	5.6833
v 5.3465	-0.7840	5.6448
v 2.7782	-0.7840	5.4349
v 2.8453	-0.7840	5.5457
v 2.9084	-0.7840	5.5454
v 2.7782	0.9890	5.4349
v 2.8453	0.9890	5.5457
v 2.9084	0.9890	5.5454
v 5.3465	0.9890	5.6448
v 2.9084	-0.9842	5.5454
v 5.8961	-1.5351	5.6833
v 5.1762	-3.2016	5.6860
v 5.1756	-3.2016	5.5370
v 5.9004	-1.5238	5.5342
v 5.9004	1.5287	5.5342
v 5.9635	1.5399	5.5340
v 5.9635	-1.5351	5.5340
v 5.2184	3.2649	5.5368
v 5.3465	1.7462	5.6448
v 2.8453	-0.1101	5.5457
v 4.6993	3.2649	5.5387
v 2.8242	3.2649	5.5387
v 3.0245	3.5542	5.5387
v 4.8494	3.5542	5.5387
v 5.0497	3.2649	5.5387
v 2.8242	3.2649	5.5458
v 2.8242	3.2649	5.6822
v 3.0245	3.5542	5.5775
v 5.0497	3.2649	5.6822
v 4.8494	3.5542	5.5775
v -4.2851	3.2649	5.7214
v 0.4801	3.2649	5.5545
v 2.5249	3.2649	5.5469
v 2.0106	3.2649	4.7382
v 1.8401	3.2649	4.4700
v 1.1552	3.2649	3.3931
v 0.3507	3.2649	3.1797
v -5.0772	3.2649	4.1171
v -5.0772	3.4524	4.1171
v 0.3507	3.4524	3.1797
v -5.0212	3.2649	4.2912
v -5.0608	3.4345	4.1681
v 0.4067	3.2649	3.3538
v 0.3671	3.4345	3.2307
v -0.6995	3.2649	3.6997
v -1.0704	3.2649	3.7611
v -4.0183	3.2649	4.2484
v -5.3422	3.2649	4.7657
v -4.0174	3.2649	4.4919
v -2.8970	3.2649	4.7566
v -2.4880	3.2649	4.7550
v -0.6137	3.2649	4.4792
v -0.4432	3.2649	4.7474
v -0.4432	3.1749	4.7474
v -2.4880	3.1749	4.7550
v 0.0711	3.1749	5.5561
v 0.0711	3.2649	5.5561
v -1.9737	3.1749	5.5637
v -1.9737	3.2649	5.5637
v -2.3827	3.2649	5.5652
v -2.8970	3.1749	4.7566
v -2.3827	3.1749	5.5652
v -5.3422	3.1749	4.7657
v -3.9949	3.1749	5.5713
v -3.9949	3.2649	5.5713
v -0.0342	3.2649	4.7459
v -0.2048	3.2649	4.4777
v 2.0106	3.1749	4.7382
v -0.0342	3.1749	4.7459
v 2.5249	3.1749	5.5469
v 0.4801	3.1749	5.5545
v 0.0444	3.1749	4.8695
v 2.0893	3.1749	4.8619
v 2.1679	3.1749	4.9856
v 0.1231	3.1749	4.9932
v -0.2048	3.1749	4.4777
v 1.8401	3.1749	4.4700
v -0.6995	3.1749	3.6997
v -1.0704	3.1749	3.7611
v -0.6523	3.1749	4.4185
v -0.6137	3.2514	4.4792
v -4.0183	3.1749	4.2484
v -4.0177	3.1749	4.4311
v -4.3085	3.2649	4.2963
v -4.3085	3.1749	4.2963
v -4.0174	3.2514	4.4919
v -4.0174	3.1749	4.4919
v -0.6137	3.1749	4.4792
v 1.1552	3.1749	3.3931
v -4.5328	3.2649	5.5733
v -6.1573	2.6318	4.6020
v -6.1573	-2.6169	4.6020
v -4.5328	-3.2601	5.5733
v -5.3422	-3.2601	4.7657
v -3.9949	-3.2601	5.5713
v -2.3827	-3.2601	5.5652
v -1.9737	-3.2601	5.5637
v 0.0711	-3.2601	5.5561
v 0.4801	-3.2601	5.5545
v 2.8242	-3.2601	5.6822
v 5.0497	-3.2601	5.6822
v 5.2184	-3.2601	5.5368
v 5.0497	-3.2601	5.5387
v 4.6993	-3.2601	5.5387
v 2.9084	-3.2601	5.5454
v 5.2188	3.2649	5.6661
v 5.9640	1.5399	5.6633
v 5.1408	3.1449	5.9214
v 5.1408	3.0525	5.9214
v 5.9640	-1.5351	5.6633
v 5.2188	-3.2601	5.6661
v 5.8332	-1.5351	5.6835
v 3.0245	-3.5494	5.5387
v 3.0245	-3.5494	5.5775
v 4.8494	-3.5494	5.5775
v 4.8494	-3.5494	5.5387
v 0.4801	-3.1701	5.5545
v 2.5249	-3.1701	5.5469
v -0.0342	-3.2601	4.7459
v -0.0342	-3.1701	4.7459
v 2.0106	-3.1701	4.7382
v 2.0893	-3.1701	4.8619
v 0.0444	-3.1701	4.8695
v 2.1679	-3.1701	4.9856
v 0.1231	-3.1701	4.9932
v -0.2048	-3.2601	4.4777
v -0.4432	-3.2601	4.7474
v 0.0711	-3.1701	5.5561
v -0.4432	-3.1701	4.7474
v -1.9737	-3.1701	5.5637
v -2.4880	-3.1701	4.7550
v -2.4880	-3.2601	4.7550
v -0.6137	-3.2601	4.4792
v -4.0174	-3.2601	4.4919
v -2.8970	-3.2601	4.7566
v -2.3827	-3.1701	5.5652
v -2.8970	-3.1701	4.7566
v -3.9949	-3.1701	5.5713
v -5.3422	-3.1701	4.7657
v -4.0183	-3.2601	4.2484
v -5.0212	-3.2601	4.2912
v -5.0612	-3.4658	4.1668
v 0.3667	-3.4658	3.2294
v 0.4067	-3.2601	3.3538
v -0.6995	-3.2601	3.6997
v -1.0704	-3.2601	3.7611
v -0.6995	-3.1701	3.6997
v -0.2048	-3.1701	4.4777
v 1.8401	-3.1701	4.4700
v 1.1552	-3.1701	3.3931
v -0.6137	-3.2419	4.4792
v -0.6499	-3.1701	4.4223
v -1.0704	-3.1701	3.7611
v -4.0174	-3.2419	4.4919
v -4.0176	-3.1701	4.4349
v -4.0183	-3.1701	4.2484
v -4.0174	-3.1701	4.4919
v -0.6137	-3.1701	4.4792
v 0.9827	3.0249	3.0706
v 0.8633	3.0249	3.0912
v 0.4651	3.0249	3.1600
v 0.3456	3.0249	3.1806
v -0.0525	3.0249	3.2494
v -0.1720	3.0249	3.2700
v -0.5701	3.0249	3.3388
v -0.6896	3.0249	3.3594
v -1.0877	3.0249	3.4282
v -1.2072	3.0249	3.4488
v -1.6054	3.0249	3.5176
v -1.7248	3.0249	3.5382
v -2.1230	3.0249	3.6069
v -2.2855	1.3706	3.4938
v -2.1660	1.3706	3.4732
v -2.2879	1.1837	3.4863
v -2.2879	1.0899	3.4863
v -2.1685	1.1837	3.4657
v -2.1685	1.0899	3.4657
v -2.5177	1.0899	3.2931
v -2.8446	1.0899	3.3495
v -3.8630	1.0899	3.5254
v -5.9302	1.0899	4.1151
v -5.9302	1.0899	4.1153
v -5.9360	1.0899	4.1166
v -5.9415	1.0899	4.1186
v -5.9466	1.0899	4.1210
v -5.9511	1.0899	4.1240
v -5.9550	1.0899	4.1274
v -5.9582	1.0899	4.1312
v -6.1435	1.0899	4.3872
v -6.1479	1.0899	4.3939
v -6.1515	1.0899	4.4008
v -6.1543	1.0899	4.4080
v -6.1564	1.0899	4.4153
v -6.1576	1.0899	4.4227
v -6.1580	1.0899	4.4301
v -5.3936	1.0899	4.0226
v -5.2741	1.0899	4.0020
v -4.8760	1.0899	3.9332
v -4.7565	1.0899	3.9126
v -4.3584	1.0899	3.8439
v -4.2389	1.0899	3.8232
v -3.3231	1.0899	3.6651
v -3.2037	1.0899	3.6444
v -1.7703	1.0899	3.3969
v -1.6508	1.0899	3.3763
v -1.2527	1.0899	3.3075
v -1.1332	1.0899	3.2869
v -0.7351	1.0899	3.2181
v -0.6156	1.0899	3.1975
v -0.2175	1.0899	3.1287
v -0.0980	1.0899	3.1081
v 0.3002	1.0899	3.0393
v 0.4196	1.0899	3.0187
v 0.8178	1.0899	2.9499
v -0.6768	1.0899	3.1037
v -0.8200	1.0899	2.9595
v -0.9900	1.0899	2.9744
v -1.1426	1.0899	3.1516
v -2.5177	0.7599	3.2931
v -1.1426	0.7599	3.1516
v -0.9900	0.7599	2.9744
v -0.8200	0.7599	2.9595
v -0.6768	0.7599	3.1037
v 0.8178	0.7599	2.9499
v 0.9372	1.0899	2.9293
v 0.9372	0.7599	2.9293
v 0.8178	1.1837	2.9499
v 0.9372	1.1837	2.9293
v 0.9428	1.0899	2.7441
v 0.9428	0.7599	2.7441
v 1.5060	0.7599	2.7612
v 1.5060	1.0899	2.7612
v 0.9827	0.7599	3.0706
v 0.8633	0.7599	3.0912
v 0.4651	0.7599	3.1600
v 0.3456	0.7599	3.1806
v -0.0525	0.7599	3.2494
v -0.1720	0.7599	3.2700
v -0.5701	0.7599	3.3388
v -0.6896	0.7599	3.3594
v -1.0877	0.7599	3.4282
v -1.2072	0.7599	3.4488
v -1.6054	0.7599	3.5176
v -1.7248	0.7599	3.5382
v -2.1230	0.7599	3.6069
v -2.2424	0.7599	3.6276
v -2.6406	0.7599	3.6963
v -2.7600	0.7599	3.7170
v -3.1582	0.7599	3.7857
v -3.2776	0.7599	3.8064
v -4.1934	0.7599	3.9645
v -4.3129	0.7599	3.9851
v -4.7110	0.7599	4.0539
v -4.8305	0.7599	4.0745
v -5.2287	0.7599	4.1433
v -5.3481	0.7599	4.1639
v -5.7463	0.7599	4.2327
v -5.8657	0.7599	4.2533
v -6.1580	0.7599	4.4301
v -6.1576	0.7599	4.4227
v -6.1564	0.7599	4.4153
v -6.1543	0.7599	4.4080
v -6.1515	0.7599	4.4008
v -6.1479	0.7599	4.3939
v -6.1435	0.7599	4.3872
v -5.9582	0.7599	4.1312
v -5.9550	0.7599	4.1274
v -5.9511	0.7599	4.1240
v -5.9466	0.7599	4.1210
v -5.9415	0.7599	4.1186
v -5.9360	0.7599	4.1166
v -5.9302	0.7599	4.1153
v -5.9302	0.7599	4.1151
v -3.8630	0.7599	3.5254
v 1.5004	0.7599	2.9463
v 0.8633	-0.7551	3.0912
v 0.9827	-0.7551	3.0706
v 0.9087	-0.7551	3.2325
v -2.8119	-0.7551	3.3439
v -3.3622	-0.7551	3.4389
v -3.2776	-0.7551	3.8064
v -3.1582	-0.7551	3.7857
v -3.1127	-0.7551	3.9270
v -2.7145	-0.7551	3.8582
v -2.7600	-0.7551	3.7170
v -2.6406	-0.7551	3.6963
v -2.5951	-0.7551	3.8376
v -2.1969	-0.7551	3.7689
v -2.2424	-0.7551	3.6276
v -2.1230	-0.7551	3.6069
v -2.0775	-0.7551	3.7482
v -1.6793	-0.7551	3.6795
v -1.7248	-0.7551	3.5382
v -1.6054	-0.7551	3.5176
v -1.5599	-0.7551	3.6588
v -1.1617	-0.7551	3.5901
v -1.2072	-0.7551	3.4488
v -1.0877	-0.7551	3.4282
v -1.0423	-0.7551	3.5695
v -0.6441	-0.7551	3.5007
v -0.6896	-0.7551	3.3594
v -0.5701	-0.7551	3.3388
v -0.5246	-0.7551	3.4801
v -0.1265	-0.7551	3.4113
v -0.1720	-0.7551	3.2700
v -0.0525	-0.7551	3.2494
v -0.0070	-0.7551	3.3907
v 0.3911	-0.7551	3.3219
v 0.3456	-0.7551	3.1806
v 0.4651	-0.7551	3.1600
v 0.5106	-0.7551	3.3013
v 1.0282	-0.7551	3.2119
v 1.5004	-0.7551	2.9463
v 1.5060	-0.7551	2.7612
v 0.9428	-0.7551	2.7441
v 0.9372	-0.7551	2.9293
v 0.8178	-0.7551	2.9499
v -0.6768	-0.7551	3.1037
v -0.8200	-0.7551	2.9595
v -0.9900	-0.7551	2.9744
v -1.1426	-0.7551	3.1516
v -2.5177	-0.7551	3.2931
v -3.8630	-0.7551	3.5254
v -5.7463	-0.7551	4.2327
v -5.7008	-0.7551	4.3740
v -5.3026	-0.7551	4.3052
v -5.3481	-0.7551	4.1639
v -5.2287	-0.7551	4.1433
v -5.1832	-0.7551	4.2846
v -4.7850	-0.7551	4.2158
v -4.8305	-0.7551	4.0745
v -4.7110	-0.7551	4.0539
v -4.6656	-0.7551	4.1952
v -4.2674	-0.7551	4.1264
v -4.3129	-0.7551	3.9851
v -4.1934	-0.7551	3.9645
v -5.9302	-0.7551	4.1151
v -5.8657	-0.7551	4.2533
v -5.7463	0.7899	4.2327
v -5.8657	0.7899	4.2533
v -5.8202	-0.7551	4.3946
v -6.1576	-0.7551	4.4227
v -6.1580	-0.7551	4.4301
v -5.9302	-0.7551	4.1153
v -5.9360	-0.7551	4.1166
v -5.9415	-0.7551	4.1186
v -5.9466	-0.7551	4.1210
v -5.9511	-0.7551	4.1240
v -5.9550	-0.7551	4.1274
v -5.9582	-0.7551	4.1312
v -6.1435	-0.7551	4.3872
v -6.1479	-0.7551	4.3939
v -6.1515	-0.7551	4.4008
v -6.1543	-0.7551	4.4080
v -6.1564	-0.7551	4.4153
v -6.1576	-1.0851	4.4227
v -0.6156	-1.0851	3.1975
v -0.7351	-1.0851	3.2181
v -0.6441	-1.0851	3.5007
v -1.0423	-1.0851	3.5695
v -1.1332	-1.0851	3.2869
v -1.2527	-1.0851	3.3075
v -1.1617	-1.0851	3.5901
v -1.5599	-1.0851	3.6588
v -1.6508	-1.0851	3.3763
v -1.7703	-1.0851	3.3969
v -1.6793	-1.0851	3.6795
v -2.0775	-1.0851	3.7482
v -2.1685	-1.0851	3.4657
v -2.2879	-1.0851	3.4863
v -2.1969	-1.0851	3.7689
v -2.5951	-1.0851	3.8376
v -2.6861	-1.0851	3.5551
v -2.8055	-1.0851	3.5757
v -2.7145	-1.0851	3.8582
v -3.1127	-1.0851	3.9270
v -3.2037	-1.0851	3.6444
v -3.3231	-1.0851	3.6651
v -3.2322	-1.0851	3.9476
v -3.7498	-1.0851	4.0370
v -4.1479	-1.0851	4.1058
v -4.2389	-1.0851	3.8232
v -4.3584	-1.0851	3.8439
v -4.2674	-1.0851	4.1264
v -4.6656	-1.0851	4.1952
v -4.7565	-1.0851	3.9126
v -4.8760	-1.0851	3.9332
v -4.7850	-1.0851	4.2158
v -5.1832	-1.0851	4.2846
v -5.2741	-1.0851	4.0020
v -5.3936	-1.0851	4.0226
v -5.3026	-1.0851	4.3052
v -5.7008	-1.0851	4.3740
v -5.7917	-1.0851	4.0914
v -5.9112	-1.0851	4.1120
v -5.8202	-1.0851	4.3946
v -6.1580	-1.0851	4.4301
v -6.1564	-1.0851	4.4153
v -6.1543	-1.0851	4.4080
v -6.1515	-1.0851	4.4008
v -6.1479	-1.0851	4.3939
v -6.1435	-1.0851	4.3872
v -5.9582	-1.0851	4.1312
v -5.9550	-1.0851	4.1274
v -5.9511	-1.0851	4.1240
v -5.9466	-1.0851	4.1210
v -5.9415	-1.0851	4.1186
v -5.9360	-1.0851	4.1166
v -5.9302	-1.0851	4.1153
v -5.9302	-1.0851	4.1151
v -3.8630	-1.0851	3.5254
v -2.5177	-1.0851	3.2931
v -1.1426	-1.0851	3.1516
v -0.9900	-1.0851	2.9744
v -0.8200	-1.0851	2.9595
v -0.6768	-1.0851	3.1037
v 0.8178	-1.0851	2.9499
v 0.9087	-1.0851	3.2325
v 0.5106	-1.0851	3.3013
v 0.4196	-1.0851	3.0187
v 0.3002	-1.0851	3.0393
v 0.3911	-1.0851	3.3219
v -0.0070	-1.0851	3.3907
v -0.0980	-1.0851	3.1081
v -0.2175	-1.0851	3.1287
v -0.1265	-1.0851	3.4113
v -0.5246	-1.0851	3.4801
v -0.7351	-1.1788	3.2181
v -0.6156	-1.1788	3.1975
v 1.0282	-1.0851	3.2119
v 1.0282	-0.7851	3.2119
v 0.9087	-0.7851	3.2325
v 0.5106	-0.7851	3.3013
v 0.3911	-0.7851	3.3219
v -0.0070	-0.7851	3.3907
v -0.1265	-0.7851	3.4113
v -0.5246	-0.7851	3.4801
v -0.6441	-0.7851	3.5007
v -1.0423	-0.7851	3.5695
v -1.1617	-0.7851	3.5901
v -1.5599	-0.7851	3.6588
v -1.6793	-0.7851	3.6795
v -2.0775	-0.7851	3.7482
v -2.1969	-0.7851	3.7689
v -2.5951	-0.7851	3.8376
v -2.7145	-0.7851	3.8582
v -3.1127	-0.7851	3.9270
v -3.2322	-0.7851	3.9476
v -3.2322	-0.7551	3.9476
v -4.1479	-0.7551	4.1058
v -4.1479	-0.7851	4.1058
v -4.2674	-0.7851	4.1264
v -4.6656	-0.7851	4.1952
v -4.7850	-0.7851	4.2158
v -5.1832	-0.7851	4.2846
v -5.3026	-0.7851	4.3052
v -5.7008	-0.7851	4.3740
v -5.8202	-0.7851	4.3946
v 0.4196	-1.1788	3.0187
v 0.4220	-1.3658	3.0262
v 0.5106	-3.0201	3.3013
v 0.4651	-3.0201	3.1600
v 0.9087	-3.0201	3.2325
v 0.3911	-3.0201	3.3219
v 0.3026	-1.3658	3.0469
v 0.3456	-3.0201	3.1806
v -0.1720	-3.0201	3.2700
v -0.0525	-3.0201	3.2494
v -0.5701	-3.0201	3.3388
v -0.2150	-1.3658	3.1363
v -0.0956	-1.3658	3.1156
v -0.0070	-3.0201	3.3907
v -0.1265	-3.0201	3.4113
v -0.0980	-1.1788	3.1081
v -0.2175	-1.1788	3.1287
v -0.6156	1.1836	3.1975
v -0.5246	-3.0201	3.4801
v -0.6132	-1.3658	3.2050
v -0.7326	-1.3658	3.2257
v -0.6896	-3.0201	3.3594
v -0.6441	-3.0201	3.5007
v -1.0877	-3.0201	3.4282
v -0.6441	-1.7376	3.5007
v -1.0423	-3.0201	3.5695
v -1.0423	-1.1901	3.5695
v -1.1308	-1.3658	3.2944
v -1.1332	-1.1788	3.2869
v -1.2527	-1.1788	3.3075
v -1.2502	-1.3658	3.3150
v -1.2072	-3.0201	3.4488
v -1.1617	-3.0201	3.5901
v -1.7248	-3.0201	3.5382
v -1.6054	-3.0201	3.5176
v -2.1230	-3.0201	3.6069
v -1.7679	-1.3658	3.4044
v -1.6484	-1.3658	3.3838
v -1.5599	-3.0201	3.6588
v -1.6793	-3.0201	3.6795
v -1.6508	-1.1788	3.3763
v -1.7703	-1.1788	3.3969
v -2.0775	-3.0201	3.7482
v -2.1660	-1.3658	3.4732
v -2.1685	-1.1788	3.4657
v -2.2879	-1.1788	3.4863
v -2.2855	-1.3658	3.4938
v -2.2424	-3.0201	3.6276
v -2.1969	-3.0201	3.7689
v -2.6406	-3.0201	3.6963
v -2.5951	-3.0201	3.8376
v -2.6836	-1.3658	3.5626
v -2.6861	-1.1788	3.5551
v -2.8055	-1.1788	3.5757
v -2.8031	-1.3658	3.5832
v -2.7600	-3.0201	3.7170
v -4.1934	-3.0201	3.9645
v -3.1582	-3.0201	3.7857
v -5.2287	-3.0201	4.1433
v -4.8305	-3.0201	4.0745
v -4.7110	-3.0201	4.0539
v -4.3129	-3.0201	3.9851
v -3.2776	-3.0201	3.8064
v -3.3207	-1.3658	3.6726
v -3.2013	-1.3658	3.6520
v -3.1127	-3.0201	3.9270
v -3.2322	-3.0201	3.9476
v -2.7145	-3.0201	3.8582
v -3.2037	-1.1788	3.6444
v -3.3231	-1.1788	3.6651
v -4.1479	-3.0201	4.1058
v -4.2365	-1.3658	3.8308
v -4.1479	-1.1788	4.1058
v -4.2389	-1.1788	3.8232
v -4.2674	-3.0201	4.1264
v -4.3584	-1.1788	3.8439
v -4.3583	-1.1945	3.8439
v -4.3559	-1.3658	3.8514
v -4.6656	-3.0201	4.1952
v -4.7541	-1.3658	3.9202
v -4.7565	-1.1788	3.9126
v -4.8760	-1.1788	3.9332
v -4.3583	-1.1788	3.8439
v -4.8735	-1.3658	3.9408
v -4.7850	-3.0201	4.2158
v -5.1832	-3.0201	4.2846
v -5.2717	-1.3658	4.0095
v -5.2741	-1.1788	4.0020
v -5.3936	-1.1788	4.0226
v -5.3936	-1.1945	4.0227
v -5.3912	-1.3658	4.0302
v -5.3481	-3.0201	4.1639
v -5.3026	-3.0201	4.3052
v -5.7463	-3.0201	4.2327
v -5.7008	-3.0201	4.3740
v -5.7893	-1.3658	4.0989
v -5.7917	-1.1788	4.0914
v -5.9112	-1.1788	4.1120
v -5.9112	-1.1945	4.1121
v -5.3936	-1.1788	4.0227
v -5.9088	-1.3658	4.1196
v -5.8657	-3.0201	4.2533
v -5.8202	-3.0201	4.3946
v 0.8633	-3.0201	3.0912
v 0.8202	-1.3658	2.9575
v 0.9397	-1.3658	2.9369
v 0.9372	-1.0851	2.9293
v 0.9428	-1.0851	2.7441
v 1.5060	-1.0851	2.7612
v 1.5004	-1.0851	2.9463
v 0.8240	-1.0851	2.9489
v 0.8178	-1.1788	2.9499
v 0.9372	-1.1788	2.9293
v 0.3002	-1.1788	3.0393
v 0.9827	0.7899	3.0706
v 0.8633	0.7899	3.0912
v 0.9827	-0.7851	3.0706
v 0.8633	-0.7851	3.0912
v 0.4651	0.7899	3.1600
v 0.3456	0.7899	3.1806
v 0.3456	-0.7851	3.1806
v 0.4651	-0.7851	3.1600
v -0.0525	0.7899	3.2494
v -0.1720	0.7899	3.2700
v -0.1720	-0.7851	3.2700
v -0.0525	-0.7851	3.2494
v -0.5701	0.7899	3.3388
v -0.6896	0.7899	3.3594
v -0.6896	-0.7851	3.3594
v -0.5701	-0.7851	3.3388
v -1.0877	0.7899	3.4282
v -1.2072	0.7899	3.4488
v -1.2072	-0.7851	3.4488
v -1.0877	-0.7851	3.4282
v -1.6054	0.7899	3.5176
v -1.7248	0.7899	3.5382
v -1.7248	-0.7851	3.5382
v -1.6054	-0.7851	3.5176
v -2.1230	0.7899	3.6069
v -2.2424	0.7899	3.6276
v -2.2424	-0.7851	3.6276
v -2.1230	-0.7851	3.6069
v -2.6406	0.7899	3.6963
v -2.7600	0.7899	3.7170
v -2.7600	-0.7851	3.7170
v -2.6406	-0.7851	3.6963
v -3.1582	0.7899	3.7857
v -3.2776	0.7899	3.8064
v -3.2776	-0.7851	3.8064
v -3.1582	-0.7851	3.7857
v -4.3129	-0.7851	3.9851
v -4.1934	-0.7851	3.9645
v -4.1934	0.7899	3.9645
v -4.3129	0.7899	3.9851
v -4.7110	0.7899	4.0539
v -4.8305	0.7899	4.0745
v -4.8305	-0.7851	4.0745
v -4.7110	-0.7851	4.0539
v -5.2287	0.7899	4.1433
v -5.3481	0.7899	4.1639
v -5.3481	-0.7851	4.1639
v -5.2287	-0.7851	4.1433
v -5.7463	-0.7851	4.2327
v -5.8657	-0.7851	4.2533
v 1.5004	1.0899	2.9463
v 0.8240	1.0899	2.9489
v 1.0282	3.0249	3.2119
v 0.9087	3.0249	3.2325
v 0.9397	1.3706	2.9369
v 0.8202	1.3706	2.9575
v 0.4196	1.1836	3.0188
v 0.5106	3.0249	3.3013
v 0.4220	1.3706	3.0262
v 0.3026	1.3706	3.0469
v 0.3911	3.0249	3.3219
v 0.3002	1.1837	3.0393
v -0.0070	3.0249	3.3907
v -0.0956	1.3706	3.1156
v -0.2150	1.3706	3.1363
v -0.1265	3.0249	3.4113
v -0.2175	1.1837	3.1287
v -0.5246	3.0249	3.4801
v -0.6132	1.3706	3.2050
v -0.7326	1.3706	3.2257
v -0.6441	3.0249	3.5007
v -0.7351	1.1837	3.2181
v -0.6441	1.7949	3.5007
v -1.0423	3.0249	3.5695
v -1.0423	1.7949	3.5695
v -1.1617	3.0249	3.5901
v -1.1308	1.3706	3.2944
v -1.2502	1.3706	3.3150
v -1.2527	1.1837	3.3075
v -1.1332	1.1837	3.2869
v -1.5599	3.0249	3.6588
v -1.6484	1.3706	3.3838
v -1.7679	1.3706	3.4044
v -1.6793	3.0249	3.6795
v -1.7703	1.1837	3.3969
v -2.0775	3.0249	3.7482
v -1.6508	1.1837	3.3763
v -0.6156	1.1837	3.1975
v -0.0980	1.1837	3.1081
v -1.6508	1.1836	3.3763
v 0.4196	1.1837	3.0187
v -1.1332	1.1836	3.2869
v -0.0980	1.1836	3.1081
v -5.3936	1.1837	4.0226
v -5.3912	1.3706	4.0302
v -5.1832	3.0249	4.2846
v -5.2717	1.3706	4.0095
v -4.7850	3.0249	4.2158
v -4.8735	1.3706	3.9408
v -4.8760	1.1837	3.9332
v -4.7565	1.1837	3.9126
v -4.7565	1.1993	3.9127
v -4.7541	1.3706	3.9202
v -4.6656	3.0249	4.1952
v -4.2674	3.0249	4.1264
v -4.3559	1.3706	3.8514
v -4.3584	1.1837	3.8439
v -5.9112	-1.1788	4.1121
v -4.1479	3.0249	4.1058
v -3.2322	3.0249	3.9476
v -4.2365	1.3706	3.8308
v -3.3207	1.3706	3.6726
v -3.3231	1.1837	3.6651
v -3.1127	3.0249	3.9270
v -3.2013	1.3706	3.6520
v -3.2037	1.1837	3.6444
v -4.2389	1.1837	3.8232
v -5.2741	1.1993	4.0021
v -5.2741	1.1837	4.0020
v -2.6861	1.1837	3.5551
v 5.0639	1.4012	5.8471
v 2.7728	1.4012	5.8038
v 5.0637	1.4012	5.7952
v 2.7728	0.2274	5.8038
v 5.0637	0.2274	5.7952
v 2.7724	0.2274	5.6950
v 2.7724	1.4012	5.6950
v 2.7728	3.0249	5.8038
v 2.7728	1.8512	5.8038
v 5.0637	3.0249	5.7952
v 5.0637	1.8512	5.7952
v 2.7728	-1.8463	5.8038
v 2.7724	-3.0201	5.6950
v 2.7724	-1.8463	5.6950
v 1.6412	-3.0201	3.6772
v 2.6321	-3.0201	5.3121
v 1.6412	-1.7907	3.6772
v 2.6321	-1.7907	5.3121
v 1.6412	-1.4152	3.6772
v 2.6321	-1.4152	5.3121
v 1.6412	-0.1858	3.6772
v 2.6321	-0.1858	5.3121
v 1.6412	0.1898	3.6772
v 2.6321	0.1898	5.3121
v 1.6412	1.4196	3.6772
v 2.6321	1.4196	5.3121
v 1.6412	1.7951	3.6772
v 2.6321	1.7951	5.3121
v 1.6412	3.0249	3.6772
v 2.6321	3.0249	5.3121
v -3.2037	1.1836	3.6445
v 2.9466	2.8117	4.2566
v 4.3360	1.3416	4.4339
v 4.3093	2.8212	5.1005
v 4.3073	2.8117	4.5039
f 	4681	4678	4680
f 	4681	4680	4682
f 	4691	4693	4694
f 	4691	4694	4692
f 	4696	4695	4698
f 	4696	4698	4697
f 	4718	4714	4713
f 	4718	4713	4712
f 	4776	4775	4774
f 	4776	4774	4777
f 	4755	4737	4740
f 	4755	4740	4751
f 	4743	4742	4741
f 	4743	4741	4744
f 	4781	4778	4779
f 	4781	4779	4780
f 	4685	4683	4684
f 	4685	4684	4686
f 	4792	4793	4790
f 	4792	4790	4791
f 	5025	5024	5023
f 	5025	5023	5026
f 	4726	4727	4728
f 	4726	4728	4725
f 	4663	4662	4666
f 	4663	4666	4667
f 	4662	4663	4664
f 	4662	4664	4665
f 	4801	4795	4796
f 	4801	4796	4797
f 	4723	4724	4720
f 	4723	4720	4719
f 	4657	4656	4659
f 	4657	4659	4658
f 	4667	4666	4669
f 	4667	4669	4668
f 	4702	4701	4699
f 	4702	4699	4700
f 	4789	4788	4784
f 	4789	4784	4785
f 	4715	4716	4717
f 	4715	4717	4711
f 	4760	4761	4758
f 	4760	4758	4757
f 	4709	4708	4707
f 	4709	4707	4710
f 	4660	4658	4659
f 	4660	4659	4661
f 	4735	4736	4733
f 	4735	4733	4734
f 	4652	4654	4655
f 	4652	4655	4653
f 	4764	4765	4763
f 	4764	4763	4762
f 	4737	4738	4739
f 	4737	4739	4740
f 	4745	4743	4744
f 	4745	4744	4756
f 	4782	4783	4787
f 	4782	4787	4786
f 	4727	4722	4721
f 	4727	4721	4728
f 	5026	5023	5022
f 	5026	5022	5029
f 	5028	5020	5021
f 	5028	5021	5027
f 	4730	4731	4732
f 	4730	4732	4729
f 	4800	4799	4798
f 	4800	4798	4794
f 	4703	4704	4705
f 	4703	4705	4706
f 	7902	7899	7898
f 	7902	7898	7903
f 	7905	7901	7900
f 	7905	7900	7904
f 	4689	4690	4687
f 	4689	4687	4688
f 	9182	9183	9184
f 	9182	9184	9204
f 	3029	3038	3037
f 	6862	6867	6860
f 	2905	2898	2897
f 	6653	6652	6655
f 	1013	1006	1005
f 	4803	4802	4805
f 	1137	1146	1145
f 	5012	5017	5010
f 	8531	8493	8492
f 	8531	8492	8491
f 	8531	8491	8490
f 	8531	8490	8489
f 	8531	8489	8535
f 	8531	8535	8528
f 	8531	8528	8529
f 	8531	8529	8530
f 	14960	14958	14961
f 	33	31	34
f 	7661	7660	7659
f 	15036	15037	15065
f 	15036	15065	15053
f 	15168	15169	15215
f 	15168	15215	15204
f 	10311	10323	10325
f 	10322	10364	10324
f 	14622	14623	14620
f 	14646	14647	14648
f 	9230	9229	9319
f 	9230	9319	9318
f 	10122	10095	10117
f 	10122	10117	10121
f 	10094	10093	10106
f 	10094	10106	10113
f 	13391	13403	13392
f 	13410	13274	13273
f 	13779	13801	13780
f 	13839	13859	13858
f 	11995	11994	14661
f 	11995	14661	11996
f 	8419	8488	8487
f 	8419	8487	8486
f 	8419	8486	8414
f 	8419	8414	8415
f 	8419	8415	8416
f 	8419	8416	8417
f 	8419	8417	8418
f 	14329	14346	14345
f 	10608	10609	10610
f 	10608	10610	10611
f 	10608	10611	10612
f 	10608	10612	10613
f 	10608	10613	10614
f 	10608	10614	10615
f 	10608	10615	10616
f 	10608	10616	10617
f 	10608	10617	10618
f 	10608	10618	10604
f 	10608	10604	10602
f 	10608	10602	10601
f 	10608	10601	10600
f 	10608	10600	10599
f 	10608	10599	10598
f 	10608	10598	10619
f 	10608	10619	10620
f 	10608	10620	10621
f 	10608	10621	10622
f 	10608	10622	10605
f 	10608	10605	10606
f 	10608	10606	10607
f 	15054	15053	15065
f 	15054	15065	15064
f 	15214	15204	15215
f 	15214	15215	15216
f 	10726	10725	11216
f 	10726	11216	11215
f 	10940	11173	10992
f 	10876	10872	10875
f 	9244	9233	9243
f 	16533	16492	16491
f 	16533	16491	16534
f 	16534	16491	16490
f 	16534	16490	16535
f 	16535	16490	16489
f 	16535	16489	16536
f 	16536	16489	16488
f 	16536	16488	16537
f 	10907	10693	10730
f 	16537	16488	16487
f 	16537	16487	16538
f 	9350	9370	9371
f 	16538	16487	16486
f 	16538	16486	16539
f 	11703	11693	11694
f 	11703	11694	11695
f 	11703	11695	11696
f 	11703	11696	11697
f 	11703	11697	11682
f 	11703	11682	11681
f 	11703	11681	11680
f 	11703	11680	11692
f 	11703	11692	11691
f 	11703	11691	11690
f 	11703	11690	11689
f 	11703	11689	11688
f 	11703	11688	11687
f 	11703	11687	11686
f 	11703	11686	11685
f 	11703	11685	11684
f 	11703	11684	11683
f 	11703	11683	11698
f 	11703	11698	11699
f 	11703	11699	11700
f 	11703	11700	11701
f 	11703	11701	11702
f 	7659	7660	7658
f 	7774	7778	7763
f 	8211	8420	8421
f 	8211	8421	8422
f 	8211	8422	8423
f 	8211	8423	8424
f 	8211	8424	8425
f 	8211	8425	8403
f 	12	13	11
f 	14939	14940	14938
f 	8192	8193	8194
f 	8192	8194	8191
f 	8192	8191	8190
f 	11716	11705	11706
f 	15487	15469	15488
f 	13259	13260	13463
f 	13261	13262	13468
f 	13982	13989	13981
f 	13990	14045	14046
f 	11710	11249	11709
f 	7718	7663	7662
f 	15032	15043	15042
f 	15032	15042	15017
f 	15164	15207	15208
f 	15164	15208	15149
f 	13535	13536	13534
f 	14177	14172	14176
f 	14028	14029	14027
f 	13657	13652	13656
f 	15597	15598	15599
f 	15597	15599	15600
f 	13173	13205	13204
f 	13211	13340	13252
f 	13699	13731	13730
f 	13738	13761	13762
f 	9202	9165	9162
f 	9202	9162	9203
f 	16675	16690	16689
f 	16675	16689	16676
f 	16560	16575	16574
f 	16560	16574	16561
f 	16646	16607	16606
f 	16646	16606	16647
f 	11509	11510	11508
f 	8507	8508	8509
f 	8507	8509	8510
f 	8507	8510	8495
f 	8507	8495	8514
f 	8507	8514	8513
f 	8507	8513	8512
f 	8507	8512	8511
f 	8507	8511	8527
f 	16677	16676	16689
f 	16677	16689	16688
f 	16562	16561	16574
f 	16562	16574	16573
f 	16647	16606	16605
f 	16647	16605	16648
f 	16677	16688	16687
f 	16677	16687	16678
f 	16562	16573	16572
f 	16562	16572	16563
f 	16648	16605	16604
f 	16648	16604	16649
f 	10482	10484	10506
f 	10482	10506	10507
f 	10481	10508	10509
f 	10481	10509	10483
f 	10518	10540	10541
f 	10518	10541	10516
f 	10515	10542	10543
f 	10515	10543	10517
f 	16679	16678	16687
f 	16679	16687	16686
f 	16564	16563	16572
f 	16564	16572	16571
f 	16649	16604	16603
f 	16649	16603	16650
f 	11519	11518	11517
f 	16679	16686	16685
f 	16679	16685	16680
f 	16564	16571	16570
f 	16564	16570	16565
f 	16650	16603	16602
f 	16650	16602	16651
f 	11509	11508	11507
f 	9198	9203	9162
f 	9198	9162	9163
f 	12271	12274	12275
f 	12274	12309	12310
f 	11640	11641	11642
f 	11640	11642	11643
f 	11640	11643	11644
f 	11640	11644	11645
f 	11640	11645	11646
f 	11640	11646	11647
f 	11640	11647	11648
f 	11640	11648	11635
f 	11640	11635	11634
f 	11640	11634	11649
f 	11640	11649	11650
f 	11640	11650	11651
f 	11640	11651	11652
f 	11640	11652	11653
f 	11640	11653	11654
f 	11640	11654	11655
f 	11640	11655	11656
f 	11640	11656	11657
f 	11640	11657	11636
f 	11640	11636	11637
f 	11640	11637	11638
f 	11640	11638	11639
f 	11591	11592	11593
f 	11591	11593	11594
f 	11591	11594	11595
f 	11591	11595	11596
f 	11591	11596	11597
f 	11591	11597	11598
f 	11591	11598	11599
f 	11591	11599	11600
f 	11591	11600	11601
f 	11591	11601	11586
f 	11591	11586	11585
f 	11591	11585	11602
f 	11591	11602	11603
f 	11591	11603	11604
f 	11591	11604	11605
f 	11591	11605	11606
f 	11591	11606	11607
f 	11591	11607	11608
f 	11591	11608	11587
f 	11591	11587	11588
f 	11591	11588	11589
f 	11591	11589	11590
f 	16681	16680	16685
f 	16681	16685	16684
f 	16566	16565	16570
f 	16566	16570	16569
f 	16651	16602	16601
f 	16651	16601	16652
f 	17412	17359	17358
f 	17412	17358	17413
f 	17276	17275	17197
f 	17276	17197	17196
f 	11519	11520	11518
f 	9232	9230	9318
f 	9232	9318	9317
f 	8200	8203	8202
f 	15035	15036	15053
f 	15035	15053	15046
f 	15167	15168	15204
f 	15167	15204	15203
f 	13179	13198	13197
f 	13353	13368	13367
f 	13705	13724	13723
f 	13888	13903	13902
f 	13305	13180	13306
f 	13336	13333	13335
f 	13753	13750	13752
f 	13818	13706	13819
f 	11240	11239	11238
f 	11240	11238	11237
f 	11240	11237	11704
f 	11240	11704	11713
f 	11240	11713	11714
f 	11240	11714	11715
f 	11240	11715	11705
f 	11240	11705	11706
f 	11240	11706	11707
f 	11240	11707	11708
f 	11240	11708	11709
f 	11240	11709	11710
f 	11240	11710	11711
f 	11240	11711	11712
f 	11240	11712	11248
f 	11240	11248	11247
f 	11240	11247	11246
f 	11240	11246	11245
f 	11240	11245	11244
f 	11240	11244	11243
f 	11240	11243	11242
f 	11240	11242	11241
f 	8204	8201	8197
f 	9164	9201	9196
f 	9164	9196	9145
f 	8200	8204	8203
f 	11521	10787	11522
f 	9142	9146	9147
f 	9197	9146	9145
f 	9197	9145	9196
f 	9197	9196	9195
f 	8606	8608	8605
f 	9150	9197	9195
f 	9150	9195	9198
f 	9150	9198	9163
f 	15042	15043	15050
f 	15042	15050	15051
f 	15208	15207	15209
f 	15208	15209	15211
f 	9164	9165	9202
f 	9164	9202	9201
f 	13306	13180	13307
f 	13335	13333	13334
f 	13752	13750	13751
f 	13819	13706	13820
f 	13179	13197	13196
f 	13353	13367	13366
f 	13705	13723	13722
f 	13888	13902	13901
f 	13177	13199	13198
f 	13304	13178	13305
f 	13338	13337	13336
f 	13352	13369	13368
f 	13703	13725	13724
f 	13755	13754	13753
f 	13817	13704	13818
f 	13887	13904	13903
f 	8364	8323	8331
f 	11005	11006	11228
f 	8252	8264	8261
f 	10747	11367	11339
f 	11284	10746	11285
f 	10745	10759	10758
f 	11306	10748	11305
f 	3199	3200	3601
f 	7108	7096	7097
f 	641	642	909
f 	1812	1811	1837
f 	4585	4575	4586
f 	5837	5825	5826
f 	10684	10687	10686
f 	10691	10689	10692
f 	4177	4176	4087
f 	5417	5418	5523
f 	329	314	313
f 	1997	1999	2000
f 	15165	15206	15207
f 	15165	15207	15164
f 	15033	15047	15043
f 	15033	15043	15032
f 	7029	7030	7023
f 	3643	3644	3645
f 	3030	3035	3034
f 	6714	6799	6710
f 	1007	1077	1076
f 	1138	1143	1142
f 	4821	4820	4810
f 	4864	4949	4860
f 	2899	2969	2968
f 	6671	6670	6660
f 	11121	11062	10881
f 	11063	11122	11065
f 	11143	10962	11064
f 	10961	11144	11066
f 	10970	11875	11775
f 	11877	10971	10879
f 	10916	10892	10891
f 	10686	10933	10890
f 	10947	10887	10883
f 	10888	11014	10943
f 	11829	10985	10877
f 	10984	11845	11771
f 	10886	11910	10885
f 	11912	10889	10884
f 	11854	11776	11774
f 	11071	10966	10880
f 	10965	11088	11067
f 	11806	11171	10878
f 	11170	11822	11807
f 	11777	11871	11778
f 	10952	11094	11061
f 	11096	10953	11060
f 	11034	11013	10882
f 	11012	11050	11051
f 	11784	10978	11773
f 	10977	11785	11772
f 	11254	11273	11272
f 	11254	11272	10855
f 	14874	14901	14899
f 	14874	14899	14875
f 	10991	10904	10992
f 	10988	11175	11173
f 	10989	11751	10875
f 	11176	10990	10876
f 	10996	10905	10997
f 	10993	11178	11180
f 	10994	11177	10873
f 	11179	10995	10874
f 	10783	10784	10785
f 	10783	10785	10782
f 	10963	10899	10959
f 	11118	10957	11117
f 	10956	11120	11092
f 	10958	11142	10960
f 	10972	10901	10973
f 	10969	11876	11165
f 	10893	10692	10894
f 	10864	10915	10913
f 	10946	10945	10939
f 	10948	10897	10942
f 	10986	10903	10987
f 	10983	11830	11168
f 	11899	10896	11898
f 	10895	11911	10938
f 	11779	10975	11780
f 	10967	10900	10968
f 	10964	11070	11068
f 	11172	10982	11169
f 	10981	11805	11167
f 	10974	11853	11166
f 	10954	10898	10955
f 	10951	11095	11093
f 	10949	11035	10941
f 	11041	10950	11048
f 	10979	10902	10980
f 	10976	11783	11781
f 	14780	14807	14805
f 	14780	14805	14781
f 	14813	14812	14817
f 	14813	14817	14816
f 	14907	14906	14911
f 	14907	14911	14910
f 	9146	9142	9145
f 	8455	8475	8474
f 	8455	8474	8473
f 	8455	8473	8472
f 	8455	8472	8471
f 	14802	14814	14813
f 	14802	14813	14816
f 	14896	14908	14907
f 	14896	14907	14910
f 	14812	14810	14811
f 	14812	14811	14817
f 	14906	14904	14905
f 	14906	14905	14911
f 	14807	14780	14778
f 	14807	14778	14808
f 	15052	15046	15053
f 	15052	15053	15054
f 	15213	15203	15204
f 	15213	15204	15214
f 	14901	14874	14872
f 	14901	14872	14902
f 	14897	14875	14899
f 	14897	14899	14900
f 	14803	14781	14805
f 	14803	14805	14806
f 	12417	12418	12419
f 	12470	12434	12422
f 	12420	12471	12421
f 	12507	12433	12432
f 	12430	12508	12431
f 	12428	12733	12429
f 	12768	12427	12426
f 	12735	12769	12425
f 	14801	14803	14806
f 	14801	14806	14815
f 	14895	14897	14900
f 	14895	14900	14909
f 	14810	14809	14779
f 	14810	14779	14811
f 	14904	14903	14873
f 	14904	14873	14905
f 	14801	14815	14814
f 	14801	14814	14802
f 	14895	14909	14908
f 	14895	14908	14896
f 	14808	14778	14779
f 	14808	14779	14809
f 	14902	14872	14873
f 	14902	14873	14903
f 	15034	15035	15046
f 	15034	15046	15045
f 	15166	15167	15203
f 	15166	15203	15205
f 	13124	13120	13121
f 	13131	13122	13132
f 	13147	13140	13148
f 	13151	13143	13144
f 	11526	10787	11527
f 	15468	15476	15475
f 	11716	11706	11707
f 	12	11	10
f 	14939	14938	14937
f 	15034	15045	15047
f 	15034	15047	15033
f 	15166	15205	15206
f 	15166	15206	15165
f 	13246	13514	13513
f 	13245	13492	13516
f 	13949	13992	13991
f 	13950	14075	14074
f 	13491	13261	13490
f 	13511	13260	13512
f 	13993	13990	14019
f 	14072	13989	14073
f 	12435	12422	12434
f 	12435	12423	12422
f 	17413	17358	17357
f 	17413	17357	17414
f 	17195	17277	17276
f 	17195	17276	17196
f 	10843	10842	10841
f 	10830	10854	10844
f 	14665	14685	14684
f 	14687	14686	14666
f 	89	94	92
f 	89	92	88
f 	10903	10693	10904
f 	10685	10984	10989
f 	10304	10335	10272
f 	10334	10360	10275
f 	14609	14557	14558
f 	14542	14659	14541
f 	14850	14851	14846
f 	14850	14846	14848
f 	14756	14757	14752
f 	14756	14752	14754
f 	13116	13107	13108
f 	10624	10625	10626
f 	14849	14847	14846
f 	14849	14846	14851
f 	14755	14753	14752
f 	14755	14752	14757
f 	14849	14850	14848
f 	14849	14848	14847
f 	14755	14756	14754
f 	14755	14754	14753
f 	15207	15206	15210
f 	15207	15210	15209
f 	15043	15047	15048
f 	15043	15048	15050
f 	8435	8225	8439
f 	8435	8439	8438
f 	8435	8438	8437
f 	8435	8437	8436
f 	10940	11167	11168
f 	10878	10872	10877
f 	8409	8212	8404
f 	8409	8404	8405
f 	8409	8405	8406
f 	8409	8406	8407
f 	8409	8407	8408
f 	14331	14327	14328
f 	15049	15045	15046
f 	15049	15046	15052
f 	15212	15205	15203
f 	15212	15203	15213
f 	12656	12663	12662
f 	12656	12662	12655
f 	12676	12693	12694
f 	12676	12694	12677
f 	12896	12903	12902
f 	12896	12902	12895
f 	12931	12944	12949
f 	12931	12949	12932
f 	13196	13307	13308
f 	13196	13308	13195
f 	13383	13417	13418
f 	13383	13418	13382
f 	13366	13334	13332
f 	13366	13332	13365
f 	13455	13289	13290
f 	13455	13290	13454
f 	13876	13907	13908
f 	13876	13908	13877
f 	13722	13820	13821
f 	13722	13821	13721
f 	13971	13844	13846
f 	13971	13846	13969
f 	13901	13751	13749
f 	13901	13749	13900
f 	12636	12640	12631
f 	12636	12631	12633
f 	12685	12683	12700
f 	12685	12700	12687
f 	12874	12879	12878
f 	12874	12878	12872
f 	12940	12938	12955
f 	12940	12955	12942
f 	12500	12516	12517
f 	12500	12517	12520
f 	12463	12721	12722
f 	12463	12722	12653
f 	12761	12776	12777
f 	12761	12777	12780
f 	12410	12980	12981
f 	12410	12981	12893
f 	12703	12704	12671
f 	12703	12671	12587
f 	12593	12595	12647
f 	12593	12647	12648
f 	12958	12959	12927
f 	12958	12927	12834
f 	12840	12842	12887
f 	12840	12887	12888
f 	12666	12665	12658
f 	12666	12658	12646
f 	12690	12688	12670
f 	12690	12670	12669
f 	12906	12905	12898
f 	12906	12898	12886
f 	12946	12945	12923
f 	12946	12923	12925
f 	12590	12705	12706
f 	12590	12706	12589
f 	12652	12729	12728
f 	12652	12728	12651
f 	12837	12960	12961
f 	12837	12961	12836
f 	12892	12989	12988
f 	12892	12988	12891
f 	12504	12505	12511
f 	12504	12511	12512
f 	12467	12468	12567
f 	12467	12567	12566
f 	12765	12766	12771
f 	12765	12771	12772
f 	12414	12415	12793
f 	12414	12793	12792
f 	13200	13303	13304
f 	13200	13304	13199
f 	13379	13421	13422
f 	13379	13422	13378
f 	13370	13255	13338
f 	13370	13338	13369
f 	13451	13293	13294
f 	13451	13294	13450
f 	13880	13911	13912
f 	13880	13912	13881
f 	13726	13816	13817
f 	13726	13817	13725
f 	13987	13851	13853
f 	13987	13853	13986
f 	13767	13756	13755
f 	13767	13755	13904
f 	12654	12661	12645
f 	12654	12645	12642
f 	12679	12696	12697
f 	12679	12697	12680
f 	12894	12901	12884
f 	12894	12884	12881
f 	12934	12951	12952
f 	12934	12952	12935
f 	10218	10219	10217
f 	10078	10181	10077
f 	13198	13305	13306
f 	13198	13306	13197
f 	13368	13336	13335
f 	13368	13335	13367
f 	13724	13818	13819
f 	13724	13819	13723
f 	13903	13753	13752
f 	13903	13752	13902
f 	13381	13419	13420
f 	13381	13420	13380
f 	13453	13291	13292
f 	13453	13292	13452
f 	13878	13909	13910
f 	13878	13910	13879
f 	13970	13848	13849
f 	13970	13849	13988
f 	10211	10212	10208
f 	10075	10177	10074
f 	14583	14581	14579
f 	12017	12016	12013
f 	10076	10178	10075
f 	10213	10214	10212
f 	10168	10146	10170
f 	10199	10169	10200
f 	12085	12064	12063
f 	14509	14508	14512
f 	13204	13215	13216
f 	13204	13216	13217
f 	13192	13299	13300
f 	13192	13300	13411
f 	13329	13415	13374
f 	13329	13374	13362
f 	13342	13375	13425
f 	13342	13425	13252
f 	13762	13764	13884
f 	13762	13884	13773
f 	13730	13966	13857
f 	13730	13857	13812
f 	13718	13824	13838
f 	13718	13838	13974
f 	13746	13905	13874
f 	13746	13874	13897
f 	13203	13204	13217
f 	13203	13217	13263
f 	13193	13298	13299
f 	13193	13299	13192
f 	13341	13342	13252
f 	13341	13252	13251
f 	13330	13329	13362
f 	13330	13362	13363
f 	13760	13763	13764
f 	13760	13764	13762
f 	13729	13730	13812
f 	13729	13812	13813
f 	13719	13823	13824
f 	13719	13824	13718
f 	13747	13746	13897
f 	13747	13897	13898
f 	13506	13491	13490
f 	13546	13511	13512
f 	14020	13993	14019
f 	14101	14072	14073
f 	10147	10145	10146
f 	10197	10167	10199
f 	10143	10040	10144
f 	10163	10150	10165
f 	13201	13302	13303
f 	13201	13303	13200
f 	13378	13422	13423
f 	13378	13423	13377
f 	13371	13254	13255
f 	13371	13255	13370
f 	13450	13294	13295
f 	13450	13295	13213
f 	13766	13758	13756
f 	13766	13756	13767
f 	13881	13912	13913
f 	13881	13913	13882
f 	13727	13815	13816
f 	13727	13816	13726
f 	13986	13853	13854
f 	13986	13854	13968
f 	12019	12018	12017
f 	14584	14585	14581
f 	14591	14592	14590
f 	12026	12025	12024
f 	12086	12087	12064
f 	14504	14507	14509
f 	12093	12094	12092
f 	14496	14491	14495
f 	12503	12513	12514
f 	12503	12514	12502
f 	12466	12568	12569
f 	12466	12569	12465
f 	12764	12773	12774
f 	12764	12774	12763
f 	12413	12795	12797
f 	12413	12797	12412
f 	13492	13530	13516
f 	13992	14078	13991
f 	13514	13528	13513
f 	14075	14085	14074
f 	12640	12641	12632
f 	12640	12632	12631
f 	12683	12682	12699
f 	12683	12699	12700
f 	12706	12701	12588
f 	12706	12588	12589
f 	12728	12592	12650
f 	12728	12650	12651
f 	12879	12880	12885
f 	12879	12885	12878
f 	12938	12937	12954
f 	12938	12954	12955
f 	12961	12956	12835
f 	12961	12835	12836
f 	12988	12839	12890
f 	12988	12890	12891
f 	12658	12665	12664
f 	12658	12664	12657
f 	12670	12688	12689
f 	12670	12689	12674
f 	12898	12905	12904
f 	12898	12904	12897
f 	12923	12945	12943
f 	12923	12943	12924
f 	13202	13203	13263
f 	13202	13263	13301
f 	13372	13341	13251
f 	13372	13251	13253
f 	13375	13376	13424
f 	13375	13424	13425
f 	13215	13214	13296
f 	13215	13296	13216
f 	13759	13765	13763
f 	13759	13763	13760
f 	13773	13884	13883
f 	13773	13883	13914
f 	13728	13729	13813
f 	13728	13813	13814
f 	13966	13967	13856
f 	13966	13856	13857
f 	12702	12703	12587
f 	12702	12587	12586
f 	12591	12593	12648
f 	12591	12648	12649
f 	12957	12958	12834
f 	12957	12834	12833
f 	12838	12840	12888
f 	12838	12888	12889
f 	12502	12514	12515
f 	12502	12515	12501
f 	12465	12569	12570
f 	12465	12570	12464
f 	12763	12774	12775
f 	12763	12775	12762
f 	12412	12797	12982
f 	12412	12982	12411
f 	12021	12020	12019
f 	10077	10179	10076
f 	12024	12023	12021
f 	14589	14590	14588
f 	10216	10217	10214
f 	14587	14588	14585
f 	10149	10144	10145
f 	12089	12090	12087
f 	14494	14506	14504
f 	10165	10166	10197
f 	12091	12092	12090
f 	14495	14492	14494
f 	13576	13512	13526
f 	14153	14073	14154
f 	13513	13527	13523
f 	14074	14156	14155
f 	12469	12636	12633
f 	12469	12633	12634
f 	12506	12685	12687
f 	12506	12687	12510
f 	12416	12874	12872
f 	12416	12872	12871
f 	12767	12940	12942
f 	12767	12942	12770
f 	10079	10182	10078
f 	10220	10221	10219
f 	10142	10041	10040
f 	10155	10152	10163
f 	12680	12697	12699
f 	12680	12699	12682
f 	12642	12645	12632
f 	12642	12632	12641
f 	12935	12952	12954
f 	12935	12954	12937
f 	12881	12884	12885
f 	12881	12885	12880
f 	12503	12504	12512
f 	12503	12512	12513
f 	12466	12467	12566
f 	12466	12566	12568
f 	12764	12765	12772
f 	12764	12772	12773
f 	12413	12414	12792
f 	12413	12792	12795
f 	13194	13297	13298
f 	13194	13298	13193
f 	13411	13300	13288
f 	13411	13288	13412
f 	13415	13416	13373
f 	13415	13373	13374
f 	13331	13330	13363
f 	13331	13363	13364
f 	13905	13906	13875
f 	13905	13875	13874
f 	13720	13822	13823
f 	13720	13823	13719
f 	13974	13838	13842
f 	13974	13842	13972
f 	13748	13747	13898
f 	13748	13898	13899
f 	13509	13490	13510
f 	13509	13510	13511
f 	14043	14019	14044
f 	14043	14044	14072
f 	12501	12515	12516
f 	12501	12516	12500
f 	12464	12570	12721
f 	12464	12721	12463
f 	12762	12775	12776
f 	12762	12776	12761
f 	12411	12982	12980
f 	12411	12980	12410
f 	13201	13202	13301
f 	13201	13301	13302
f 	13195	13308	13297
f 	13195	13297	13194
f 	13376	13377	13423
f 	13376	13423	13424
f 	13416	13417	13383
f 	13416	13383	13373
f 	13371	13372	13253
f 	13371	13253	13254
f 	13332	13331	13364
f 	13332	13364	13365
f 	13412	13288	13289
f 	13412	13289	13455
f 	13214	13213	13295
f 	13214	13295	13296
f 	13758	13766	13765
f 	13758	13765	13759
f 	13914	13883	13882
f 	13914	13882	13913
f 	13906	13907	13876
f 	13906	13876	13875
f 	13721	13821	13822
f 	13721	13822	13720
f 	13727	13728	13814
f 	13727	13814	13815
f 	13972	13842	13844
f 	13972	13844	13971
f 	13967	13968	13854
f 	13967	13854	13856
f 	13749	13748	13899
f 	13749	13899	13900
f 	13197	13306	13307
f 	13197	13307	13196
f 	13382	13418	13419
f 	13382	13419	13381
f 	13367	13335	13334
f 	13367	13334	13366
f 	13454	13290	13291
f 	13454	13291	13453
f 	13877	13908	13909
f 	13877	13909	13878
f 	13723	13819	13820
f 	13723	13820	13722
f 	13969	13846	13848
f 	13969	13848	13970
f 	13902	13752	13751
f 	13902	13751	13901
f 	13516	13529	13515
f 	13991	14077	14076
f 	12505	12506	12510
f 	12505	12510	12511
f 	12468	12469	12634
f 	12468	12634	12567
f 	12766	12767	12770
f 	12766	12770	12771
f 	12415	12416	12871
f 	12415	12871	12793
f 	13515	13528	13514
f 	14076	14085	14075
f 	12520	12517	12705
f 	12520	12705	12590
f 	12653	12722	12729
f 	12653	12729	12652
f 	12780	12777	12960
f 	12780	12960	12837
f 	12893	12981	12989
f 	12893	12989	12892
f 	12704	12690	12669
f 	12704	12669	12671
f 	12595	12666	12646
f 	12595	12646	12647
f 	12959	12946	12925
f 	12959	12925	12927
f 	12842	12906	12886
f 	12842	12886	12887
f 	12655	12662	12661
f 	12655	12661	12654
f 	12677	12694	12696
f 	12677	12696	12679
f 	12895	12902	12901
f 	12895	12901	12894
f 	12932	12949	12951
f 	12932	12951	12934
f 	12657	12664	12663
f 	12657	12663	12656
f 	12674	12689	12693
f 	12674	12693	12676
f 	12897	12904	12903
f 	12897	12903	12896
f 	12924	12943	12944
f 	12924	12944	12931
f 	12701	12702	12586
f 	12701	12586	12588
f 	12592	12591	12649
f 	12592	12649	12650
f 	12956	12957	12833
f 	12956	12833	12835
f 	12839	12838	12889
f 	12839	12889	12890
f 	13199	13304	13305
f 	13199	13305	13198
f 	13369	13338	13336
f 	13369	13336	13368
f 	13725	13817	13818
f 	13725	13818	13724
f 	13904	13755	13753
f 	13904	13753	13903
f 	13380	13420	13421
f 	13380	13421	13379
f 	13452	13292	13293
f 	13452	13293	13451
f 	13879	13910	13911
f 	13879	13911	13880
f 	13988	13849	13851
f 	13988	13851	13987
f 	10309	10327	10308
f 	14619	14614	14618
f 	10326	10366	10367
f 	14651	14650	14652
f 	10242	10240	10243
f 	14529	14530	14635
f 	10247	10277	10278
f 	14526	14527	14634
f 	15047	15045	15049
f 	15047	15049	15048
f 	15206	15205	15212
f 	15206	15212	15210
f 	17414	17357	17356
f 	17414	17356	17415
f 	17194	17278	17277
f 	17194	17277	17195
f 	8273	8319	8318
f 	8273	8318	8274
f 	10998	10906	10907
f 	10998	10907	10999
f 	11001	11000	10725
f 	11001	10725	10726
f 	8463	8224	8434
f 	8463	8434	8466
f 	8463	8466	8465
f 	8463	8465	8464
f 	10597	10602	10603
f 	14377	14330	14329
f 	14377	14329	14378
f 	6118	6115	6128
f 	2344	2343	2317
f 	6115	6098	6114
f 	2342	2346	2343
f 	2777	2781	2778
f 	6483	6594	6595
f 	6481	6483	6482
f 	2779	2778	2752
f 	14289	14405	14404
f 	14289	14404	14291
f 	14281	14409	14408
f 	14281	14408	14283
f 	14287	14285	14407
f 	14287	14407	14406
f 	14401	14297	14295
f 	14401	14295	14402
f 	14402	14295	14293
f 	14402	14293	14403
f 	14400	14299	14297
f 	14400	14297	14401
f 	14301	14299	14400
f 	14301	14400	14398
f 	14289	14287	14406
f 	14289	14406	14405
f 	14283	14408	14407
f 	14283	14407	14285
f 	14293	14291	14404
f 	14293	14404	14403
f 	9356	9354	9353
f 	7717	7663	7718
f 	14338	14343	14342
f 	10494	10495	10497
f 	10494	10497	10501
f 	10528	10529	10531
f 	10528	10531	10535
f 	14351	14350	14349
f 	10492	10499	10500
f 	10492	10500	10498
f 	10526	10533	10534
f 	10526	10534	10532
f 	10500	10499	10503
f 	10500	10503	10502
f 	10534	10533	10537
f 	10534	10537	10536
f 	10493	10492	10498
f 	10493	10498	10496
f 	10491	10494	10501
f 	10491	10501	10489
f 	10527	10526	10532
f 	10527	10532	10530
f 	10525	10528	10535
f 	10525	10535	10523
f 	10487	10514	10490
f 	10487	10490	10488
f 	10521	10548	10524
f 	10521	10524	10522
f 	10504	10505	10506
f 	10504	10506	10484
f 	10538	10539	10540
f 	10538	10540	10518
f 	10483	10509	10513
f 	10483	10513	10486
f 	10517	10543	10547
f 	10517	10547	10520
f 	10486	10513	10514
f 	10486	10514	10487
f 	10520	10547	10548
f 	10520	10548	10521
f 	10495	10493	10496
f 	10495	10496	10497
f 	10529	10527	10530
f 	10529	10530	10531
f 	10490	10491	10489
f 	10490	10489	10488
f 	10524	10525	10523
f 	10524	10523	10522
f 	10502	10503	10505
f 	10502	10505	10504
f 	10536	10537	10539
f 	10536	10539	10538
f 	13668	13672	13670
f 	14207	14211	14209
f 	13673	13669	13671
f 	14212	14208	14210
f 	14330	14346	14329
f 	14324	14330	14377
f 	14324	14377	14322
f 	8397	8420	8419
f 	8397	8419	8396
f 	8463	8470	8471
f 	8463	8471	8462
f 	12404	12411	12406
f 	12457	12464	12459
f 	12494	12501	12496
f 	12515	12495	12497
f 	12570	12458	12460
f 	12755	12762	12757
f 	12775	12756	12758
f 	12982	12405	12407
f 	17114	16889	16913
f 	4455	4456	4575
f 	5824	5812	5825
f 	642	631	643
f 	1811	1810	1809
f 	7095	7086	7096
f 	3200	3189	3201
f 	13596	13577	13578
f 	14104	14103	14102
f 	13519	13626	13520
f 	14140	14139	14138
f 	13374	13384	13393
f 	13874	13782	13781
f 	13271	13300	13272
f 	13841	13838	13840
f 	7657	7658	7656
f 	91	87	88
f 	91	88	92
f 	93	94	89
f 	93	89	90
f 	9234	9232	9316
f 	13220	13219	13221
f 	13223	13226	13225
f 	13774	13929	13927
f 	13942	13951	13965
f 	13240	13238	13241
f 	13228	13250	13242
f 	13944	13940	13945
f 	13930	13771	13946
f 	496	301	497
f 	2015	1981	2017
f 	4118	4098	4101
f 	5409	5386	5389
f 	803	802	893
f 	2102	1832	2110
f 	4553	4551	4554
f 	5935	5931	5930
f 	3589	3588	3592
f 	7299	7294	7295
f 	3660	3663	3664
f 	6959	6938	6939
f 	17193	17279	17278
f 	17193	17278	17194
f 	17415	17356	17355
f 	17415	17355	17416
f 	11709	11249	11708
f 	14378	14329	14328
f 	14378	14328	14483
f 	15067	15078	15041
f 	15067	15041	15066
f 	7717	7664	7663
f 	7659	7658	7657
f 	10997	10998	11201
f 	11517	11516	11515
f 	9266	9290	9288
f 	9266	9288	9268
f 	12579	12556	12580
f 	12555	12584	12583
f 	12826	12810	12827
f 	12809	12831	12830
f 	12530	12529	12527
f 	12860	12859	12789
f 	12539	12537	12538
f 	12868	12867	12785
f 	11511	11512	11510
f 	11517	11518	11516
f 	15374	15308	15375
f 	11511	11510	11509
f 	13463	13260	13462
f 	13981	13989	13980
f 	13261	13468	13467
f 	13990	14046	14050
f 	14304	14301	14398
f 	14304	14398	14393
f 	14277	14278	14409
f 	14277	14409	14281
f 	8613	8615	8616
f 	8613	8616	8614
f 	8611	8612	8610
f 	8611	8610	8609
f 	8618	8617	8619
f 	8618	8619	8620
f 	8622	8621	8623
f 	8622	8623	8624
f 	8626	8625	8627
f 	8626	8627	8628
f 	8630	8629	8631
f 	8630	8631	8632
f 	8634	8633	8635
f 	8634	8635	8636
f 	8318	8275	8274
f 	9245	9233	9244
f 	10865	10864	10863
f 	10374	10194	10375
f 	10195	10379	10378
f 	14547	14514	14548
f 	14513	14552	14551
f 	13212	13416	13415
f 	13412	13191	13411
f 	13739	13906	13905
f 	13972	13717	13974
f 	14266	14270	14419
f 	14266	14419	14267
f 	14280	14423	14274
f 	14280	14274	14276
f 	100	102	97
f 	100	97	98
f 	96	101	99
f 	96	99	95
f 	14403	14441	14440
f 	14403	14440	14402
f 	14401	14439	14438
f 	14401	14438	14400
f 	14406	14444	14443
f 	14406	14443	14405
f 	14400	14438	14399
f 	14400	14399	14398
f 	14407	14445	14444
f 	14407	14444	14406
f 	14402	14440	14439
f 	14402	14439	14401
f 	14408	14409	14411
f 	14408	14411	14446
f 	14404	14405	14443
f 	14404	14443	14442
f 	14407	14408	14446
f 	14407	14446	14445
f 	14403	14404	14442
f 	14403	14442	14441
f 	17416	17355	17354
f 	17416	17354	17417
f 	17192	17280	17279
f 	17192	17279	17193
f 	7654	7655	7653
f 	14323	14324	14322
f 	14323	14322	14321
f 	14914	14919	14917
f 	14914	14917	14913
f 	14825	14823	14819
f 	14825	14819	14820
f 	11522	10787	11523
f 	9209	9153	9208
f 	8462	8461	8460
f 	8462	8460	8459
f 	8462	8459	8458
f 	8462	8458	17734
f 	13261	13467	13466
f 	13990	14050	14049
f 	13462	13260	13461
f 	13980	13989	13979
f 	9269	9287	9289
f 	9269	9289	9267
f 	13397	13405	13398
f 	13795	13803	13796
f 	13408	13280	13279
f 	13869	13865	13864
f 	14483	14328	14327
f 	14483	14327	14484
f 	11505	11274	11506
f 	11525	10787	11526
f 	17417	17354	17353
f 	17417	17353	17418
f 	17191	17281	17280
f 	17191	17280	17192
f 	11708	11249	11707
f 	13135	13130	13131
f 	13135	13131	13137
f 	13138	13132	13133
f 	13138	13133	13136
f 	13156	13146	13147
f 	13156	13147	13158
f 	13159	13148	13149
f 	13159	13149	13157
f 	13520	13624	13521
f 	14138	14136	14147
f 	13599	13578	13600
f 	14151	14102	14150
f 	13579	13508	13577
f 	14106	14018	14103
f 	13517	13629	13519
f 	14144	14143	14140
f 	14409	14278	14410
f 	14409	14410	14411
f 	14398	14399	14397
f 	14398	14397	14393
f 	13125	13121	13129
f 	13125	13129	13127
f 	13128	13134	13124
f 	13128	13124	13126
f 	13152	13144	13145
f 	13152	13145	13153
f 	13155	13150	13151
f 	13155	13151	13154
f 	9983	9994	9992
f 	15	16	17
f 	14942	14943	14944
f 	9275	9274	9273
f 	7763	7792	7793
f 	7763	7793	7791
f 	11008	10999	10907
f 	11008	10907	11007
f 	14270	14271	14420
f 	14270	14420	14419
f 	14422	14421	14272
f 	14422	14272	14273
f 	14271	14272	14421
f 	14271	14421	14420
f 	14274	14423	14422
f 	14274	14422	14273
f 	14327	14323	14321
f 	14327	14321	14484
f 	14267	14419	14453
f 	14267	14453	14418
f 	10312	10318	10321
f 	14624	14626	14625
f 	10316	10363	10320
f 	14642	14644	14645
f 	14455	14423	14280
f 	14455	14280	14424
f 	14326	14323	14327
f 	9294	9293	9297
f 	9294	9297	9298
f 	9303	9344	9347
f 	9404	9386	9389
f 	8078	8080	8079
f 	9350	9383	9355
f 	11513	11514	11512
f 	11513	11512	11511
f 	11515	11514	11513
f 	10419	10466	10817
f 	1314	1335	1313
f 	5137	5136	5135
f 	1367	1304	1305
f 	5092	5093	5091
f 	3771	3769	3774
f 	7511	7512	7510
f 	1304	1303	1305
f 	1316	1331	1315
f 	5092	5094	5093
f 	7508	7509	7507
f 	3835	3772	3773
f 	5133	5132	5131
f 	7549	7548	7547
f 	3784	3799	3783
f 	3834	3835	3822
f 	7506	7507	7505
f 	1366	1367	1354
f 	5090	5091	5089
f 	3772	3771	3773
f 	7508	7510	7509
f 	1301	1302	1307
f 	5097	5098	5096
f 	5128	5127	5126
f 	1319	1327	1318
f 	3787	3795	3786
f 	7544	7543	7542
f 	3782	3803	3781
f 	7553	7552	7551
f 	7542	7540	7541
f 	3788	3789	3787
f 	5126	5124	5125
f 	1320	1321	1319
f 	3783	3801	3782
f 	7551	7550	7549
f 	7546	7545	7544
f 	3786	3797	3785
f 	1318	1329	1317
f 	5130	5129	5128
f 	1317	1329	1316
f 	5131	5129	5130
f 	3769	3770	3775
f 	3833	3834	3824
f 	7504	7505	7503
f 	7513	7514	7512
f 	3785	3797	3784
f 	7547	7545	7546
f 	3746	3833	3745
f 	7501	7503	7502
f 	5088	5089	5087
f 	1365	1366	1356
f 	11515	11516	11514
f 	1303	1301	1306
f 	5095	5096	5094
f 	1278	1365	1277
f 	5085	5087	5086
f 	5135	5134	5133
f 	1315	1333	1314
f 	14095	14096	14162
f 	13554	13552	13553
f 	13571	13572	13611
f 	14036	14034	14037
f 	13396	13406	13397
f 	13407	13281	13280
f 	13794	13804	13795
f 	13805	13866	13865
f 	8152	8151	8150
f 	8152	8150	8153
f 	8106	8105	8104
f 	8106	8104	8107
f 	8117	8119	8120
f 	8117	8120	8122
f 	8163	8165	8166
f 	8163	8166	8168
f 	13257	13246	13259
f 	13245	13247	13262
f 	13983	13950	13982
f 	13949	13769	14045
f 	9296	9295	9292
f 	9296	9292	9291
f 	14302	14300	14299
f 	14302	14299	14301
f 	14298	14296	14295
f 	14298	14295	14297
f 	14284	14282	14281
f 	14284	14281	14283
f 	14296	14294	14293
f 	14296	14293	14295
f 	14284	14283	14285
f 	14284	14285	14286
f 	14291	14292	14290
f 	14291	14290	14289
f 	14287	14288	14286
f 	14287	14286	14285
f 	14299	14300	14298
f 	14299	14298	14297
f 	14293	14294	14292
f 	14293	14292	14291
f 	14289	14290	14288
f 	14289	14288	14287
f 	17166	17164	17163
f 	11361	11355	11356
f 	11361	11356	11360
f 	11419	11420	11418
f 	11419	11418	11417
f 	11266	10778	10779
f 	11266	10779	11267
f 	11379	11380	11378
f 	11379	11378	11377
f 	11399	11400	11398
f 	11399	11398	11397
f 	11439	11440	11438
f 	11439	11438	11437
f 	11457	11472	11473
f 	11457	11473	11456
f 	11295	10749	10750
f 	11295	10750	11297
f 	11343	11344	11485
f 	11343	11485	11484
f 	11476	11493	11494
f 	11476	11494	11475
f 	11495	11293	11294
f 	11495	11294	11296
f 	11327	11328	10763
f 	11327	10763	11310
f 	11333	11334	10761
f 	11333	10761	11308
f 	11371	11280	11330
f 	11371	11330	11329
f 	11369	11282	11336
f 	11369	11336	11335
f 	11315	11316	10767
f 	11315	10767	11314
f 	11321	11322	10765
f 	11321	10765	11312
f 	11305	10758	10759
f 	11305	10759	11306
f 	11302	10755	10756
f 	11302	10756	11303
f 	11275	11276	11318
f 	11275	11318	11317
f 	11373	11278	11324
f 	11373	11324	11323
f 	11367	11284	11285
f 	11367	11285	11339
f 	11365	11287	11288
f 	11365	11288	11342
f 	11300	10753	10754
f 	11300	10754	11301
f 	11364	11289	11290
f 	11364	11290	11363
f 	11352	11353	11496
f 	11352	11496	11497
f 	11351	11352	11497
f 	11351	11497	11498
f 	11268	10780	11269
f 	11268	11269	11270
f 	11309	10762	11332
f 	11309	11332	11331
f 	11307	10760	11338
f 	11307	11338	11337
f 	11304	10757	11341
f 	11304	11341	11340
f 	11298	10751	11347
f 	11298	11347	11346
f 	11358	11357	11292
f 	11358	11292	11359
f 	11416	11415	11281
f 	11416	11281	11370
f 	11436	11435	11283
f 	11436	11283	11368
f 	11455	11474	11286
f 	11455	11286	11366
f 	11489	11490	11479
f 	11489	11479	11480
f 	11257	10768	10770
f 	11257	10770	11258
f 	11488	11489	11480
f 	11488	11480	11481
f 	11313	10766	11320
f 	11313	11320	11319
f 	11311	10764	11326
f 	11311	11326	11325
f 	11376	11375	11277
f 	11376	11277	11374
f 	11396	11395	11279
f 	11396	11279	11372
f 	11501	11348	11349
f 	11501	11349	11500
f 	11414	11403	11404
f 	11414	11404	11405
f 	10775	10776	11264
f 	10775	11264	11263
f 	11394	11383	11384
f 	11394	11384	11385
f 	11434	11423	11424
f 	11434	11424	11425
f 	11454	11443	11444
f 	11454	11444	11445
f 	11469	11470	11459
f 	11469	11459	11460
f 	11413	11414	11405
f 	11413	11405	11406
f 	10774	10775	11263
f 	10774	11263	11262
f 	11393	11394	11385
f 	11393	11385	11386
f 	11433	11434	11425
f 	11433	11425	11426
f 	11453	11454	11445
f 	11453	11445	11446
f 	11468	11469	11460
f 	11468	11460	11461
f 	11429	11430	11431
f 	11429	11431	11428
f 	11391	11392	11387
f 	11391	11387	11388
f 	11389	11390	11391
f 	11389	11391	11388
f 	11411	11412	11407
f 	11411	11407	11408
f 	11409	11410	11411
f 	11409	11411	11408
f 	11451	11452	11447
f 	11451	11447	11448
f 	11449	11450	11451
f 	11449	11451	11448
f 	11466	11467	11462
f 	11466	11462	11463
f 	11464	11465	11466
f 	11464	11466	11463
f 	11486	11487	11482
f 	11486	11482	11483
f 	11349	11350	11499
f 	11349	11499	11500
f 	11259	10771	10772
f 	11259	10772	11260
f 	10772	10773	11261
f 	10772	11261	11260
f 	11431	11432	11427
f 	11431	11427	11428
f 	11487	11488	11481
f 	11487	11481	11482
f 	11490	11491	11478
f 	11490	11478	11479
f 	11392	11393	11386
f 	11392	11386	11387
f 	11432	11433	11426
f 	11432	11426	11427
f 	11452	11453	11446
f 	11452	11446	11447
f 	11467	11468	11461
f 	11467	11461	11462
f 	10773	10774	11262
f 	10773	11262	11261
f 	11412	11413	11406
f 	11412	11406	11407
f 	10776	10777	11265
f 	10776	11265	11264
f 	11383	11381	11382
f 	11383	11382	11384
f 	11423	11421	11422
f 	11423	11422	11424
f 	11443	11441	11442
f 	11443	11442	11444
f 	11470	11471	11458
f 	11470	11458	11459
f 	11403	11401	11402
f 	11403	11402	11404
f 	11350	11351	11498
f 	11350	11498	11499
f 	11353	11354	11362
f 	11353	11362	11496
f 	11477	11492	11493
f 	11477	11493	11476
f 	11377	11378	11375
f 	11377	11375	11376
f 	11319	11320	11390
f 	11319	11390	11389
f 	11397	11398	11395
f 	11397	11395	11396
f 	11325	11326	11410
f 	11325	11410	11409
f 	11267	10779	10780
f 	11267	10780	11268
f 	11417	11418	11415
f 	11417	11415	11416
f 	11331	11332	11430
f 	11331	11430	11429
f 	11437	11438	11435
f 	11437	11435	11436
f 	11337	11338	11450
f 	11337	11450	11449
f 	11340	11341	11465
f 	11340	11465	11464
f 	11456	11473	11474
f 	11456	11474	11455
f 	11258	10770	10771
f 	11258	10771	11259
f 	11360	11356	11357
f 	11360	11357	11358
f 	11346	11347	11348
f 	11346	11348	11501
f 	11299	10752	10753
f 	11299	10753	11300
f 	11363	11290	11291
f 	11363	11291	11345
f 	10320	10363	10322
f 	14645	14644	14646
f 	10312	10321	10323
f 	14624	14625	14623
f 	10777	10778	11266
f 	10777	11266	11265
f 	11354	11355	11361
f 	11354	11361	11362
f 	11381	11380	11379
f 	11381	11379	11382
f 	11401	11400	11399
f 	11401	11399	11402
f 	11441	11440	11439
f 	11441	11439	11442
f 	11471	11472	11457
f 	11471	11457	11458
f 	11491	11492	11477
f 	11491	11477	11478
f 	11421	11420	11419
f 	11421	11419	11422
f 	11270	11269	11276
f 	11270	11276	11275
f 	11314	10767	10768
f 	11314	10768	11257
f 	11312	10765	10766
f 	11312	10766	11313
f 	11310	10763	10764
f 	11310	10764	11311
f 	11306	10759	10760
f 	11306	10760	11307
f 	11303	10756	10757
f 	11303	10757	11304
f 	11374	11277	11278
f 	11374	11278	11373
f 	11372	11279	11280
f 	11372	11280	11371
f 	11368	11283	11284
f 	11368	11284	11367
f 	11366	11286	11287
f 	11366	11287	11365
f 	11308	10761	10762
f 	11308	10762	11309
f 	11370	11281	11282
f 	11370	11282	11369
f 	11484	11485	11486
f 	11484	11486	11483
f 	11297	10750	10751
f 	11297	10751	11298
f 	11359	11292	11293
f 	11359	11293	11495
f 	11301	10754	11344
f 	11301	11344	11343
f 	11475	11494	11289
f 	11475	11289	11364
f 	12708	12518	12709
f 	12519	12711	12710
f 	12720	12718	12724
f 	12719	12723	12725
f 	12963	12778	12964
f 	12779	12966	12965
f 	12979	12977	12984
f 	12978	12983	12985
f 	14303	14302	14301
f 	14303	14301	14304
f 	14281	14282	14279
f 	14281	14279	14277
f 	14422	14454	14451
f 	14422	14451	14421
f 	14419	14420	14452
f 	14419	14452	14453
f 	14421	14451	14452
f 	14421	14452	14420
f 	14455	14454	14422
f 	14455	14422	14423
f 	13409	13276	13275
f 	13868	13861	13860
f 	13401	13404	13402
f 	13799	13802	13800
f 	14324	14347	14330
f 	13246	13515	13514
f 	13950	14076	14075
f 	13510	13260	13511
f 	14044	13989	14072
f 	6428	6429	6426
f 	6428	6426	6430
f 	6428	6430	6431
f 	6428	6431	6432
f 	6428	6432	6433
f 	6428	6433	6427
f 	10303	10329	10331
f 	10328	10371	10330
f 	14612	14613	14611
f 	14657	14656	14658
f 	12668	12664	12667
f 	12692	12689	12691
f 	12908	12904	12907
f 	12948	12943	12947
f 	12657	12660	12659
f 	12674	12675	12673
f 	12897	12900	12899
f 	12924	12930	12929
f 	14916	14912	14913
f 	14916	14913	14917
f 	14824	14825	14820
f 	14824	14820	14821
f 	14918	14919	14914
f 	14918	14914	14915
f 	14822	14818	14819
f 	14822	14819	14823
f 	14231	12141	14232
f 	11523	10787	11524
f 	11524	10787	11525
f 	10999	11009	11008
f 	15306	15313	15312
f 	40	39	42
f 	40	42	41
f 	42	39	44
f 	42	44	43
f 	9154	9158	9157
f 	9218	9153	9219
f 	7716	7719	7665
f 	11206	11249	11207
f 	14336	14328	14344
f 	12032	12098	12031
f 	10118	10137	10138
f 	14498	14596	14488
f 	10159	10187	10158
f 	9164	9141	9165
f 	10303	10327	10329
f 	10326	10371	10328
f 	14612	14614	14613
f 	14651	14656	14657
f 	10247	10278	10279
f 	14526	14634	14633
f 	10243	10240	10244
f 	14635	14530	14636
f 	13348	13349	13347
f 	13776	13777	13778
f 	13268	13172	13267
f 	13807	13698	13808
f 	41	43	44
f 	41	44	40
f 	13129	13130	13134
f 	13133	13134	13130
f 	13145	13146	13150
f 	13149	13150	13146
f 	9234	9315	9314
f 	15	14	16
f 	14942	14941	14943
f 	14831	14833	14828
f 	14831	14828	14829
f 	14925	14927	14922
f 	14925	14922	14923
f 	14921	14926	14924
f 	14921	14924	14920
f 	14827	14832	14830
f 	14827	14830	14826
f 	13659	13413	13660
f 	13870	13872	14206
f 	13414	13658	13661
f 	13873	13871	14199
f 	7973	8051	8050
f 	7973	8050	7974
f 	8082	8081	8083
f 	7931	7889	7890
f 	7931	7890	7930
f 	13410	13275	13274
f 	13839	13860	13859
f 	13402	13403	13391
f 	13800	13801	13779
f 	10866	10862	10861
f 	10862	10866	10865
f 	10860	10868	10867
f 	10868	10860	10859
f 	12644	12662	12668
f 	12695	12694	12692
f 	12883	12902	12908
f 	12950	12949	12948
f 	12655	12643	12660
f 	12677	12678	12675
f 	12895	12882	12900
f 	12932	12933	12930
f 	7906	7878	7879
f 	7906	7879	7907
f 	13141	13144	13143
f 	13142	13148	13140
f 	13119	13121	13120
f 	13123	13132	13122
f 	8322	8219	8218
f 	87	91	93
f 	87	93	90
f 	3187	3178	3117
f 	6872	7089	7079
f 	3229	3641	3640
f 	6978	7018	7017
f 	629	620	444
f 	2171	1819	1732
f 	4283	4459	4458
f 	5703	5794	5810
f 	602	595	440
f 	2143	2137	1728
f 	4287	4467	4466
f 	5707	5764	5801
f 	3158	3153	3118
f 	6875	7358	7394
f 	599	427	433
f 	2153	1715	1721
f 	4289	4471	4470
f 	5709	5751	5803
f 	3173	3168	3114
f 	6871	7371	7390
f 	615	612	442
f 	2130	2122	1730
f 	4285	4463	4462
f 	5705	5777	5797
f 	6880	6893	6891
f 	3302	3290	3124
f 	4292	4305	4303
f 	5712	5580	5718
f 	408	395	407
f 	1696	1683	1695
f 	6879	6882	7398
f 	3127	3126	3122
f 	417	415	416
f 	1705	1703	1704
f 	4291	4294	4474
f 	5711	5598	5741
f 	3143	3137	3120
f 	6877	7345	7396
f 	4042	4082	4081
f 	5502	5531	5533
f 	335	468	467
f 	1622	2038	1992
f 	15488	15469	15489
f 	12402	12412	12404
f 	12455	12465	12457
f 	12492	12502	12494
f 	12514	12493	12495
f 	12569	12456	12458
f 	12753	12763	12755
f 	12774	12754	12756
f 	12797	12403	12405
f 	99	101	102
f 	99	102	100
f 	14411	14410	14449
f 	14411	14449	14447
f 	14463	14397	14399
f 	14463	14399	14436
f 	13125	13126	13124
f 	13125	13124	13121
f 	13129	13134	13128
f 	13129	13128	13127
f 	13135	13136	13133
f 	13135	13133	13130
f 	13131	13132	13138
f 	13131	13138	13137
f 	13152	13154	13151
f 	13152	13151	13144
f 	13145	13150	13155
f 	13145	13155	13153
f 	13156	13157	13149
f 	13156	13149	13146
f 	13147	13148	13159
f 	13147	13159	13158
f 	10691	10692	10866
f 	14446	14448	14456
f 	14446	14456	14445
f 	14444	14457	14458
f 	14444	14458	14443
f 	14442	14459	14460
f 	14442	14460	14441
f 	14439	14462	14437
f 	14439	14437	14438
f 	14444	14445	14456
f 	14444	14456	14457
f 	14411	14447	14448
f 	14411	14448	14446
f 	14441	14460	14461
f 	14441	14461	14440
f 	14399	14438	14437
f 	14399	14437	14436
f 	14439	14440	14461
f 	14439	14461	14462
f 	14442	14443	14458
f 	14442	14458	14459
f 	7780	7802	7814
f 	7780	7814	7782
f 	9385	9390	9388
f 	8334	8350	8337
f 	10822	10561	10824
f 	14667	10473	10471
f 	9350	9376	9382
f 	10838	10559	10837
f 	14676	10468	14675
f 	10825	10558	10821
f 	10840	10559	10839
f 	14678	10468	14677
f 	16406	16410	16413
f 	16448	16465	16451
f 	10248	10280	10281
f 	10245	10246	10282
f 	14628	14632	14631
f 	14637	14638	14639
f 	8534	8426	8477
f 	8534	8477	8532
f 	8534	8532	8533
f 	13585	13504	13505
f 	14008	14003	14005
f 	13495	13496	13494
f 	13996	13997	13995
f 	13522	13620	13525
f 	14148	14184	14183
f 	13526	13524	13602
f 	14154	14169	14168
f 	8204	8239	8240
f 	8204	8240	8241
f 	8204	8241	8242
f 	3301	3290	3300
f 	6895	6893	6894
f 	4307	4305	4306
f 	5720	5580	5719
f 	406	395	405
f 	1694	1683	1693
f 	3405	3213	3404
f 	7131	7072	7130
f 	3401	3215	3400
f 	7135	7070	7134
f 	378	389	390
f 	1666	1677	1678
f 	4317	4319	4318
f 	5725	5726	5562
f 	3273	3284	3285
f 	6905	6907	6906
f 	3124	3126	3306
f 	6883	6882	6880
f 	407	415	412
f 	1695	1703	1700
f 	4295	4294	4292
f 	5714	5598	5712
f 	4447	4275	4448
f 	5860	5695	5859
f 	654	452	655
f 	1802	1740	1801
f 	4443	4273	4444
f 	5864	5693	5863
f 	658	454	659
f 	1798	1742	1797
f 	650	450	651
f 	1806	1738	1805
f 	4451	4277	4452
f 	5856	5697	5855
f 	3409	3211	3408
f 	7127	7074	7126
f 	14305	14306	14302
f 	14305	14302	14303
f 	14282	14426	14425
f 	14282	14425	14279
f 	13398	13405	13399
f 	13408	13279	13278
f 	13796	13803	13797
f 	13869	13864	13863
f 	17096	17092	17095
f 	12400	12412	12402
f 	12453	12465	12455
f 	12490	12502	12492
f 	12514	12491	12493
f 	12569	12454	12456
f 	12751	12763	12753
f 	12774	12752	12754
f 	12797	12401	12403
f 	10837	10559	10836
f 	14675	10468	14674
f 	13408	13278	13277
f 	13869	13863	13862
f 	13399	13405	13400
f 	13797	13803	13798
f 	11250	11214	11251
f 	11837	11832	11833
f 	11837	11833	11834
f 	11837	11834	11835
f 	11837	11835	11831
f 	11837	11831	11830
f 	11837	11830	10986
f 	11837	10986	11836
f 	11152	11154	11155
f 	11152	11155	11156
f 	11152	11156	11157
f 	11152	11157	11158
f 	11152	11158	11142
f 	11152	11142	10963
f 	11152	10963	11151
f 	11145	11146	11147
f 	11145	11147	11144
f 	11145	11144	11143
f 	11145	11143	11148
f 	11145	11148	11149
f 	11145	11149	11150
f 	11884	11879	11880
f 	11884	11880	11881
f 	11884	11881	11882
f 	11884	11882	11878
f 	11884	11878	11876
f 	11884	11876	10972
f 	11884	10972	11883
f 	11886	11892	11890
f 	11886	11890	11875
f 	11886	11875	11877
f 	11886	11877	11893
f 	11886	11893	11894
f 	11886	11894	11895
f 	11916	11914	11915
f 	11916	11915	11903
f 	11916	11903	11904
f 	11916	11904	11913
f 	11916	11913	11911
f 	11916	11911	11899
f 	11916	11899	11900
f 	11918	11919	11909
f 	11918	11909	11910
f 	11918	11910	11912
f 	11918	11912	11920
f 	11918	11920	11905
f 	11918	11905	11906
f 	11081	11079	11080
f 	11081	11080	11075
f 	11081	11075	11073
f 	11081	11073	11069
f 	11081	11069	11070
f 	11081	11070	10967
f 	11081	10967	11078
f 	11083	11089	11087
f 	11083	11087	11088
f 	11083	11088	11071
f 	11083	11071	11072
f 	11083	11072	11074
f 	11083	11074	11085
f 	11864	11862	11863
f 	11864	11863	11858
f 	11864	11858	11856
f 	11864	11856	11852
f 	11864	11852	11853
f 	11864	11853	11779
f 	11864	11779	11861
f 	10926	10924	10925
f 	10926	10925	10920
f 	10926	10920	10918
f 	10926	10918	10914
f 	10926	10914	10915
f 	10926	10915	10893
f 	10926	10893	10923
f 	10928	10934	10932
f 	10928	10932	10933
f 	10928	10933	10916
f 	10928	10916	10917
f 	10928	10917	10919
f 	10928	10919	10930
f 	11022	11024	11025
f 	11022	11025	11026
f 	11022	11026	11027
f 	11022	11027	10944
f 	11022	10944	10945
f 	11022	10945	10948
f 	11022	10948	11021
f 	11015	11016	11017
f 	11015	11017	11014
f 	11015	11014	10947
f 	11015	10947	11018
f 	11015	11018	11019
f 	11015	11019	11020
f 	11103	11098	11099
f 	11103	11099	11100
f 	11103	11100	11101
f 	11103	11101	11097
f 	11103	11097	11095
f 	11103	11095	10954
f 	11103	10954	11102
f 	11130	11132	11133
f 	11130	11133	11134
f 	11130	11134	11135
f 	11130	11135	11119
f 	11130	11119	11120
f 	11130	11120	11118
f 	11130	11118	11129
f 	11105	11111	11109
f 	11105	11109	11094
f 	11105	11094	11096
f 	11105	11096	11112
f 	11105	11112	11113
f 	11105	11113	11114
f 	11123	11124	11125
f 	11123	11125	11122
f 	11123	11122	11121
f 	11123	11121	11126
f 	11123	11126	11127
f 	11123	11127	11128
f 	11224	11226	11227
f 	11224	11227	11228
f 	11224	11228	11229
f 	11224	11229	11009
f 	11224	11009	11010
f 	11224	11010	11002
f 	11224	11002	11003
f 	11043	11037	11038
f 	11043	11038	11039
f 	11043	11039	11040
f 	11043	11040	11036
f 	11043	11036	11035
f 	11043	11035	11041
f 	11043	11041	11042
f 	11045	11053	11052
f 	11045	11052	11050
f 	11045	11050	11034
f 	11045	11034	11054
f 	11045	11054	11055
f 	11045	11055	11056
f 	11793	11795	11796
f 	11793	11796	11797
f 	11793	11797	11798
f 	11793	11798	11782
f 	11793	11782	11783
f 	11793	11783	10979
f 	11793	10979	11792
f 	11786	11787	11788
f 	11786	11788	11785
f 	11786	11785	11784
f 	11786	11784	11789
f 	11786	11789	11790
f 	11786	11790	11791
f 	11752	11753	11754
f 	11752	11754	11751
f 	11752	11751	11176
f 	11752	11176	11755
f 	11752	11755	11756
f 	11752	11756	11757
f 	11759	11761	11762
f 	11759	11762	11763
f 	11759	11763	11764
f 	11759	11764	11174
f 	11759	11174	11175
f 	11759	11175	10991
f 	11759	10991	11758
f 	11814	11809	11810
f 	11814	11810	11811
f 	11814	11811	11812
f 	11814	11812	11808
f 	11814	11808	11805
f 	11814	11805	11172
f 	11814	11172	11813
f 	11816	11823	11820
f 	11816	11820	11822
f 	11816	11822	11806
f 	11816	11806	11824
f 	11816	11824	11825
f 	11816	11825	11826
f 	11187	11182	11183
f 	11187	11183	11184
f 	11187	11184	11185
f 	11187	11185	11181
f 	11187	11181	11178
f 	11187	11178	10996
f 	11187	10996	11186
f 	11189	11195	11193
f 	11189	11193	11177
f 	11189	11177	11179
f 	11189	11179	11196
f 	11189	11196	11197
f 	11189	11197	11198
f 	14839	14838	14841
f 	14839	14841	14840
f 	14745	14744	14747
f 	14745	14747	14746
f 	14747	14744	14749
f 	14747	14749	14748
f 	14841	14838	14843
f 	14841	14843	14842
f 	10276	10277	10247
f 	10240	10242	10241
f 	13481	13475	13482
f 	14063	14057	14064
f 	13472	13476	13474
f 	14054	14058	14056
f 	13229	13230	13226
f 	13239	13237	13238
f 	13931	13932	13929
f 	13941	13939	13940
f 	14349	14350	14348
f 	14336	14343	14338
f 	14432	14431	14292
f 	14432	14292	14294
f 	14433	14432	14294
f 	14433	14294	14296
f 	14431	14430	14290
f 	14431	14290	14292
f 	14284	14427	14426
f 	14284	14426	14282
f 	14286	14428	14427
f 	14286	14427	14284
f 	14300	14302	14306
f 	14300	14306	14435
f 	14290	14430	14429
f 	14290	14429	14288
f 	14435	14434	14298
f 	14435	14298	14300
f 	14298	14434	14433
f 	14298	14433	14296
f 	14288	14429	14428
f 	14288	14428	14286
f 	13400	13404	13401
f 	13409	13277	13276
f 	13798	13802	13799
f 	13868	13862	13861
f 	14225	12141	14228
f 	14436	14306	14305
f 	14436	14305	14463
f 	14447	14449	14425
f 	14447	14425	14426
f 	9286	9279	9280
f 	10696	10698	10699
f 	10696	10699	10697
f 	10856	10702	10706
f 	10856	10706	10870
f 	15468	15475	15474
f 	13584	13507	13583
f 	14007	14006	14012
f 	14746	14748	14749
f 	14746	14749	14745
f 	14840	14842	14843
f 	14840	14843	14839
f 	17160	17161	17167
f 	10304	10333	10335
f 	10332	10360	10334
f 	14609	14610	14557
f 	14660	14659	14542
f 	9231	9232	9233
f 	11951	10597	11952
f 	8592	8604	8603
f 	8592	8603	8597
f 	16311	16310	16306
f 	16351	16373	16352
f 	14395	14389	14390
f 	14395	14390	14394
f 	14383	14384	14382
f 	14383	14382	14381
f 	14384	14383	14389
f 	14384	14389	14395
f 	14382	14380	14379
f 	14382	14379	14381
f 	13450	13191	13451
f 	13986	13717	13987
f 	13212	13422	13421
f 	13739	13912	13911
f 	12327	12249	12328
f 	17406	17352	17351
f 	17406	17351	17365
f 	17269	17268	17204
f 	17269	17204	17203
f 	10894	10895	10937
f 	17407	17365	17351
f 	17407	17351	17364
f 	17270	17269	17203
f 	17270	17203	17202
f 	11840	11841	11838
f 	11840	11838	11832
f 	11836	11843	11846
f 	11836	11846	11837
f 	11851	11850	11844
f 	11851	11844	11842
f 	11833	11839	11849
f 	11833	11849	11834
f 	11829	11847	11848
f 	11829	11848	11849
f 	11829	11849	11839
f 	11829	11839	11846
f 	11829	11846	11843
f 	11829	11843	11845
f 	10921	10929	10927
f 	10921	10927	10924
f 	10923	10932	10934
f 	10923	10934	10926
f 	10935	10936	10931
f 	10935	10931	10922
f 	10925	10928	10930
f 	10925	10930	10920
f 	11046	11047	11044
f 	11046	11044	11037
f 	11042	11052	11053
f 	11042	11053	11043
f 	11059	11058	11057
f 	11059	11057	11049
f 	11038	11045	11056
f 	11038	11056	11039
f 	11151	11147	11146
f 	11151	11146	11152
f 	11160	11161	11159
f 	11160	11159	11154
f 	11162	11163	11164
f 	11162	11164	11153
f 	11155	11145	11150
f 	11155	11150	11156
f 	11792	11788	11787
f 	11792	11787	11793
f 	11800	11801	11799
f 	11800	11799	11795
f 	11802	11803	11804
f 	11802	11804	11794
f 	11796	11786	11791
f 	11796	11791	11797
f 	11902	11907	11917
f 	11902	11917	11914
f 	11915	11918	11906
f 	11915	11906	11903
f 	11900	11909	11919
f 	11900	11919	11916
f 	11921	11922	11908
f 	11921	11908	11901
f 	11854	11855	11857
f 	11854	11857	11868
f 	11854	11868	11866
f 	11854	11866	11872
f 	11854	11872	11870
f 	11854	11870	11871
f 	11021	11017	11016
f 	11021	11016	11022
f 	11029	11030	11028
f 	11029	11028	11024
f 	11031	11032	11033
f 	11031	11033	11023
f 	11025	11015	11020
f 	11025	11020	11026
f 	11076	11084	11082
f 	11076	11082	11079
f 	11078	11087	11089
f 	11078	11089	11081
f 	11090	11091	11086
f 	11090	11086	11077
f 	11080	11083	11085
f 	11080	11085	11075
f 	11106	11107	11104
f 	11106	11104	11098
f 	11102	11109	11111
f 	11102	11111	11103
f 	11116	11115	11110
f 	11116	11110	11108
f 	11099	11105	11114
f 	11099	11114	11100
f 	11129	11125	11124
f 	11129	11124	11130
f 	11137	11138	11136
f 	11137	11136	11132
f 	11139	11140	11141
f 	11139	11141	11131
f 	11133	11123	11128
f 	11133	11128	11134
f 	11859	11867	11865
f 	11859	11865	11862
f 	11861	11870	11872
f 	11861	11872	11864
f 	11873	11874	11869
f 	11873	11869	11860
f 	11863	11866	11868
f 	11863	11868	11858
f 	11887	11888	11885
f 	11887	11885	11879
f 	11883	11890	11892
f 	11883	11892	11884
f 	11897	11896	11891
f 	11897	11891	11889
f 	11880	11886	11895
f 	11880	11895	11881
f 	11011	11217	11222
f 	11011	11222	11223
f 	11011	11223	11218
f 	11011	11218	11219
f 	11011	11219	11220
f 	11011	11220	11221
f 	11003	11220	11219
f 	11003	11219	11224
f 	11227	11218	11223
f 	11227	11223	11228
f 	11190	11191	11188
f 	11190	11188	11182
f 	11186	11193	11195
f 	11186	11195	11187
f 	11200	11199	11194
f 	11200	11194	11192
f 	11183	11189	11198
f 	11183	11198	11184
f 	11005	11231	11230
f 	11005	11230	11226
f 	11233	11232	11225
f 	11233	11225	11004
f 	11758	11754	11753
f 	11758	11753	11759
f 	11762	11752	11757
f 	11762	11757	11763
f 	11768	11769	11767
f 	11768	11767	11760
f 	11770	11766	11765
f 	11770	11765	11761
f 	11817	11818	11815
f 	11817	11815	11809
f 	11813	11820	11823
f 	11813	11823	11814
f 	11828	11827	11821
f 	11828	11821	11819
f 	11810	11816	11826
f 	11810	11826	11811
f 	14912	14916	14918
f 	14912	14918	14915
f 	14818	14822	14824
f 	14818	14824	14821
f 	10685	10886	10888
f 	10896	10693	10897
f 	14460	14432	14433
f 	14460	14433	14461
f 	14437	14462	14434
f 	14437	14434	14435
f 	14458	14457	14429
f 	14458	14429	14430
f 	14459	14431	14432
f 	14459	14432	14460
f 	14428	14456	14448
f 	14428	14448	14427
f 	14457	14456	14428
f 	14457	14428	14429
f 	14459	14458	14430
f 	14459	14430	14431
f 	14461	14433	14434
f 	14461	14434	14462
f 	14448	14447	14426
f 	14448	14426	14427
f 	14437	14435	14306
f 	14437	14306	14436
f 	13214	13205	13213
f 	13211	13424	13423
f 	13738	13914	13913
f 	13967	13731	13968
f 	10195	10381	10380
f 	14515	14514	14516
f 	14513	14570	14569
f 	10192	10194	10193
f 	10388	10232	10380
f 	14516	14517	14518
f 	10193	10233	10235
f 	14576	14522	14569
f 	17408	17407	17364
f 	17408	17364	17363
f 	17271	17270	17202
f 	17271	17202	17201
f 	10244	10240	10245
f 	10247	10279	10280
f 	14526	14633	14632
f 	14636	14530	14637
f 	305	498	306
f 	2021	2029	2018
f 	4090	4117	4091
f 	5408	5407	5406
f 	3719	3726	3665
f 	6958	6957	6956
f 	3597	3595	3594
f 	7105	7301	7106
f 	897	896	898
f 	1844	2112	1833
f 	4552	4595	4591
f 	5834	5940	5835
f 	7120	7291	7121
f 	3416	3424	3417
f 	805	801	804
f 	1847	2101	1848
f 	4555	4397	4556
f 	5849	5627	5850
f 	16703	16667	16666
f 	16703	16666	16704
f 	16588	16552	16551
f 	16588	16551	16589
f 	16615	16636	16635
f 	16615	16635	16616
f 	14830	14832	14833
f 	14830	14833	14831
f 	14924	14926	14927
f 	14924	14927	14925
f 	3773	3771	3774
f 	7511	7510	7508
f 	7508	7507	7506
f 	3822	3835	3773
f 	1354	1367	1305
f 	5092	5091	5090
f 	1305	1303	1306
f 	5095	5094	5092
f 	1329	1331	1316
f 	3797	3799	3784
f 	5131	5132	5129
f 	7547	7548	7545
f 	1327	1329	1318
f 	5128	5129	5127
f 	3795	3797	3786
f 	7544	7545	7543
f 	3801	3803	3782
f 	7551	7552	7550
f 	3774	3769	3775
f 	7513	7512	7511
f 	7506	7505	7504
f 	3824	3834	3822
f 	1356	1366	1354
f 	5090	5089	5088
f 	1333	1335	1314
f 	5135	5136	5134
f 	3789	3795	3787
f 	7542	7543	7540
f 	3799	3801	3783
f 	7549	7550	7548
f 	1321	1327	1319
f 	5126	5127	5124
f 	1331	1333	1315
f 	5133	5134	5132
f 	1306	1301	1307
f 	5097	5096	5095
f 	3745	3833	3824
f 	7504	7503	7501
f 	1277	1365	1356
f 	5088	5087	5085
f 	1149	1159	1160
f 	4990	4992	4993
f 	2914	2913	2911
f 	6684	6685	6686
f 	3041	3051	3052
f 	6840	6842	6843
f 	9307	9225	9345
f 	8186	8187	8184
f 	8186	8184	8183
f 	1022	1021	1019
f 	4834	4835	4836
f 	12638	12645	12644
f 	12698	12697	12695
f 	12876	12884	12883
f 	12953	12952	12950
f 	12642	12639	12643
f 	12680	12681	12678
f 	12881	12877	12882
f 	12935	12936	12933
f 	10134	10135	10118
f 	10189	10188	10159
f 	12010	12011	12009
f 	14572	14577	14575
f 	10072	10171	10172
f 	10206	10207	10387
f 	12100	12099	12032
f 	14598	14597	14498
f 	8296	8589	8588
f 	8296	8588	8297
f 	12398	12414	12413
f 	12451	12467	12466
f 	12488	12504	12503
f 	12512	12489	12513
f 	12566	12452	12568
f 	12749	12765	12764
f 	12772	12750	12773
f 	12792	12399	12795
f 	14394	14390	14391
f 	14394	14391	14392
f 	14379	14380	14377
f 	14379	14377	14378
f 	17408	17363	17362
f 	17408	17362	17409
f 	17272	17271	17201
f 	17272	17201	17200
f 	13627	13628	13642
f 	13627	13642	13641
f 	14141	14142	14125
f 	14141	14125	14124
f 	13595	13594	13596
f 	13595	13596	13645
f 	14112	14105	14104
f 	14112	14104	14113
f 	13638	13624	13625
f 	13638	13625	13639
f 	14121	14136	14137
f 	14121	14137	14122
f 	13629	13630	13644
f 	13629	13644	13643
f 	14143	14145	14127
f 	14143	14127	14126
f 	13580	13579	13593
f 	13580	13593	13592
f 	13647	13598	13599
f 	13647	13599	13648
f 	14107	14106	14111
f 	14107	14111	14110
f 	14129	14152	14151
f 	14129	14151	14130
f 	13583	13582	13590
f 	13583	13590	13588
f 	13621	13635	13634
f 	13621	13634	13649
f 	14012	14016	14017
f 	14012	14017	14014
f 	14133	14118	14117
f 	14133	14117	14131
f 	13582	13581	13591
f 	13582	13591	13590
f 	13649	13634	13633
f 	13649	13633	13650
f 	14016	14108	14109
f 	14016	14109	14017
f 	14131	14117	14116
f 	14131	14116	14132
f 	13646	13597	13598
f 	13646	13598	13647
f 	14114	14115	14152
f 	14114	14152	14129
f 	13587	13589	13632
f 	13587	13632	13631
f 	13637	13636	13622
f 	13637	13622	13623
f 	14120	14119	14134
f 	14120	14134	14135
f 	14013	14015	14128
f 	14013	14128	14146
f 	13583	13588	13589
f 	13583	13589	13587
f 	13636	13635	13621
f 	13636	13621	13622
f 	14012	14014	14015
f 	14012	14015	14013
f 	14119	14118	14133
f 	14119	14133	14134
f 	13638	13637	13623
f 	13638	13623	13624
f 	13631	13632	13644
f 	13631	13644	13630
f 	14121	14120	14135
f 	14121	14135	14136
f 	14146	14128	14127
f 	14146	14127	14145
f 	13640	13639	13625
f 	13640	13625	13626
f 	14123	14122	14137
f 	14123	14137	14139
f 	13640	13626	13627
f 	13640	13627	13641
f 	14123	14139	14141
f 	14123	14141	14124
f 	13646	13645	13596
f 	13646	13596	13597
f 	14114	14113	14104
f 	14114	14104	14115
f 	16703	16702	16668
f 	16703	16668	16667
f 	16587	16553	16552
f 	16587	16552	16588
f 	16615	16614	16637
f 	16615	16637	16636
f 	13581	13580	13592
f 	13581	13592	13591
f 	13650	13633	13648
f 	13650	13648	13599
f 	14108	14107	14110
f 	14108	14110	14109
f 	14132	14116	14130
f 	14132	14130	14151
f 	13579	13594	13595
f 	13579	13595	13593
f 	14106	14105	14112
f 	14106	14112	14111
f 	13642	13628	13629
f 	13642	13629	13643
f 	14125	14142	14143
f 	14125	14143	14126
f 	10625	10634	10633
f 	10248	10281	10361
f 	14628	14631	14630
f 	10282	10246	10362
f 	14639	14638	14640
f 	13490	13260	13510
f 	14019	13989	14044
f 	13246	13516	13515
f 	13950	13991	14076
f 	13047	13048	13087
f 	12996	13002	12997
f 	10330	10360	10332
f 	14658	14659	14660
f 	10304	10331	10333
f 	14609	14611	14610
f 	15375	15308	15376
f 	3806	3810	3809
f 	7521	7522	7520
f 	1338	1342	1341
f 	5105	5106	5104
f 	5084	5121	5120
f 	1360	1364	1276
f 	3828	3832	3744
f 	7500	7537	7536
f 	13518	13587	13517
f 	14011	14013	14144
f 	13582	13507	13508
f 	14016	14006	14018
f 	13621	13600	13601
f 	14133	14150	14149
f 	13521	13621	13522
f 	14147	14133	14148
f 	13583	13518	13584
f 	14012	14011	14007
f 	16701	16669	16668
f 	16701	16668	16702
f 	16586	16554	16553
f 	16586	16553	16587
f 	16613	16638	16637
f 	16613	16637	16614
f 	12671	12673	12672
f 	12647	12659	12717
f 	12927	12929	12928
f 	12887	12899	12976
f 	12691	12704	12707
f 	12667	12595	12716
f 	12947	12959	12962
f 	12907	12842	12975
f 	15306	15312	15311
f 	13506	13490	13509
f 	13509	13511	13546
f 	14020	14019	14043
f 	14043	14072	14101
f 	13546	13512	13576
f 	14101	14073	14153
f 	13513	13528	13527
f 	14074	14085	14156
f 	13515	13529	13528
f 	14076	14077	14085
f 	13516	13530	13529
f 	13991	14078	14077
f 	17410	17409	17362
f 	17410	17362	17361
f 	17273	17272	17200
f 	17273	17200	17199
f 	17007	17006	16999
f 	8379	8378	8556
f 	8379	8556	8352
f 	8379	8352	8363
f 	16500	16521	16520
f 	16500	16520	16501
f 	8206	8205	8377
f 	8206	8377	8376
f 	16699	16671	16670
f 	16699	16670	16700
f 	16585	16584	16556
f 	16585	16556	16555
f 	16611	16640	16639
f 	16611	16639	16612
f 	15489	15469	15490
f 	8348	8346	8345
f 	8348	8345	8349
f 	17410	17361	17360
f 	17410	17360	17411
f 	17274	17273	17199
f 	17274	17199	17198
f 	8350	8341	8343
f 	8350	8343	8347
f 	8345	8344	8339
f 	8345	8339	8349
f 	8340	8342	8343
f 	8340	8343	8341
f 	10857	10698	10856
f 	10698	10857	10858
f 	16500	16499	16522
f 	16500	16522	16521
f 	9273	9274	9271
f 	14316	14318	14382
f 	14316	14382	14384
f 	14384	14395	14314
f 	14384	14314	14316
f 	14394	14312	14314
f 	14394	14314	14395
f 	14320	14380	14382
f 	14320	14382	14318
f 	10373	10194	10374
f 	14546	14514	14547
f 	10195	10372	10379
f 	14513	14553	14552
f 	10793	10792	10791
f 	13189	13190	13311
f 	13189	13311	13312
f 	13361	13326	13325
f 	13361	13325	13678
f 	13715	13716	13744
f 	13715	13744	13825
f 	14186	13896	13741
f 	14186	13741	13740
f 	13187	13188	13313
f 	13187	13313	13314
f 	13359	13360	13679
f 	13359	13679	13680
f 	13713	13714	13826
f 	13713	13826	13827
f 	14188	13894	13895
f 	14188	13895	14187
f 	13188	13189	13312
f 	13188	13312	13313
f 	13360	13361	13678
f 	13360	13678	13679
f 	13714	13715	13825
f 	13714	13825	13826
f 	14187	13895	13896
f 	14187	13896	14186
f 	13187	13314	13315
f 	13187	13315	13320
f 	13359	13680	13681
f 	13359	13681	13686
f 	13713	13827	13828
f 	13713	13828	13833
f 	13894	14188	14189
f 	13894	14189	14190
f 	11234	10664	10663
f 	11234	10663	10685
f 	16698	16672	16671
f 	16698	16671	16699
f 	16583	16557	16556
f 	16583	16556	16584
f 	16610	16641	16640
f 	16610	16640	16611
f 	8666	8660	8659
f 	8666	8659	8678
f 	8666	8678	8677
f 	8666	8677	8667
f 	8660	8666	8665
f 	8660	8665	8679
f 	8660	8679	8661
f 	8038	8037	7987
f 	8038	7987	7986
f 	16498	16523	16522
f 	16498	16522	16499
f 	7961	7960	8024
f 	7961	8024	8023
f 	9	8	14
f 	14936	14935	14941
f 	14595	14596	14592
f 	12030	12029	12026
f 	10084	10185	10079
f 	10186	10187	10221
f 	12097	12098	12094
f 	14497	14487	14496
f 	10139	10137	10041
f 	10157	10156	10155
f 	10174	10170	10171
f 	10200	10204	10206
f 	14488	14497	14498
f 	10158	10157	10159
f 	12012	12063	12011
f 	14512	14606	14572
f 	10074	10174	10072
f 	10204	10208	10207
f 	12031	12030	12032
f 	12013	12012	12010
f 	10138	10084	10118
f 	14606	14579	14577
f 	12398	12413	12400
f 	12451	12466	12453
f 	12488	12503	12490
f 	12513	12489	12491
f 	12568	12452	12454
f 	12749	12764	12751
f 	12773	12750	12752
f 	12795	12399	12401
f 	10626	10625	10627
f 	9	14	15
f 	14936	14941	14942
f 	14322	14377	14380
f 	14322	14380	14320
f 	14394	14392	14396
f 	14394	14396	14312
f 	8598	8599	8594
f 	8598	8594	8593
f 	13375	13390	13376
f 	13884	13788	13883
f 	13283	13216	13296
f 	13855	13857	13856
f 	17090	17089	17097
f 	8646	8645	8661
f 	8646	8661	8679
f 	8646	8679	8665
f 	11996	11997	11998
f 	11996	11998	12068
f 	11996	12068	14661
f 	16496	16525	16524
f 	16496	16524	16497
f 	10248	10361	10319
f 	10362	10246	10317
f 	14628	14630	14629
f 	14640	14638	14641
f 	8342	8344	8345
f 	8342	8345	8346
f 	8342	8346	8347
f 	8342	8347	8343
f 	10793	10794	10792
f 	13299	13182	13309
f 	13354	13362	13327
f 	13824	13708	13743
f 	13889	13897	13742
f 	12516	12499	12517
f 	12498	12500	12520
f 	12461	12463	12653
f 	12721	12462	12722
f 	12776	12760	12777
f 	12759	12761	12780
f 	12408	12410	12893
f 	12980	12409	12981
f 	8348	8350	8347
f 	8348	8347	8346
f 	8344	8342	8340
f 	8344	8340	8339
f 	16495	16526	16525
f 	16495	16525	16496
f 	12438	12442	12444
f 	12475	12480	12481
f 	12386	12387	12391
f 	12736	12741	12742
f 	12441	12435	12440
f 	12477	12473	12476
f 	12388	12474	12390
f 	12738	12734	12737
f 	794	787	621
f 	2118	2099	2098
f 	4392	4393	4543
f 	5622	5623	5948
f 	759	755	761
f 	1929	1940	1920
f 	3548	3544	3494
f 	4418	4419	4424
f 	5648	5649	5655
f 	7184	7474	7473
f 	7338	7325	7324
f 	3321	3312	3318
f 	4498	4384	4385
f 	5770	5614	5615
f 	7364	7317	7316
f 	576	575	588
f 	2091	2090	2157
f 	3581	3155	3628
f 	559	552	556
f 	2084	2067	2081
f 	4375	4366	4377
f 	5605	5590	5607
f 	3536	3537	3504
f 	7174	7229	7468
f 	738	750	737
f 	1775	1935	1774
f 	4242	4243	4252
f 	5480	5481	5978
f 	3619	3585	3179
f 	7309	7308	7440
f 	709	705	711
f 	1762	1768	1757
f 	3524	3530	3514
f 	4151	4246	4152
f 	5485	5486	5983
f 	7163	7232	7463
f 	3624	3583	3170
f 	7313	7312	7377
f 	697	699	698
f 	1593	1585	1594
f 	4063	4065	4064
f 	5491	5490	5492
f 	3366	3358	3367
f 	6999	7001	7000
f 	793	581	582
f 	2167	2095	2094
f 	4388	4389	4509
f 	5618	5619	5783
f 	3574	3139	3575
f 	7351	7321	7320
f 	3672	3674	3673
f 	6966	6968	6967
f 	541	535	397
f 	2074	2065	1685
f 	4354	4364	4362
f 	5577	5588	5586
f 	566	429	567
f 	2087	1717	2164
f 	4487	4380	4381
f 	5757	5610	5611
f 	3695	3689	3292
f 	7411	7332	7436
f 	3612	3587	3191
f 	7093	7293	7306
f 	297	299	298
f 	1986	1982	1988
f 	4030	4032	4031
f 	5380	5379	5381
f 	905	800	633
f 	1825	1824	1815
f 	4534	4396	4544
f 	5818	5626	5942
f 	486	488	487
f 	1577	1579	1578
f 	4047	4049	4048
f 	5501	5509	5510
f 	3350	3352	3351
f 	6983	6985	6984
f 	12386	12385	12387
f 	12437	12435	12441
f 	12438	12443	12442
f 	12478	12473	12477
f 	12475	12479	12480
f 	12389	12474	12388
f 	12739	12734	12738
f 	12736	12740	12741
f 	10902	10693	10903
f 	10685	10977	10984
f 	13212	13417	13416
f 	13455	13191	13412
f 	13739	13907	13906
f 	13971	13717	13972
f 	13181	13192	13191
f 	13329	13328	13212
f 	13707	13718	13717
f 	13746	13745	13739
f 	15491	15469	15470
f 	15306	15311	15310
f 	9165	9141	9166
f 	15490	15469	15491
f 	10906	10693	10907
f 	16354	16374	16351
f 	16306	16309	16305
f 	9285	9281	9283
f 	16927	16947	16919
f 	16920	16970	16928
f 	10105	10106	10093
f 	10105	10093	10107
f 	10105	10107	10108
f 	10105	10108	10109
f 	10105	10109	10110
f 	10105	10110	10111
f 	10105	10111	10102
f 	10105	10102	10103
f 	26	31	32
f 	14953	14958	14959
f 	14336	14344	14343
f 	14349	14348	14325
f 	15306	15310	15309
f 	14413	14268	14269
f 	14413	14269	14416
f 	13113	13114	13142
f 	13113	13142	13140
f 	13141	13143	13117
f 	13141	13117	13139
f 	13119	13120	13118
f 	13119	13118	13110
f 	13111	13112	13123
f 	13111	13123	13122
f 	14383	14381	14480
f 	14383	14480	14385
f 	14381	14379	14481
f 	14381	14481	14480
f 	14309	14390	14389
f 	14309	14389	14388
f 	14385	14388	14389
f 	14385	14389	14383
f 	15468	15474	15473
f 	14415	14414	14413
f 	14415	14413	14416
f 	9362	9354	9361
f 	8275	8317	8223
f 	14307	14391	14390
f 	14307	14390	14309
f 	14483	14481	14379
f 	14483	14379	14378
f 	10594	10585	10592
f 	10595	10585	10594
f 	9208	9153	9218
f 	9154	9159	9158
f 	13576	13602	13615
f 	14153	14168	14167
f 	13503	13493	13506
f 	14002	13994	14020
f 	13494	13531	13530
f 	13995	14079	14078
f 	13524	13527	13605
f 	14169	14156	14170
f 	9261	9301	9300
f 	1152	1126	1153
f 	6783	6782	6781
f 	3049	3006	3050
f 	4924	4923	4922
f 	6774	6773	6772
f 	3044	3018	3045
f 	6838	6826	6841
f 	3053	3054	3055
f 	3042	3023	3043
f 	6768	6770	6769
f 	1150	1131	1151
f 	4918	4920	4919
f 	1161	1162	1163
f 	4988	4976	4991
f 	1055	1060	1059
f 	4967	4968	4969
f 	1158	1027	1029
f 	4935	4934	4933
f 	1165	1166	1212
f 	4978	4974	4975
f 	3045	3016	3046
f 	6776	6775	6774
f 	4926	4925	4924
f 	1153	1124	1154
f 	2915	2913	2914
f 	6686	6685	6687
f 	1159	1149	1150
f 	4919	4993	4992
f 	2946	2947	2950
f 	6832	6819	6820
f 	6828	6824	6825
f 	3057	3058	3104
f 	4836	4835	4837
f 	1023	1021	1022
f 	3058	3059	3106
f 	6829	6823	6824
f 	1022	1019	1061
f 	4893	4834	4836
f 	1166	1167	1214
f 	4979	4973	4974
f 	6769	6843	6842
f 	3051	3041	3042
f 	1154	1124	1155
f 	4927	4925	4926
f 	3046	3016	3047
f 	6777	6775	6776
f 	4980	4972	4973
f 	1167	1168	1169
f 	1159	1161	1160
f 	4990	4991	4992
f 	1157	1114	1158
f 	4933	4932	4931
f 	6779	6778	6777
f 	3047	3015	3048
f 	1155	1123	1156
f 	4929	4928	4927
f 	1168	1056	1169
f 	4980	4971	4972
f 	2914	2911	2953
f 	6743	6684	6686
f 	6830	6822	6823
f 	3059	3060	3061
f 	3060	2948	3061
f 	6830	6821	6822
f 	3054	3057	3056
f 	6827	6825	6826
f 	3051	3053	3052
f 	6840	6841	6842
f 	4931	4930	4929
f 	1156	1116	1157
f 	3048	3008	3049
f 	6781	6780	6779
f 	1162	1165	1164
f 	4977	4975	4976
f 	2952	2953	2954
f 	6742	6743	6818
f 	6687	6688	6785
f 	2921	2916	2915
f 	1029	1024	1023
f 	4837	4838	4935
f 	1060	1061	1062
f 	4892	4893	4968
f 	2947	2952	2951
f 	6817	6818	6819
f 	1056	1054	1057
f 	4981	4970	4971
f 	6831	6820	6821
f 	2948	2946	2949
f 	1151	1128	1152
f 	4922	4921	4918
f 	3043	3020	3044
f 	6772	6771	6768
f 	6785	6784	6783
f 	3050	2919	2921
f 	1054	1055	1058
f 	4982	4969	4970
f 	10112	10113	10106
f 	10112	10106	10105
f 	14268	14266	14264
f 	14268	14264	14269
f 	15379	15308	15309
f 	9286	9280	9285
f 	10246	10316	10317
f 	10318	10248	10319
f 	14626	14628	14629
f 	14638	14642	14641
f 	9244	9299	9301
f 	9244	9301	9245
f 	14417	14418	14414
f 	14417	14414	14415
f 	16427	16426	16422
f 	16460	16468	16467
f 	9413	9415	9433
f 	9416	9425	9424
f 	12635	12631	12638
f 	12640	12637	12639
f 	12683	12684	12681
f 	12686	12700	12698
f 	12873	12878	12876
f 	12879	12875	12877
f 	12938	12939	12936
f 	12941	12955	12953
f 	11551	11559	11560
f 	11551	11560	11552
f 	3791	3741	3744
f 	7500	7496	7538
f 	1323	1273	1276
f 	5084	5080	5122
f 	3778	3806	3808
f 	7518	7520	7519
f 	5102	5104	5103
f 	1310	1338	1340
f 	11202	10999	11008
f 	11202	11008	11203
f 	11202	11203	11204
f 	11202	11204	11205
f 	4886	4963	4962
f 	1216	1171	1172
f 	1171	1069	1172
f 	3108	3063	3064
f 	4886	4888	4963
f 	6736	6813	6812
f 	3063	2961	3064
f 	6736	6738	6813
f 	3097	3096	3093
f 	6808	6809	6863
f 	5001	5006	4999
f 	1120	1118	1121
f 	4996	5009	5016
f 	1147	1135	1133
f 	4958	4959	5013
f 	1205	1204	1201
f 	3039	3027	3025
f 	6846	6859	6866
f 	4955	4962	4961
f 	1217	1216	1219
f 	2908	2906	2907
f 	6662	6664	6680
f 	1107	1010	1012
f 	4806	4807	4815
f 	1016	1014	1015
f 	4812	4814	4830
f 	2999	2902	2904
f 	6656	6657	6665
f 	1121	1118	1117
f 	5004	5006	5001
f 	2904	2898	2905
f 	6655	6652	6656
f 	4814	4803	4805
f 	1013	1005	1014
f 	1066	1065	1071
f 	4883	4890	4889
f 	2905	2897	2906
f 	6664	6653	6655
f 	1210	1217	1218
f 	4956	4961	4960
f 	1132	1119	1120
f 	4999	5007	4997
f 	1109	1106	1108
f 	4841	4842	4940
f 	3102	3109	3110
f 	6806	6811	6810
f 	3024	3011	3012
f 	6691	6692	6790
f 	3001	2998	3000
f 	6849	6857	6847
f 	2958	2957	2963
f 	6733	6740	6739
f 	1146	1205	1145
f 	5012	5013	5017
f 	1146	1137	1147
f 	5016	5010	5017
f 	1012	1006	1013
f 	4805	4802	4806
f 	6854	6856	6851
f 	3013	3010	3009
f 	2961	2958	2962
f 	6734	6739	6738
f 	3038	3029	3039
f 	6866	6860	6867
f 	3004	3002	3001
f 	6790	6791	6789
f 	3012	3010	3013
f 	6851	6856	6849
f 	1112	1110	1109
f 	4940	4941	4939
f 	6862	6863	6867
f 	3038	3097	3037
f 	3109	3108	3111
f 	6805	6812	6811
f 	1069	1066	1070
f 	4884	4889	4888
f 	6789	6855	6854
f 	3009	3003	3004
f 	4939	5005	5004
f 	1117	1111	1112
f 	1204	1210	1203
f 	4957	4960	4959
f 	3000	2997	2999
f 	6665	6666	6691
f 	3025	3026	3024
f 	6847	6858	6846
f 	1108	1105	1107
f 	4997	5008	4996
f 	1133	1134	1132
f 	4815	4816	4841
f 	3096	3102	3095
f 	6807	6810	6809
f 	1065	1016	1072
f 	4829	4830	4890
f 	6679	6680	6740
f 	2957	2908	2964
f 	15376	15308	15377
f 	15468	15471	15470
f 	16416	16417	16425
f 	16463	16462	16464
f 	9257	9258	9265
f 	14266	14267	14265
f 	14266	14265	14264
f 	8339	8336	8337
f 	8333	8340	8334
f 	14265	14267	14418
f 	14265	14418	14417
f 	9217	9153	9209
f 	11006	10907	11007
f 	10195	10164	10196
f 	14513	14502	14503
f 	10226	10232	10227
f 	4671	4672	4673
f 	4671	4673	4674
f 	4671	4674	4675
f 	4671	4675	4676
f 	4671	4676	4677
f 	4671	4677	4678
f 	4671	4678	4679
f 	4671	4679	4670
f 	14601	14522	14602
f 	3203	3187	3202
f 	7078	7079	7080
f 	644	629	446
f 	2173	2171	1734
f 	4281	4458	4457
f 	5701	5810	5820
f 	2707	2706	2702
f 	6459	6462	6575
f 	6600	6599	6601
f 	2895	2748	2894
f 	2309	2311	2307
f 	6095	6094	6093
f 	2292	2291	2289
f 	6147	6145	6148
f 	14177	14171	14172
f 	13535	13534	13533
f 	13657	13651	13652
f 	14028	14027	14024
f 	12400	12413	12412
f 	12453	12466	12465
f 	12490	12503	12502
f 	12513	12491	12514
f 	12568	12454	12569
f 	12751	12764	12763
f 	12773	12752	12774
f 	12795	12401	12797
f 	9217	9209	9210
f 	9217	9210	9220
f 	3654	3718	3646
f 	6950	7025	6951
f 	887	912	888
f 	1843	1841	1840
f 	4578	4584	4581
f 	5839	5828	5836
f 	304	303	312
f 	2009	2020	2001
f 	4112	4093	4092
f 	5400	5411	5401
f 	7110	7099	7107
f 	3420	3599	3421
f 	4587	4456	4535
f 	5827	5812	5819
f 	632	631	640
f 	1814	1810	1813
f 	3190	3189	3198
f 	7098	7086	7094
f 	15480	15481	15479
f 	8259	8251	8252
f 	8259	8252	8257
f 	8259	8257	8258
f 	6781	6782	6780
f 	3008	3006	3049
f 	1131	1128	1151
f 	4918	4921	4920
f 	4977	4976	4988
f 	1163	1162	1164
f 	3023	3020	3043
f 	6768	6771	6770
f 	3055	3054	3056
f 	6827	6826	6838
f 	3018	3016	3045
f 	6774	6775	6773
f 	1126	1124	1153
f 	4924	4925	4923
f 	1058	1055	1059
f 	4967	4969	4982
f 	1116	1114	1157
f 	4931	4932	4930
f 	6687	6685	6688
f 	2916	2913	2915
f 	4919	4920	4993
f 	1149	1131	1150
f 	3106	3059	3061
f 	6830	6823	6829
f 	1214	1167	1169
f 	4980	4973	4979
f 	2954	2953	2911
f 	6684	6743	6742
f 	1024	1021	1023
f 	4837	4835	4838
f 	3041	3023	3042
f 	6769	6770	6843
f 	4933	4934	4932
f 	1114	1027	1158
f 	1124	1123	1155
f 	4927	4928	4925
f 	3016	3015	3047
f 	6777	6778	6775
f 	4834	4893	4892
f 	1062	1061	1019
f 	1160	1161	1163
f 	4988	4991	4990
f 	3056	3057	3104
f 	6828	6825	6827
f 	4978	4975	4977
f 	1164	1165	1212
f 	2949	2946	2950
f 	6832	6820	6831
f 	2950	2947	2951
f 	6817	6819	6832
f 	3052	3053	3055
f 	6838	6841	6840
f 	1059	1060	1062
f 	4892	4968	4967
f 	1027	1024	1029
f 	4935	4838	4934
f 	1212	1166	1214
f 	4979	4974	4978
f 	1169	1056	1057
f 	4981	4971	4980
f 	3061	2948	2949
f 	6831	6821	6830
f 	3104	3058	3106
f 	6829	6824	6828
f 	1123	1116	1156
f 	4929	4930	4928
f 	3015	3008	3048
f 	6779	6780	6778
f 	2919	2916	2921
f 	6785	6688	6784
f 	2951	2952	2954
f 	6742	6818	6817
f 	1057	1054	1058
f 	4982	4970	4981
f 	3020	3018	3044
f 	6772	6773	6771
f 	1128	1126	1152
f 	4922	4923	4921
f 	6783	6784	6782
f 	3006	2919	3050
f 	8534	8526	8527
f 	8534	8527	8535
f 	12514	12495	12515
f 	12569	12458	12570
f 	12774	12756	12775
f 	12797	12405	12982
f 	12404	12412	12411
f 	12457	12465	12464
f 	12494	12502	12501
f 	12755	12763	12762
f 	8085	8084	8083
f 	16323	16312	16324
f 	16370	16372	16371
f 	8711	8710	8796
f 	8711	8796	8798
f 	12429	12733	12417
f 	12429	12417	12419
f 	12421	12471	12470
f 	12421	12470	12422
f 	12431	12508	12507
f 	12431	12507	12432
f 	12425	12769	12768
f 	12425	12768	12426
f 	12678	12695	12692
f 	12678	12692	12675
f 	12643	12644	12668
f 	12643	12668	12660
f 	12933	12950	12948
f 	12933	12948	12930
f 	12882	12883	12908
f 	12882	12908	12900
f 	12710	12714	12715
f 	12710	12715	12709
f 	12724	12731	12730
f 	12724	12730	12725
f 	12965	12969	12970
f 	12965	12970	12964
f 	12984	12991	12990
f 	12984	12990	12985
f 	12519	12710	12709
f 	12519	12709	12518
f 	12720	12724	12725
f 	12720	12725	12723
f 	12779	12965	12964
f 	12779	12964	12778
f 	12979	12984	12985
f 	12979	12985	12983
f 	12675	12692	12691
f 	12675	12691	12673
f 	12660	12668	12667
f 	12660	12667	12659
f 	12930	12948	12947
f 	12930	12947	12929
f 	12900	12908	12907
f 	12900	12907	12899
f 	12637	12635	12638
f 	12637	12638	12639
f 	12684	12686	12698
f 	12684	12698	12681
f 	12875	12873	12876
f 	12875	12876	12877
f 	12939	12941	12953
f 	12939	12953	12936
f 	12712	12711	12708
f 	12712	12708	12713
f 	12726	12718	12719
f 	12726	12719	12727
f 	12967	12966	12963
f 	12967	12963	12968
f 	12986	12977	12978
f 	12986	12978	12987
f 	12470	12471	12635
f 	12470	12635	12637
f 	12507	12508	12686
f 	12507	12686	12684
f 	12417	12733	12873
f 	12417	12873	12875
f 	12768	12769	12941
f 	12768	12941	12939
f 	12711	12672	12707
f 	12711	12707	12708
f 	12718	12717	12716
f 	12718	12716	12719
f 	12966	12928	12962
f 	12966	12962	12963
f 	12977	12976	12975
f 	12977	12975	12978
f 	12714	12712	12713
f 	12714	12713	12715
f 	12731	12726	12727
f 	12731	12727	12730
f 	12969	12967	12968
f 	12969	12968	12970
f 	12991	12986	12987
f 	12991	12987	12990
f 	12639	12638	12644
f 	12639	12644	12643
f 	12681	12698	12695
f 	12681	12695	12678
f 	12877	12876	12883
f 	12877	12883	12882
f 	12936	12953	12950
f 	12936	12950	12933
f 	12673	12691	12707
f 	12673	12707	12672
f 	12659	12667	12716
f 	12659	12716	12717
f 	12929	12947	12962
f 	12929	12962	12928
f 	12899	12907	12975
f 	12899	12975	12976
f 	3011	3010	3012
f 	6849	6856	6857
f 	6790	6692	6791
f 	3002	2998	3001
f 	1110	1106	1109
f 	4940	4842	4941
f 	1219	1216	1172
f 	4886	4962	4955
f 	1070	1066	1071
f 	4883	4889	4884
f 	6805	6811	6806
f 	3110	3109	3111
f 	2962	2958	2963
f 	6733	6739	6734
f 	1119	1118	1120
f 	4999	5006	5007
f 	1105	1010	1107
f 	1135	1134	1133
f 	4815	4807	4816
f 	4996	5008	5009
f 	1072	1016	1015
f 	4812	4830	4829
f 	6807	6809	6808
f 	3093	3096	3095
f 	3027	3026	3025
f 	6846	6858	6859
f 	1201	1204	1203
f 	4957	4959	4958
f 	1218	1217	1219
f 	4955	4961	4956
f 	6662	6680	6679
f 	2964	2908	2907
f 	3064	2961	2962
f 	6734	6738	6736
f 	2907	2906	2897
f 	6653	6664	6662
f 	2902	2898	2904
f 	6656	6652	6657
f 	6665	6657	6666
f 	2997	2902	2999
f 	4803	4814	4812
f 	1015	1014	1005
f 	6736	6812	6805
f 	3111	3108	3064
f 	4884	4888	4886
f 	1172	1069	1070
f 	1137	1135	1147
f 	5016	5009	5010
f 	1145	1205	1201
f 	4958	5013	5012
f 	3029	3027	3039
f 	6866	6859	6860
f 	3003	3002	3004
f 	6789	6791	6855
f 	1111	1110	1112
f 	4939	4941	5005
f 	1010	1006	1012
f 	4806	4802	4807
f 	3037	3097	3093
f 	6808	6863	6862
f 	1118	1111	1117
f 	5004	5005	5006
f 	1203	1210	1218
f 	4956	4960	4957
f 	6691	6666	6692
f 	2998	2997	3000
f 	1134	1119	1132
f 	3026	3011	3024
f 	4841	4816	4842
f 	4997	5007	5008
f 	6847	6857	6858
f 	1106	1105	1108
f 	3095	3102	3110
f 	4829	4890	4883
f 	1071	1065	1072
f 	6806	6810	6807
f 	3010	3003	3009
f 	6854	6855	6856
f 	2963	2957	2964
f 	6679	6740	6733
f 	9251	9263	9264
f 	6936	6937	6935
f 	3337	3339	3662
f 	4227	4398	4225
f 	5465	5628	5463
f 	784	809	782
f 	1956	2105	1869
f 	7267	7292	7265
f 	3565	3428	3442
f 	493	479	495
f 	1564	1566	1980
f 	4100	4099	4135
f 	5388	5374	5372
f 	16502	16501	16520
f 	16502	16520	16519
f 	9441	9440	9439
f 	9441	9439	9442
f 	15468	15473	15472
f 	13410	13300	13309
f 	13374	13403	13327
f 	13839	13838	13743
f 	13874	13801	13742
f 	1323	1321	1322
f 	5123	5124	5122
f 	3791	3789	3790
f 	7539	7540	7538
f 	1276	1272	1277
f 	5085	5081	5084
f 	3744	3740	3745
f 	7501	7497	7500
f 	1335	1337	1312
f 	5138	5139	5136
f 	1337	1338	1311
f 	5140	5104	5139
f 	3805	3806	3779
f 	7556	7520	7555
f 	1307	1308	1348
f 	5100	5099	5097
f 	3816	3777	3808
f 	7518	7517	7516
f 	1348	1309	1340
f 	5102	5101	5100
f 	3803	3805	3780
f 	7554	7555	7552
f 	12068	11998	12060
f 	12068	12060	12065
f 	7516	7515	7513
f 	3775	3776	3816
f 	10088	10089	10090
f 	10088	10090	10086
f 	12406	12411	12410
f 	12459	12464	12463
f 	12496	12501	12500
f 	12515	12497	12516
f 	12570	12460	12721
f 	12757	12762	12761
f 	12775	12758	12776
f 	12982	12407	12980
f 	13212	13421	13420
f 	13739	13911	13910
f 	13451	13191	13452
f 	13987	13717	13988
f 	10303	10331	10304
f 	14612	14611	14609
f 	10330	10371	10360
f 	14658	14656	14659
f 	13181	13190	13189
f 	13354	13326	13361
f 	13707	13716	13715
f 	13889	13741	13896
f 	13311	13182	13312
f 	13325	13328	13678
f 	13744	13708	13825
f 	13740	13745	14186
f 	9440	9428	9439
f 	7763	7764	7774
f 	10576	10574	10575
f 	13585	13505	13584
f 	14008	14005	14007
f 	13495	13494	13493
f 	13996	13995	13994
f 	13522	13601	13620
f 	14148	14149	14184
f 	13526	13523	13524
f 	14154	14155	14169
f 	11707	11249	11721
f 	15468	15472	15471
f 	15378	15308	15379
f 	8597	8602	8567
f 	8597	8567	8566
f 	12519	12672	12711
f 	12720	12717	12718
f 	12779	12928	12966
f 	12979	12976	12977
f 	12707	12518	12708
f 	12716	12723	12719
f 	12962	12778	12963
f 	12975	12983	12978
f 	15377	15308	15378
f 	9350	9380	9383
f 	9272	9271	9270
f 	9401	9386	9402
f 	4946	4856	4947
f 	1098	1094	1099
f 	6796	6706	6797
f 	2990	2986	2991
f 	2975	2973	2903
f 	6659	6668	6667
f 	6724	6804	6803
f 	3113	3112	3081
f 	4876	4887	4954
f 	1220	1174	1187
f 	1009	1077	1007
f 	4810	4820	4808
f 	3112	3066	3079
f 	3066	3065	3079
f 	6726	6737	6804
f 	6726	6735	6737
f 	1102	1088	1103
f 	4942	4850	4943
f 	2994	2980	2995
f 	6792	6700	6793
f 	1174	1173	1187
f 	4876	4885	4887
f 	1202	1221	1191
f 	4872	4953	4952
f 	1099	1092	1100
f 	4945	4854	4946
f 	6658	6669	6659
f 	2903	2970	2901
f 	4878	4882	4885
f 	1173	1175	1185
f 	1007	1076	1008
f 	4811	4821	4810
f 	3065	3067	3077
f 	6728	6732	6735
f 	2966	2965	3069
f 	6677	6663	6678
f 	3028	2989	2990
f 	6797	6708	6798
f 	1136	1097	1098
f 	4947	4858	4948
f 	3092	3094	3085
f 	6720	6802	6801
f 	1011	1078	1009
f 	4808	4819	4809
f 	1200	1202	1193
f 	4870	4952	4951
f 	1221	1220	1189
f 	4874	4954	4953
f 	1083	1081	1011
f 	4809	4818	4817
f 	2965	2900	2967
f 	6675	6661	6663
f 	6718	6801	6800
f 	3091	3092	3087
f 	1199	1200	1195
f 	4868	4951	4950
f 	3094	3113	3083
f 	6722	6803	6802
f 	2992	2982	2993
f 	6794	6702	6795
f 	1073	1008	1075
f 	4825	4811	4813
f 	4817	4844	4843
f 	1104	1084	1083
f 	2996	2976	2975
f 	6667	6694	6693
f 	2991	2984	2992
f 	6795	6704	6796
f 	3067	2966	3068
f 	6730	6678	6732
f 	1175	1074	1176
f 	4880	4828	4882
f 	4827	4813	4828
f 	1074	1073	1177
f 	1101	1090	1102
f 	4943	4852	4944
f 	3035	3030	3028
f 	6798	6710	6799
f 	2993	2982	2994
f 	6793	6702	6794
f 	4948	4860	4949
f 	1143	1138	1136
f 	1103	1086	1104
f 	4843	4848	4942
f 	6693	6698	6792
f 	2995	2978	2996
f 	2901	2969	2899
f 	6660	6670	6658
f 	3035	3091	3034
f 	6714	6800	6799
f 	1143	1199	1142
f 	4864	4950	4949
f 	4944	4852	4945
f 	1100	1090	1101
f 	2899	2968	2900
f 	6661	6671	6660
f 	10483	10482	10481
f 	10483	10484	10482
f 	10506	10508	10507
f 	10506	10509	10508
f 	10517	10516	10515
f 	10517	10518	10516
f 	10540	10542	10541
f 	10540	10543	10542
f 	15198	15199	15219
f 	15198	15219	15220
f 	15005	15007	15112
f 	15005	15112	15004
f 	15137	15139	15246
f 	15137	15246	15136
f 	15094	15102	15101
f 	15094	15101	15096
f 	15110	15108	15109
f 	15110	15109	15111
f 	15221	15198	15220
f 	15221	15220	15222
f 	14993	14994	14992
f 	14993	14992	14983
f 	15011	15099	15100
f 	15011	15100	15012
f 	15108	15060	15061
f 	15108	15061	15109
f 	15004	15112	15113
f 	15004	15113	15000
f 	15115	15125	15126
f 	15115	15126	15124
f 	15143	15189	15190
f 	15143	15190	15144
f 	15182	15193	15192
f 	15182	15192	15184
f 	15120	15122	15217
f 	15120	15217	15201
f 	15009	15011	15012
f 	15009	15012	15010
f 	15060	15059	15058
f 	15060	15058	15061
f 	15090	15104	15103
f 	15090	15103	15092
f 	15090	15087	15105
f 	15090	15105	15104
f 	15141	15142	15140
f 	15141	15140	15134
f 	15141	15143	15144
f 	15141	15144	15142
f 	15132	15247	15248
f 	15132	15248	15129
f 	15180	15194	15193
f 	15180	15193	15182
f 	15136	15246	15247
f 	15136	15247	15132
f 	15178	15196	15197
f 	15178	15197	15195
f 	14993	14995	14996
f 	14993	14996	14994
f 	15056	15057	15058
f 	15056	15058	15059
f 	15180	15178	15195
f 	15180	15195	15194
f 	15199	15200	15218
f 	15199	15218	15219
f 	15125	15129	15248
f 	15125	15248	15126
f 	15009	15010	15008
f 	15009	15008	15002
f 	15000	15113	14996
f 	15000	14996	14995
f 	15201	15217	15218
f 	15201	15218	15200
f 	15184	15192	15191
f 	15184	15191	15186
f 	15096	15101	15100
f 	15096	15100	15099
f 	15189	15186	15191
f 	15189	15191	15190
f 	15003	15006	15007
f 	15003	15007	15005
f 	15135	15138	15139
f 	15135	15139	15137
f 	15002	15008	15006
f 	15002	15006	15003
f 	15087	15106	15107
f 	15087	15107	15105
f 	14988	14990	15057
f 	14988	15057	15056
f 	15092	15103	15102
f 	15092	15102	15094
f 	15106	15110	15111
f 	15106	15111	15107
f 	15196	15221	15222
f 	15196	15222	15197
f 	15134	15140	15138
f 	15134	15138	15135
f 	11950	10597	11951
f 	9429	9441	9442
f 	13472	13477	13476
f 	13481	13473	13475
f 	14054	14059	14058
f 	14063	14055	14057
f 	13239	13238	13220
f 	13941	13940	13942
f 	13229	13226	13228
f 	13931	13929	13930
f 	14321	14322	14320
f 	14321	14320	14319
f 	14312	14396	14464
f 	14312	14464	14311
f 	10983	10903	10987
f 	10983	10987	11168
f 	10985	10984	11771
f 	10985	11771	10877
f 	10958	10899	10959
f 	10958	10959	10960
f 	10962	10961	11066
f 	10962	11066	11064
f 	10956	10957	11117
f 	10956	11117	11092
f 	11062	11063	11065
f 	11062	11065	10881
f 	10969	10901	10973
f 	10969	10973	11165
f 	10971	10970	11775
f 	10971	11775	10879
f 	10895	10896	11898
f 	10895	11898	10938
f 	10889	10886	10885
f 	10889	10885	10884
f 	10966	10965	11067
f 	10966	11067	10880
f 	10964	10900	10968
f 	10964	10968	11068
f 	11776	11777	11778
f 	11776	11778	11774
f 	10974	10975	11780
f 	10974	11780	11166
f 	10745	10746	10734
f 	10745	10734	10735
f 	10783	10782	10769
f 	10864	10692	10894
f 	10864	10894	10913
f 	10892	10686	10890
f 	10892	10890	10891
f 	11274	11273	11256
f 	10887	10888	10943
f 	10887	10943	10883
f 	10946	10897	10942
f 	10946	10942	10939
f 	10953	10952	11061
f 	10953	11061	11060
f 	10951	10898	10955
f 	10951	10955	11093
f 	10949	10950	11048
f 	10949	11048	10941
f 	11013	11012	11051
f 	11013	11051	10882
f 	10976	10902	10980
f 	10976	10980	11781
f 	10978	10977	11772
f 	10978	11772	11773
f 	10988	10904	10992
f 	10988	10992	11173
f 	10990	10989	10875
f 	10990	10875	10876
f 	10995	10994	10873
f 	10995	10873	10874
f 	10993	10905	10997
f 	10993	10997	11180
f 	10981	10982	11169
f 	10981	11169	11167
f 	11171	11170	11807
f 	11171	11807	10878
f 	17048	17050	17051
f 	10625	10633	10632
f 	14319	14320	14318
f 	14319	14318	14317
f 	14316	14314	14313
f 	14316	14313	14315
f 	14313	14314	14312
f 	14313	14312	14311
f 	14318	14316	14315
f 	14318	14315	14317
f 	10072	10174	10171
f 	10206	10204	10207
f 	12010	12012	12011
f 	14572	14606	14577
f 	10195	10341	10372
f 	14513	14554	14553
f 	10340	10194	10373
f 	14545	14514	14546
f 	12313	12312	12314
f 	12315	12317	12316
f 	12424	12736	12735
f 	1142	1199	1197
f 	4866	4950	4864
f 	6716	6800	6714
f 	3034	3091	3089
f 	10123	10101	10090
f 	10123	10090	10089
f 	10123	10089	10122
f 	10123	10122	10121
f 	9372	9373	9379
f 	15303	15316	15315
f 	9261	9302	9242
f 	9261	9242	9240
f 	9285	9280	9281
f 	9212	9213	9211
f 	9212	9211	9160
f 	9161	9214	9215
f 	9161	9215	9152
f 	13212	13418	13417
f 	13739	13908	13907
f 	13454	13191	13455
f 	13969	13717	13971
f 	2986	2984	2991
f 	6796	6704	6706
f 	2976	2973	2975
f 	6667	6668	6694
f 	4946	4854	4856
f 	1094	1092	1099
f 	1078	1077	1009
f 	4808	4820	4819
f 	3081	3112	3079
f 	6726	6804	6724
f 	1090	1088	1102
f 	2982	2980	2994
f 	4943	4850	4852
f 	6793	6700	6702
f 	1189	1220	1187
f 	4876	4954	4874
f 	1081	1078	1011
f 	4809	4819	4818
f 	2973	2970	2903
f 	6659	6669	6668
f 	1187	1173	1185
f 	4878	4885	4876
f 	4821	4811	4825
f 	1075	1008	1076
f 	2989	2986	2990
f 	6797	6706	6708
f 	1097	1094	1098
f 	4947	4856	4858
f 	3079	3065	3077
f 	6728	6735	6726
f 	4874	4953	4872
f 	1191	1221	1189
f 	1092	1090	1100
f 	4945	4852	4854
f 	3068	2966	3069
f 	6677	6678	6730
f 	6722	6802	6720
f 	3085	3094	3083
f 	1084	1081	1083
f 	4817	4818	4844
f 	1193	1202	1191
f 	4872	4952	4870
f 	4843	4844	4848
f 	6730	6732	6728
f 	1086	1084	1104
f 	3077	3067	3068
f 	6693	6694	6698
f 	2978	2976	2996
f 	1185	1175	1176
f 	4880	4882	4878
f 	1177	1073	1075
f 	4825	4813	4827
f 	3030	2989	3028
f 	6798	6708	6710
f 	1138	1097	1136
f 	4948	4858	4860
f 	6675	6663	6677
f 	3069	2965	2967
f 	3083	3113	3081
f 	6724	6803	6722
f 	6720	6801	6718
f 	3087	3092	3085
f 	4870	4951	4868
f 	1195	1200	1193
f 	2984	2982	2992
f 	6795	6702	6704
f 	2970	2969	2901
f 	6658	6670	6669
f 	1176	1074	1177
f 	4827	4828	4880
f 	4942	4848	4850
f 	1088	1086	1103
f 	6792	6698	6700
f 	2980	2978	2995
f 	2967	2900	2968
f 	6671	6661	6675
f 	13316	13186	13317
f 	13185	13319	13318
f 	13682	13358	13683
f 	13357	13685	13684
f 	13829	13712	13830
f 	13711	13832	13831
f 	14191	13893	14192
f 	13892	14194	14193
f 	9212	9153	9213
f 	9227	9225	9226
f 	9399	9386	9400
f 	6684	6742	6741
f 	6684	6741	6682
f 	2954	2911	2910
f 	2954	2910	2955
f 	6814	6815	6832
f 	6814	6832	6831
f 	2959	2960	2949
f 	2959	2949	2950
f 	6787	6788	6780
f 	6787	6780	6782
f 	6839	6837	6838
f 	6839	6838	6840
f 	1062	1019	1018
f 	1062	1018	1063
f 	1209	1206	1160
f 	1209	1160	1163
f 	3007	3005	3006
f 	3007	3006	3008
f 	3101	3098	3052
f 	3101	3052	3055
f 	4834	4892	4891
f 	4834	4891	4832
f 	4989	4987	4988
f 	4989	4988	4990
f 	1114	1113	1028
f 	1114	1028	1027
f 	4937	4932	4934
f 	4937	4934	4936
f 	1169	1170	1215
f 	1169	1215	1214
f 	1020	1021	1026
f 	1020	1026	1017
f 	6830	6829	6834
f 	6830	6834	6833
f 	4980	4979	4984
f 	4980	4984	4983
f 	3061	3062	3107
f 	3061	3107	3106
f 	4835	4833	4831
f 	4835	4831	4839
f 	6685	6683	6681
f 	6685	6681	6689
f 	2912	2913	2918
f 	2912	2918	2909
f 	1124	1125	1122
f 	1124	1122	1123
f 	6845	6864	6865
f 	6845	6865	6843
f 	6852	6775	6778
f 	6852	6778	6853
f 	5002	4925	4928
f 	5002	4928	5003
f 	3099	3040	3041
f 	3099	3041	3100
f 	3016	3017	3014
f 	3016	3014	3015
f 	1207	1148	1149
f 	1207	1149	1208
f 	4995	5014	5015
f 	4995	5015	4993
f 	6688	6685	6689
f 	6688	6689	6690
f 	2913	2916	2917
f 	2913	2917	2918
f 	1059	1064	1067
f 	1059	1067	1058
f 	4966	4967	4982
f 	4966	4982	4965
f 	1211	1209	1163
f 	1211	1163	1164
f 	1130	1129	1128
f 	1130	1128	1131
f 	4987	4986	4977
f 	4987	4977	4988
f 	4998	4994	4920
f 	4998	4920	4921
f 	6787	6782	6784
f 	6787	6784	6786
f 	6848	6771	6773
f 	6848	6773	6850
f 	1128	1129	1127
f 	1128	1127	1126
f 	6848	6844	6770
f 	6848	6770	6771
f 	3006	3005	2920
f 	3006	2920	2919
f 	3020	3021	3019
f 	3020	3019	3018
f 	4998	4921	4923
f 	4998	4923	5000
f 	3022	3021	3020
f 	3022	3020	3023
f 	6834	6829	6828
f 	6834	6828	6835
f 	1214	1215	1213
f 	1214	1213	1212
f 	3106	3107	3105
f 	3106	3105	3104
f 	4984	4979	4978
f 	4984	4978	4985
f 	6837	6836	6827
f 	6837	6827	6838
f 	3103	3101	3055
f 	3103	3055	3056
f 	1021	1024	1025
f 	1021	1025	1026
f 	1067	1068	1057
f 	1067	1057	1058
f 	1115	1113	1114
f 	1115	1114	1116
f 	1148	1130	1131
f 	1148	1131	1149
f 	6850	6773	6775
f 	6850	6775	6852
f 	6844	6845	6843
f 	6844	6843	6770
f 	1126	1127	1125
f 	1126	1125	1124
f 	3018	3019	3017
f 	3018	3017	3016
f 	4838	4835	4839
f 	4838	4839	4840
f 	4937	4938	4930
f 	4937	4930	4932
f 	4964	4965	4982
f 	4964	4982	4981
f 	4994	4995	4993
f 	4994	4993	4920
f 	3040	3022	3023
f 	3040	3023	3041
f 	5000	4923	4925
f 	5000	4925	5002
f 	1019	1020	1017
f 	1019	1017	1018
f 	4833	4834	4832
f 	4833	4832	4831
f 	1057	1068	1170
f 	1057	1170	1169
f 	4964	4981	4980
f 	4964	4980	4983
f 	6814	6831	6830
f 	6814	6830	6833
f 	2949	2960	3062
f 	2949	3062	3061
f 	6864	6839	6840
f 	6864	6840	6865
f 	1123	1122	1115
f 	1123	1115	1116
f 	6853	6778	6780
f 	6853	6780	6788
f 	3098	3099	3100
f 	3098	3100	3052
f 	3015	3014	3007
f 	3015	3007	3008
f 	5003	4928	4930
f 	5003	4930	4938
f 	1206	1207	1208
f 	1206	1208	1160
f 	5014	4989	4990
f 	5014	4990	5015
f 	1059	1062	1063
f 	1059	1063	1064
f 	4892	4967	4966
f 	4892	4966	4891
f 	1024	1027	1028
f 	1024	1028	1025
f 	6816	6817	6832
f 	6816	6832	6815
f 	6835	6828	6827
f 	6835	6827	6836
f 	4936	4934	4838
f 	4936	4838	4840
f 	2951	2956	2959
f 	2951	2959	2950
f 	3104	3105	3103
f 	3104	3103	3056
f 	6683	6684	6682
f 	6683	6682	6681
f 	2911	2912	2909
f 	2911	2909	2910
f 	6786	6784	6688
f 	6786	6688	6690
f 	2916	2919	2920
f 	2916	2920	2917
f 	1212	1213	1211
f 	1212	1211	1164
f 	4985	4978	4977
f 	4985	4977	4986
f 	6742	6817	6816
f 	6742	6816	6741
f 	2951	2954	2955
f 	2951	2955	2956
f 	16705	16704	16666
f 	16705	16666	16665
f 	16589	16551	16550
f 	16589	16550	16590
f 	16617	16616	16635
f 	16617	16635	16634
f 	9253	9258	9254
f 	10627	10625	10628
f 	16316	16314	16315
f 	16376	16378	16384
f 	9426	9428	9431
f 	9431	9432	9430
f 	9431	9430	9426
f 	9425	9413	9433
f 	9425	9433	9424
f 	9368	9373	9369
f 	937	938	939
f 	937	939	940
f 	937	940	932
f 	937	932	933
f 	937	933	931
f 	937	931	934
f 	937	934	935
f 	937	935	936
f 	8225	8234	8250
f 	8225	8250	8249
f 	8225	8249	8248
f 	9366	9377	9378
f 	13085	13026	13027
f 	13020	13028	13027
f 	13060	13040	13059
f 	13017	13038	13037
f 	8304	8303	8222
f 	8304	8222	8221
f 	13373	13384	13374
f 	13271	13288	13300
f 	13841	13842	13838
f 	13875	13782	13874
f 	9251	9250	9252
f 	9429	9430	9432
f 	8571	8570	8607
f 	8571	8607	8592
f 	9366	9365	9367
f 	14310	14308	14307
f 	14310	14307	14309
f 	14483	14484	14482
f 	14483	14482	14481
f 	35	36	37
f 	35	37	38
f 	35	38	46
f 	35	46	45
f 	16375	16356	16371
f 	16323	16307	16308
f 	9222	9225	9306
f 	8796	8710	8709
f 	8796	8709	8797
f 	8926	8977	8976
f 	8926	8976	8927
f 	36	45	46
f 	36	46	37
f 	17629	17337	17336
f 	17629	17336	17628
f 	17264	17626	17627
f 	17264	17627	17265
f 	17630	17333	17347
f 	17630	17347	17631
f 	17266	17348	17349
f 	17266	17349	17267
f 	17609	17299	17298
f 	17609	17298	17608
f 	17254	17606	17607
f 	17254	17607	17255
f 	17605	17303	17302
f 	17605	17302	17604
f 	17252	17602	17603
f 	17252	17603	17253
f 	17593	17315	17314
f 	17593	17314	17592
f 	17246	17590	17591
f 	17246	17591	17247
f 	17589	17319	17318
f 	17589	17318	17588
f 	17244	17586	17587
f 	17244	17587	17245
f 	17242	17582	17583
f 	17242	17583	17243
f 	17584	17286	17285
f 	17584	17285	17585
f 	17597	17311	17310
f 	17597	17310	17596
f 	17248	17594	17595
f 	17248	17595	17249
f 	17613	17295	17294
f 	17613	17294	17612
f 	17256	17610	17611
f 	17256	17611	17257
f 	17617	17291	17290
f 	17617	17290	17616
f 	17258	17614	17615
f 	17258	17615	17259
f 	17625	17341	17340
f 	17625	17340	17624
f 	17262	17622	17623
f 	17262	17623	17263
f 	17260	17620	17621
f 	17260	17621	17261
f 	17619	17345	17344
f 	17619	17344	17618
f 	17601	17307	17306
f 	17601	17306	17600
f 	17250	17598	17599
f 	17250	17599	17251
f 	9261	9255	9256
f 	8599	8598	8597
f 	8599	8597	8566
f 	8599	8566	8579
f 	8599	8579	8580
f 	8599	8580	8581
f 	8599	8581	8587
f 	8599	8587	8600
f 	8599	8600	8601
f 	13312	13184	13313
f 	13678	13356	13679
f 	13825	13710	13826
f 	14186	13891	14187
f 	13183	13189	13188
f 	13355	13361	13360
f 	13709	13715	13714
f 	13890	13896	13895
f 	10861	10696	10862
f 	10702	10860	10859
f 	14388	14387	14310
f 	14388	14310	14309
f 	14385	14480	14479
f 	14385	14479	14386
f 	14387	14388	14385
f 	14387	14385	14386
f 	14480	14481	14482
f 	14480	14482	14479
f 	9394	9348	9395
f 	13168	13169	13268
f 	13103	13104	13349
f 	12260	12261	13777
f 	13694	13695	13807
f 	13212	13420	13419
f 	13739	13910	13909
f 	13452	13191	13453
f 	13988	13717	13970
f 	17118	16972	16975
f 	16933	16936	16930
f 	10598	10597	10596
f 	13502	13497	13503
f 	14001	13998	14002
f 	13498	13532	13531
f 	13999	14026	14079
f 	9385	9391	9390
f 	9536	9537	9527
f 	9536	9527	9526
f 	9639	9629	9628
f 	9639	9628	9638
f 	9932	9931	9941
f 	9932	9941	9942
f 	9626	9625	9635
f 	9626	9635	9636
f 	9728	9727	9737
f 	9728	9737	9738
f 	9830	9829	9839
f 	9830	9839	9840
f 	9843	9833	9832
f 	9843	9832	9842
f 	9945	9935	9934
f 	9945	9934	9944
f 	9741	9731	9730
f 	9741	9730	9740
f 	9878	9884	9883
f 	9878	9883	9879
f 	9521	9531	9532
f 	9521	9532	9522
f 	9524	9523	9533
f 	9524	9533	9534
f 	9469	9477	9476
f 	9469	9476	9470
f 	9488	9489	9479
f 	9488	9479	9478
f 	9896	9897	9887
f 	9896	9887	9886
f 	9624	9634	9635
f 	9624	9635	9625
f 	9487	9486	9491
f 	9487	9491	9490
f 	9895	9894	9899
f 	9895	9899	9898
f 	12210	12209	12204
f 	12210	12204	12203
f 	12193	12196	12206
f 	12193	12206	12202
f 	9580	9590	9591
f 	9580	9591	9581
f 	9682	9692	9693
f 	9682	9693	9683
f 	9784	9794	9795
f 	9784	9795	9785
f 	9601	9600	9602
f 	9601	9602	9603
f 	9805	9804	9806
f 	9805	9806	9807
f 	9445	9444	9474
f 	9445	9474	9517
f 	9501	9500	9529
f 	9501	9529	9519
f 	9852	9880	9881
f 	9852	9881	9882
f 	9444	9472	9473
f 	9444	9473	9474
f 	9526	9525	9535
f 	9526	9535	9536
f 	9776	9775	9783
f 	9776	9783	9782
f 	9907	9906	9908
f 	9907	9908	9909
f 	9546	9574	9575
f 	9546	9575	9576
f 	9900	9906	9907
f 	9900	9907	9901
f 	9878	9877	9885
f 	9878	9885	9884
f 	9930	9929	9939
f 	9930	9939	9940
f 	9573	9572	9578
f 	9573	9578	9577
f 	9675	9674	9680
f 	9675	9680	9679
f 	9777	9776	9782
f 	9777	9782	9781
f 	9703	9702	9704
f 	9703	9704	9705
f 	9909	9908	9937
f 	9909	9937	9927
f 	9674	9673	9681
f 	9674	9681	9680
f 	9572	9571	9579
f 	9572	9579	9578
f 	9796	9793	9792
f 	9796	9792	9797
f 	9648	9676	9677
f 	9648	9677	9678
f 	9750	9778	9779
f 	9750	9779	9780
f 	9726	9725	9735
f 	9726	9735	9736
f 	9828	9827	9837
f 	9828	9837	9838
f 	9934	9933	9943
f 	9934	9943	9944
f 	9730	9729	9739
f 	9730	9739	9740
f 	9592	9589	9588
f 	9592	9588	9593
f 	9694	9691	9690
f 	9694	9690	9695
f 	9842	9832	9831
f 	9842	9831	9841
f 	9499	9493	9492
f 	9499	9492	9498
f 	9522	9532	9533
f 	9522	9533	9523
f 	9726	9736	9737
f 	9726	9737	9727
f 	9828	9838	9839
f 	9828	9839	9829
f 	9620	9630	9640
f 	9620	9640	9618
f 	9696	9702	9703
f 	9696	9703	9697
f 	9600	9601	9595
f 	9600	9595	9594
f 	9720	9722	9732
f 	9720	9732	9742
f 	9822	9824	9834
f 	9822	9834	9844
f 	9926	9936	9946
f 	9926	9946	9924
f 	9798	9804	9805
f 	9798	9805	9799
f 	9853	9852	9882
f 	9853	9882	9925
f 	9930	9940	9941
f 	9930	9941	9931
f 	9682	9683	9681
f 	9682	9681	9673
f 	9571	9580	9581
f 	9571	9581	9579
f 	9775	9784	9785
f 	9775	9785	9783
f 	9471	9470	9476
f 	9471	9476	9475
f 	9486	9492	9493
f 	9486	9493	9491
f 	9528	9527	9537
f 	9528	9537	9538
f 	9705	9704	9733
f 	9705	9733	9723
f 	9807	9806	9835
f 	9807	9835	9825
f 	9547	9546	9576
f 	9547	9576	9619
f 	9603	9602	9631
f 	9603	9631	9621
f 	9751	9750	9780
f 	9751	9780	9823
f 	9649	9648	9678
f 	9649	9678	9721
f 	9520	9519	9529
f 	9520	9529	9530
f 	9751	9823	9824
f 	9751	9824	9822
f 	9649	9721	9722
f 	9649	9722	9720
f 	9638	9628	9627
f 	9638	9627	9637
f 	9928	9927	9937
f 	9928	9937	9938
f 	9724	9723	9733
f 	9724	9733	9734
f 	9826	9825	9835
f 	9826	9835	9836
f 	9516	9445	9517
f 	9516	9517	9518
f 	9630	9629	9639
f 	9630	9639	9640
f 	9624	9623	9633
f 	9624	9633	9634
f 	9877	9886	9887
f 	9877	9887	9885
f 	9469	9478	9479
f 	9469	9479	9477
f 	9547	9619	9620
f 	9547	9620	9618
f 	9879	9883	9881
f 	9879	9881	9880
f 	9471	9475	9473
f 	9471	9473	9472
f 	9531	9521	9520
f 	9531	9520	9530
f 	9622	9621	9631
f 	9622	9631	9632
f 	9690	9696	9697
f 	9690	9697	9695
f 	9732	9731	9741
f 	9732	9741	9742
f 	9588	9594	9595
f 	9588	9595	9593
f 	9936	9935	9945
f 	9936	9945	9946
f 	9792	9798	9799
f 	9792	9799	9797
f 	9834	9833	9843
f 	9834	9843	9844
f 	9622	9632	9633
f 	9622	9633	9623
f 	9724	9734	9735
f 	9724	9735	9725
f 	9826	9836	9837
f 	9826	9837	9827
f 	9928	9938	9939
f 	9928	9939	9929
f 	9573	9577	9575
f 	9573	9575	9574
f 	9675	9679	9677
f 	9675	9677	9676
f 	9777	9781	9779
f 	9777	9779	9778
f 	9853	9925	9926
f 	9853	9926	9924
f 	9896	9895	9898
f 	9896	9898	9897
f 	9488	9487	9490
f 	9488	9490	9489
f 	9894	9900	9901
f 	9894	9901	9899
f 	9516	9518	9528
f 	9516	9528	9538
f 	9499	9498	9500
f 	9499	9500	9501
f 	9692	9691	9694
f 	9692	9694	9693
f 	9590	9589	9592
f 	9590	9592	9591
f 	9794	9793	9796
f 	9794	9796	9795
f 	9535	9525	9524
f 	9535	9524	9534
f 	9729	9728	9738
f 	9729	9738	9739
f 	9943	9933	9932
f 	9943	9932	9942
f 	9831	9830	9840
f 	9831	9840	9841
f 	9627	9626	9636
f 	9627	9636	9637
f 	12416	12398	12396
f 	12469	12451	12449
f 	12506	12488	12486
f 	12489	12510	12487
f 	12452	12634	12450
f 	12767	12749	12747
f 	12750	12770	12748
f 	12399	12871	12397
f 	11135	11117	11127
f 	11126	10881	11119
f 	11764	10992	11756
f 	11755	10876	11174
f 	11783	10976	11784
f 	11785	10977	10979
f 	11035	10949	11034
f 	11050	11012	11041
f 	11217	11215	11009
f 	11229	11006	11222
f 	11120	10956	11121
f 	11122	11063	11118
f 	11142	10958	11143
f 	11144	10961	10963
f 	11175	10988	11176
f 	11177	10994	10996
f 	11178	10993	11179
f 	11751	10989	10991
f 	11157	10959	11149
f 	11148	11064	11158
f 	11830	10983	11829
f 	11845	10984	10986
f 	11798	10980	11790
f 	11789	11773	11782
f 	11805	10981	11806
f 	11822	11170	11172
f 	11853	10974	11854
f 	11855	11774	11852
f 	11856	11780	11857
f 	11871	11777	11779
f 	11882	10973	11894
f 	11893	10879	11878
f 	10915	10864	10916
f 	10917	10891	10914
f 	10918	10894	10919
f 	10933	10686	10893
f 	10945	10946	10947
f 	11010	10998	11011
f 	11014	10888	10948
f 	11027	10942	11019
f 	11018	10883	10944
f 	11040	11048	11055
f 	11054	10882	11036
f 	11070	10964	11071
f 	11072	10880	11069
f 	11073	10968	11074
f 	11088	10965	10967
f 	11094	10952	10954
f 	11095	10951	11096
f 	11101	10955	11113
f 	11112	11060	11097
f 	11185	10997	11197
f 	11196	10874	11181
f 	11221	11000	11002
f 	11812	11169	11825
f 	11824	10878	11808
f 	11835	10987	11848
f 	11847	10877	11831
f 	11875	10970	10972
f 	11876	10969	11877
f 	11904	11898	11905
f 	11910	10886	11899
f 	11911	10895	11912
f 	11920	10884	11913
f 	12471	12634	12635
f 	12469	12470	12637
f 	12506	12507	12684
f 	12508	12510	12686
f 	12733	12871	12873
f 	12416	12417	12875
f 	12767	12768	12939
f 	12769	12770	12941
f 	6452	6453	6450
f 	6452	6450	6451
f 	6452	6451	6448
f 	6452	6448	6447
f 	6452	6447	6449
f 	6452	6449	6454
f 	6452	6454	6455
f 	6452	6455	6456
f 	6452	6456	6457
f 	13471	13470	13464
f 	13471	13464	13465
f 	14053	14052	14047
f 	14053	14047	14048
f 	13243	13244	13241
f 	13243	13241	13242
f 	13947	13948	13945
f 	13947	13945	13946
f 	10863	10864	10699
f 	9349	9397	9396
f 	9273	9271	9272
f 	2626	2627	2628
f 	2626	2628	2619
f 	2626	2619	2617
f 	2626	2617	2618
f 	2626	2618	2622
f 	2626	2622	2621
f 	2626	2621	2620
f 	2626	2620	2623
f 	2626	2623	2624
f 	2626	2624	2625
f 	13212	13419	13418
f 	13453	13191	13454
f 	13739	13909	13908
f 	13970	13717	13969
f 	8601	8641	8640
f 	8601	8640	8595
f 	8834	8833	8713
f 	8834	8713	8712
f 	961	962	963
f 	961	963	964
f 	961	964	957
f 	961	957	956
f 	961	956	958
f 	961	958	959
f 	961	959	955
f 	961	955	965
f 	961	965	954
f 	961	954	966
f 	961	966	960
f 	4835	4834	4833
f 	1020	1019	1021
f 	2912	2911	2913
f 	6685	6684	6683
f 	3100	3041	3052
f 	6840	6843	6865
f 	1208	1149	1160
f 	4990	4993	5015
f 	2662	2663	2656
f 	2662	2656	2655
f 	2662	2655	2657
f 	2662	2657	2658
f 	2662	2658	2654
f 	2662	2654	2664
f 	2662	2664	2653
f 	2662	2653	2665
f 	2662	2665	2659
f 	2662	2659	2660
f 	2662	2660	2661
f 	12440	12435	12434
f 	12476	12473	12433
f 	12390	12474	12418
f 	12737	12734	12427
f 	12438	12444	12420
f 	12475	12481	12430
f 	12386	12391	12428
f 	12736	12742	12735
f 	2687	2688	2689
f 	2687	2689	2690
f 	2687	2690	2680
f 	2687	2680	2679
f 	2687	2679	2681
f 	2687	2681	2682
f 	2687	2682	2683
f 	2687	2683	2684
f 	2687	2684	2685
f 	2687	2685	2686
f 	17117	16972	17118
f 	16933	16930	16931
f 	13143	13151	13142
f 	13120	13124	13123
f 	13144	13141	13140
f 	13121	13119	13122
f 	14321	14319	14482
f 	14321	14482	14484
f 	14311	14464	14308
f 	14311	14308	14310
f 	12394	12416	12396
f 	12447	12469	12449
f 	12484	12506	12486
f 	12510	12485	12487
f 	12634	12448	12450
f 	12745	12767	12747
f 	12770	12746	12748
f 	12871	12395	12397
f 	928	929	930
f 	928	930	921
f 	928	921	919
f 	928	919	920
f 	928	920	924
f 	928	924	923
f 	928	923	922
f 	928	922	925
f 	928	925	926
f 	928	926	927
f 	9387	9352	9351
f 	9387	9351	9384
f 	13177	13198	13179
f 	13305	13178	13180
f 	13336	13337	13333
f 	13352	13368	13353
f 	13703	13724	13705
f 	13753	13754	13750
f 	13818	13704	13706
f 	13887	13903	13888
f 	12250	12261	12260
f 	13092	13104	13103
f 	13168	13089	13169
f 	13694	12237	13695
f 	989	990	991
f 	989	991	992
f 	989	992	982
f 	989	982	981
f 	989	981	983
f 	989	983	984
f 	989	984	985
f 	989	985	986
f 	989	986	987
f 	989	987	988
f 	10124	10123	10101
f 	10124	10101	10100
f 	4772	4773	4767
f 	4772	4767	4768
f 	4772	4768	4769
f 	4772	4769	4765
f 	4772	4765	4766
f 	4772	4766	4759
f 	4772	4759	4758
f 	4772	4758	4761
f 	4772	4761	4770
f 	4772	4770	4771
f 	10316	10314	10363
f 	14642	14643	14644
f 	10313	10318	10312
f 	14627	14626	14624
f 	10899	10693	10900
f 	10685	10961	10965
f 	10409	10406	10408
f 	10582	12115	12114
f 	2674	2675	2676
f 	2674	2676	2670
f 	2674	2670	2667
f 	2674	2667	2666
f 	2674	2666	2668
f 	2674	2668	2677
f 	2674	2677	2669
f 	2674	2669	2678
f 	2674	2678	2671
f 	2674	2671	2672
f 	2674	2672	2673
f 	11008	11009	11208
f 	10326	10367	10368
f 	14651	14652	14653
f 	10308	10327	10307
f 	14618	14614	14617
f 	977	978	972
f 	977	972	971
f 	977	971	968
f 	977	968	967
f 	977	967	969
f 	977	969	979
f 	977	979	970
f 	977	970	980
f 	977	980	973
f 	977	973	974
f 	977	974	975
f 	977	975	976
f 	14479	14482	14319
f 	14479	14319	14317
f 	14310	14387	14313
f 	14310	14313	14311
f 	14479	14317	14315
f 	14479	14315	14386
f 	14315	14313	14387
f 	14315	14387	14386
f 	12317	12273	12319
f 	6926	7047	7039
f 	3238	3247	3239
f 	658	659	852
f 	1798	1797	1900
f 	4614	4443	4444
f 	5880	5864	5863
f 	3309	3306	3126
f 	6882	6883	6884
f 	3432	3409	3408
f 	7127	7126	7445
f 	813	650	651
f 	1857	1806	1805
f 	4451	4452	4564
f 	5856	5855	5916
f 	882	643	816
f 	1845	1809	1846
f 	4568	4455	4572
f 	5851	5824	5844
f 	4305	4307	4308
f 	5580	5720	5581
f 	394	405	395
f 	1682	1693	1683
f 	366	360	367
f 	1654	1648	1655
f 	4194	4323	4195
f 	5547	5556	5548
f 	3261	3255	3262
f 	6912	6911	6913
f 	3289	3300	3290
f 	6893	6895	6896
f 	551	412	415
f 	2077	1700	1703
f 	4294	4295	4296
f 	5598	5714	5599
f 	344	352	345
f 	1631	1640	1632
f 	4125	4188	4126
f 	5428	5542	5429
f 	377	389	378
f 	1665	1677	1666
f 	4318	4319	4338
f 	5562	5726	5563
f 	3272	3284	3273
f 	6906	6907	7423
f 	3451	3405	3404
f 	7131	7130	7452
f 	832	654	655
f 	1878	1802	1801
f 	4447	4448	4600
f 	5860	5859	5902
f 	3401	3400	3473
f 	7198	7135	7134
f 	3649	3657	3244
f 	6945	7034	6946
f 	3413	3201	3412
f 	7122	7095	7115
f 	317	325	318
f 	2004	2012	1637
f 	4107	4119	4108
f 	5395	5422	5396
f 	13113	12234	13114
f 	13111	12234	13112
f 	17031	16871	17035
f 	11248	10911	11249
f 	8254	8255	8256
f 	8254	8256	8253
f 	8254	8253	8244
f 	9379	9378	9377
f 	9379	9377	9372
f 	8211	8233	8232
f 	8211	8232	8231
f 	8211	8231	8230
f 	8235	8236	8237
f 	8235	8237	8238
f 	8235	8238	8195
f 	9405	9406	9401
f 	9405	9401	9402
f 	12318	12320	12353
f 	12323	12273	12325
f 	10625	10632	10631
f 	8290	8289	8283
f 	12703	12518	12707
f 	12519	12587	12672
f 	12720	12648	12717
f 	12593	12723	12716
f 	12958	12778	12962
f 	12779	12834	12928
f 	12979	12888	12976
f 	12840	12983	12975
f 	10305	10327	10303
f 	10326	10370	10371
f 	14615	14614	14612
f 	14651	14655	14656
f 	12032	12099	12098
f 	14498	14597	14596
f 	10118	10135	10137
f 	10159	10188	10187
f 	16936	16937	16930
f 	16974	16975	16972
f 	14834	14837	14845
f 	14834	14845	14844
f 	14740	14743	14751
f 	14740	14751	14750
f 	14740	14741	14742
f 	14740	14742	14743
f 	14834	14835	14836
f 	14834	14836	14837
f 	9352	9397	9349
f 	8155	8146	8149
f 	8155	8149	8154
f 	8109	8100	8103
f 	8109	8103	8108
f 	13661	13658	13662
f 	13659	13660	13667
f 	14199	13871	14200
f 	13870	14206	14205
f 	8124	8123	8110
f 	8124	8110	8113
f 	8170	8169	8156
f 	8170	8156	8159
f 	10868	10870	10867
f 	14226	14220	14219
f 	13522	13621	13601
f 	14148	14133	14149
f 	9394	9350	9348
f 	10853	10849	10847
f 	10849	10853	10851
f 	10839	10846	10848
f 	10846	10839	10838
f 	14691	14682	14680
f 	14682	14691	14689
f 	14688	14677	14676
f 	14677	14688	14690
f 	10628	10625	10629
f 	9234	9316	9315
f 	9399	9400	9407
f 	9399	9407	9392
f 	9393	9409	9408
f 	9393	9408	9398
f 	14844	14845	14836
f 	14844	14836	14835
f 	14750	14751	14742
f 	14750	14742	14741
f 	2637	2638	2639
f 	2637	2639	2630
f 	2637	2630	2631
f 	2637	2631	2632
f 	2637	2632	2633
f 	2637	2633	2629
f 	2637	2629	2634
f 	2637	2634	2635
f 	2637	2635	2636
f 	13351	13339	13340
f 	13351	13340	13343
f 	13175	13176	13174
f 	13175	13174	13173
f 	13701	13702	13700
f 	13701	13700	13699
f 	13886	13757	13761
f 	13886	13761	13885
f 	13181	13182	13180
f 	13181	13180	13179
f 	13354	13328	13333
f 	13354	13333	13353
f 	13707	13708	13706
f 	13707	13706	13705
f 	13889	13745	13750
f 	13889	13750	13888
f 	13185	13318	13317
f 	13185	13317	13186
f 	13357	13684	13683
f 	13357	13683	13358
f 	13711	13831	13830
f 	13711	13830	13712
f 	13893	13892	14193
f 	13893	14193	14192
f 	13350	13102	13103
f 	13350	13103	13348
f 	13171	13172	13169
f 	13171	13169	13170
f 	13183	13185	13186
f 	13183	13186	13184
f 	13355	13357	13358
f 	13355	13358	13356
f 	13697	13698	13695
f 	13697	13695	13696
f 	13709	13711	13712
f 	13709	13712	13710
f 	13775	12259	12260
f 	13775	12260	13776
f 	13891	13890	13892
f 	13891	13892	13893
f 	13343	13340	13350
f 	13343	13350	13348
f 	13173	13174	13172
f 	13173	13172	13171
f 	13183	13184	13182
f 	13183	13182	13181
f 	13355	13356	13328
f 	13355	13328	13354
f 	13699	13700	13698
f 	13699	13698	13697
f 	13709	13710	13708
f 	13709	13708	13707
f 	13885	13761	13775
f 	13885	13775	13776
f 	13890	13891	13745
f 	13890	13745	13889
f 	13318	13322	13321
f 	13318	13321	13317
f 	13684	13688	13687
f 	13684	13687	13683
f 	13831	13835	13834
f 	13831	13834	13830
f 	14192	14193	14196
f 	14192	14196	14195
f 	13177	13178	13176
f 	13177	13176	13175
f 	13179	13180	13178
f 	13179	13178	13177
f 	13352	13337	13339
f 	13352	13339	13351
f 	13353	13333	13337
f 	13353	13337	13352
f 	13703	13704	13702
f 	13703	13702	13701
f 	13705	13706	13704
f 	13705	13704	13703
f 	13887	13754	13757
f 	13887	13757	13886
f 	13888	13750	13754
f 	13888	13754	13887
f 	9361	9371	9370
f 	9361	9370	9362
f 	9365	9368	9369
f 	9365	9369	9367
f 	2693	2694	2695
f 	2693	2695	2696
f 	2693	2696	2697
f 	2693	2697	2698
f 	2693	2698	2691
f 	2693	2691	2699
f 	2693	2699	2700
f 	2693	2700	2701
f 	2693	2701	2692
f 	10195	10339	10341
f 	14513	14555	14554
f 	10338	10194	10340
f 	14544	14514	14545
f 	9328	9329	9332
f 	9328	9332	9331
f 	13179	13195	13181
f 	13308	13180	13182
f 	13332	13333	13328
f 	13353	13365	13354
f 	13705	13721	13707
f 	13749	13750	13745
f 	13821	13706	13708
f 	13888	13900	13889
f 	9171	9170	9174
f 	9171	9174	9173
f 	13175	13200	13177
f 	13303	13176	13178
f 	13255	13339	13337
f 	13351	13370	13352
f 	13701	13726	13703
f 	13756	13757	13754
f 	13816	13702	13704
f 	13886	13767	13887
f 	9177	9180	9181
f 	9177	9181	9178
f 	16425	16423	16426
f 	16468	16459	16463
f 	952	943	953
f 	952	953	946
f 	952	946	947
f 	952	947	948
f 	952	948	949
f 	952	949	950
f 	952	950	951
f 	952	951	941
f 	952	941	942
f 	952	942	945
f 	952	945	944
f 	9337	9338	9335
f 	9337	9335	9334
f 	11934	10597	11950
f 	9360	9354	9359
f 	7716	7665	7664
f 	7716	7664	7717
f 	11092	11119	10881
f 	11065	11127	11117
f 	11173	11174	10876
f 	10875	11756	10992
f 	10902	10979	10977
f 	10978	11784	10976
f 	11013	11034	10949
f 	10950	11041	11012
f 	10899	10963	10961
f 	10904	10991	10989
f 	10905	10996	10994
f 	10957	11118	11063
f 	11062	11121	10956
f 	10962	11143	10958
f 	10990	11176	10988
f 	10995	11179	10993
f 	10903	10986	10984
f 	11066	11149	10959
f 	10960	11158	11064
f 	10985	11829	10983
f 	10982	11172	11170
f 	10975	11779	11777
f 	11781	11782	11773
f 	11772	11790	10980
f 	11171	11806	10981
f 	11776	11854	10974
f 	11775	11894	10973
f 	11165	11878	10879
f 	11166	11852	11774
f 	11778	11857	11780
f 	10692	10893	10686
f 	10913	10914	10891
f 	10892	10916	10864
f 	10890	10919	10894
f 	10939	10944	10883
f 	10887	10947	10946
f 	10897	10948	10888
f 	10898	10954	10952
f 	10900	10967	10965
f 	10901	10972	10970
f 	10906	11002	11000
f 	11001	11011	10998
f 	10943	11019	10942
f 	11051	11055	11048
f 	10941	11036	10882
f 	11068	11069	10880
f 	10966	11071	10964
f 	11067	11074	10968
f 	11061	11113	10955
f 	10953	11096	10951
f 	11093	11097	11060
f 	10873	11197	10997
f 	11180	11181	10874
f 	11167	11808	10878
f 	11807	11825	11169
f 	11771	11848	10987
f 	11168	11831	10877
f 	10971	11877	10969
f 	10896	11899	10886
f 	10885	11905	11898
f 	10889	11912	10895
f 	10938	11913	10884
f 	10781	10700	10787
f 	8676	8680	8649
f 	8676	8649	8648
f 	8676	8648	8662
f 	8676	8662	8664
f 	10724	11000	10725
f 	13584	13505	13507
f 	14007	14005	14006
f 	13493	13494	13492
f 	13512	13523	13526
f 	13994	13995	13992
f 	14073	14155	14154
f 	7657	7656	7655
f 	7657	7655	7654
f 	9142	9143	9176
f 	9142	9176	9175
f 	9142	9175	9173
f 	9142	9173	9174
f 	13665	13669	13673
f 	14203	14208	14212
f 	13668	13664	13672
f 	14207	14202	14211
f 	9171	9172	9169
f 	9171	9169	9170
f 	9145	9141	9164
f 	9329	9328	9327
f 	9329	9327	9330
f 	1067	1064	1066
f 	4889	4966	4965
f 	2955	2910	2908
f 	6680	6682	6741
f 	1122	1117	1115
f 	4938	5004	5003
f 	3014	3009	3007
f 	6788	6854	6853
f 	4960	4986	4987
f 	1209	1211	1210
f 	1130	1132	1129
f 	4998	4997	4994
f 	3022	3024	3021
f 	6848	6847	6844
f 	6787	6789	6788
f 	3007	3004	3005
f 	1063	1018	1016
f 	4830	4832	4891
f 	2917	2999	2918
f 	6689	6665	6690
f 	2960	2959	2961
f 	6738	6815	6814
f 	3101	3103	3102
f 	6810	6836	6837
f 	1064	1063	1065
f 	4890	4891	4966
f 	2956	2955	2957
f 	6740	6741	6816
f 	1028	1108	1025
f 	4840	4841	4936
f 	2920	3000	2917
f 	6690	6691	6786
f 	1068	1067	1069
f 	4888	4965	4964
f 	4937	4939	4938
f 	1115	1112	1113
f 	1113	1109	1028
f 	4936	4940	4937
f 	1025	1107	1026
f 	4839	4815	4840
f 	2959	2956	2958
f 	6739	6816	6815
f 	1125	1121	1122
f 	5003	5001	5002
f 	3099	3039	3040
f 	6845	6866	6864
f 	3017	3013	3014
f 	6853	6851	6852
f 	6813	6833	6834
f 	3107	3062	3063
f 	3099	3098	3097
f 	6863	6839	6864
f 	4995	5016	5014
f 	1207	1147	1148
f 	1215	1170	1171
f 	4963	4983	4984
f 	3103	3105	3109
f 	6811	6835	6836
f 	1211	1213	1217
f 	4961	4985	4986
f 	1213	1215	1216
f 	4962	4984	4985
f 	6812	6834	6835
f 	3105	3107	3108
f 	3019	3013	3017
f 	6852	6851	6850
f 	1127	1121	1125
f 	5002	5001	5000
f 	1207	1206	1205
f 	5013	4989	5014
f 	3062	2960	3063
f 	6813	6814	6833
f 	1170	1068	1171
f 	4963	4964	4983
f 	3098	3101	3096
f 	6809	6837	6839
f 	1206	1209	1204
f 	4959	4987	4989
f 	3021	3012	3019
f 	6850	6849	6848
f 	5000	4999	4998
f 	1129	1120	1127
f 	3005	3001	2920
f 	6786	6790	6787
f 	6844	6846	6845
f 	3040	3025	3022
f 	1148	1133	1130
f 	4994	4996	4995
f 	9397	9394	9395
f 	9397	9395	9396
f 	9400	9410	9408
f 	9410	9400	9401
f 	9406	9409	9411
f 	9409	9406	9407
f 	16655	16681	16684
f 	16655	16684	16682
f 	16540	16566	16569
f 	16540	16569	16567
f 	16626	16652	16601
f 	16626	16601	16600
f 	10625	10631	10630
f 	9331	9332	9336
f 	9331	9336	9333
f 	9337	9334	9333
f 	9337	9333	9336
f 	11129	11131	11125
f 	11141	11125	11131
f 	11151	11153	11147
f 	11164	11147	11153
f 	11861	11860	11870
f 	11869	11870	11860
f 	11883	11889	11890
f 	11891	11890	11889
f 	11078	11077	11087
f 	11086	11087	11077
f 	11186	11192	11193
f 	11194	11193	11192
f 	11003	11004	11220
f 	11225	11220	11004
f 	11813	11819	11820
f 	11821	11820	11819
f 	10923	10922	10932
f 	10931	10932	10922
f 	11021	11023	11017
f 	11033	11017	11023
f 	11900	11901	11909
f 	11908	11909	11901
f 	11042	11049	11052
f 	11057	11052	11049
f 	11102	11108	11109
f 	11110	11109	11108
f 	11792	11794	11788
f 	11804	11788	11794
f 	11836	11842	11843
f 	11844	11843	11842
f 	11758	11760	11754
f 	11767	11754	11760
f 	7721	7759	7758
f 	7721	7758	7720
f 	7773	7775	7774
f 	9375	9370	9350
f 	10629	10625	10630
f 	9434	9415	9435
f 	9416	9423	9422
f 	9327	9335	9338
f 	9327	9338	9330
f 	9178	9175	9176
f 	9178	9176	9177
f 	3117	3202	3187
f 	7079	7078	6872
f 	444	446	629
f 	1732	1734	2171
f 	4458	4281	4283
f 	5810	5701	5703
f 	12251	12253	12248
f 	13094	13098	13091
f 	12256	12252	12247
f 	13095	13093	13090
f 	13091	13098	13099
f 	12248	12253	13735
f 	12256	12247	12257
f 	13095	13090	13100
f 	9145	9142	9141
f 	10694	10700	10696
f 	12420	12444	12446
f 	12430	12481	12483
f 	12476	12433	12482
f 	12390	12418	12392
f 	12428	12391	12393
f 	12735	12742	12744
f 	12737	12427	12743
f 	12440	12434	12445
f 	12234	12237	12235
f 	13161	13089	13162
f 	5013	5016	5017
f 	6163	6165	6185
f 	1146	1147	1205
f 	2224	2227	2223
f 	2877	2839	2879
f 	2905	2906	2904
f 	6505	6504	6506
f 	6656	6664	6655
f 	6083	6082	6084
f 	1013	1014	1012
f 	2254	2255	2256
f 	4806	4814	4805
f 	2720	2717	2722
f 	3038	3039	3097
f 	6650	6633	6651
f 	6863	6866	6867
f 	9169	9172	9181
f 	9169	9181	9180
f 	10734	11528	10787
f 	10747	11502	11274
f 	7834	7885	7884
f 	7834	7884	7883
f 	7834	7883	7882
f 	7834	7882	7881
f 	7834	7881	7879
f 	7834	7879	7878
f 	7834	7878	7877
f 	7834	7877	7880
f 	7834	7880	7823
f 	7834	7823	7822
f 	7834	7822	7824
f 	7834	7824	7825
f 	7834	7825	7826
f 	7834	7826	7827
f 	7834	7827	7828
f 	7834	7828	7829
f 	7834	7829	7830
f 	7834	7830	7831
f 	7834	7831	7832
f 	7834	7832	7833
f 	8539	8283	8540
f 	16511	16539	16486
f 	16511	16486	16485
f 	2641	2644	2643
f 	2641	2643	2651
f 	2641	2651	2642
f 	2641	2642	2652
f 	2641	2652	2645
f 	2641	2645	2646
f 	2641	2646	2647
f 	2641	2647	2648
f 	2641	2648	2649
f 	2641	2649	2650
f 	2641	2650	2640
f 	10795	10794	10793
f 	10841	10559	10840
f 	10558	10830	10850
f 	14666	10468	14678
f 	10563	14665	14679
f 	10836	10843	10837
f 	10844	10852	10845
f 	14684	14681	14683
f 	14674	14687	14675
f 	17248	16851	16850
f 	17248	16850	17594
f 	17597	17446	17312
f 	17597	17312	17311
f 	17349	16813	16812
f 	17349	16812	17267
f 	17347	17350	17467
f 	17347	17467	17631
f 	17603	16841	16840
f 	17603	16840	17253
f 	17302	17301	17451
f 	17302	17451	17604
f 	17607	16837	16836
f 	17607	16836	17255
f 	17298	17297	17453
f 	17298	17453	17608
f 	17262	16823	16822
f 	17262	16822	17622
f 	17625	17462	17342
f 	17625	17342	17341
f 	17627	16817	16816
f 	17627	16816	17265
f 	17336	17335	17465
f 	17336	17465	17628
f 	17242	16863	16862
f 	17242	16862	17582
f 	17584	17440	17321
f 	17584	17321	17286
f 	17246	16855	16854
f 	17246	16854	17590
f 	17593	17444	17316
f 	17593	17316	17315
f 	17583	16861	16860
f 	17583	16860	17243
f 	17285	17287	17441
f 	17285	17441	17585
f 	17244	16859	16858
f 	17244	16858	17586
f 	17589	17442	17320
f 	17589	17320	17319
f 	17599	16845	16844
f 	17599	16844	17251
f 	17306	17305	17449
f 	17306	17449	17600
f 	17254	16839	16838
f 	17254	16838	17606
f 	17609	17452	17300
f 	17609	17300	17299
f 	17266	16815	16814
f 	17266	16814	17348
f 	17630	17466	17334
f 	17630	17334	17333
f 	17595	16849	16848
f 	17595	16848	17249
f 	17310	17309	17447
f 	17310	17447	17596
f 	17252	16843	16842
f 	17252	16842	17602
f 	17605	17450	17304
f 	17605	17304	17303
f 	17256	16835	16834
f 	17256	16834	17610
f 	17611	16833	16832
f 	17611	16832	17257
f 	17612	17294	17293
f 	17612	17293	17455
f 	17613	17454	17296
f 	17613	17296	17295
f 	17344	17343	17461
f 	17344	17461	17618
f 	17621	16825	16824
f 	17621	16824	17261
f 	17264	16819	16818
f 	17264	16818	17626
f 	17629	17464	17338
f 	17629	17338	17337
f 	17587	16857	16856
f 	17587	16856	17245
f 	17318	17317	17443
f 	17318	17443	17588
f 	17258	16831	16830
f 	17258	16830	17614
f 	17617	17456	17292
f 	17617	17292	17291
f 	17250	16847	16846
f 	17250	16846	17598
f 	17601	17448	17308
f 	17601	17308	17307
f 	17591	16853	16852
f 	17591	16852	17247
f 	17314	17313	17445
f 	17314	17445	17592
f 	17623	16821	16820
f 	17623	16820	17263
f 	17340	17339	17463
f 	17340	17463	17624
f 	4745	4750	4751
f 	4745	4751	4740
f 	4745	4740	4739
f 	4745	4739	4742
f 	4745	4742	4752
f 	4745	4752	4753
f 	4745	4753	4754
f 	4745	4754	4747
f 	4745	4747	4748
f 	4745	4748	4749
f 	4745	4749	4746
f 	6437	6442	6443
f 	6437	6443	6435
f 	6437	6435	6434
f 	6437	6434	6436
f 	6437	6436	6444
f 	6437	6444	6445
f 	6437	6445	6446
f 	6437	6446	6439
f 	6437	6439	6440
f 	6437	6440	6441
f 	6437	6441	6438
f 	7743	7943	7944
f 	7743	7944	7742
f 	1002	1003	994
f 	1002	994	995
f 	1002	995	996
f 	1002	996	997
f 	1002	997	998
f 	1002	998	999
f 	1002	999	1000
f 	1002	1000	993
f 	1002	993	1001
f 	8832	8714	8713
f 	8832	8713	8833
f 	8922	8981	8980
f 	8922	8980	8923
f 	11255	11504	11251
f 	11503	11251	11504
f 	13283	13296	13295
f 	13855	13856	13854
f 	13376	13390	13377
f 	13883	13788	13882
f 	2193	2184	2187
f 	5996	5992	6002
f 	5994	6001	6048
f 	2252	2191	2186
f 	6513	6511	6519
f 	2872	2869	2873
f 	2876	2880	2875
f 	6510	6518	6508
f 	8536	8283	8537
f 	8198	8199	8196
f 	10701	10820	10818
f 	9265	9264	9263
f 	9265	9263	9257
f 	1121	1117	1122
f 	5003	5004	5001
f 	3013	3009	3014
f 	6853	6854	6851
f 	1069	1067	1066
f 	4889	4965	4888
f 	1066	1064	1065
f 	4890	4966	4889
f 	2958	2956	2957
f 	6740	6816	6739
f 	3097	3098	3096
f 	6809	6839	6863
f 	1132	1120	1129
f 	1210	1211	1217
f 	4998	4999	4997
f 	4961	4986	4960
f 	1109	1108	1028
f 	4936	4841	4940
f 	3024	3012	3021
f 	6848	6849	6847
f 	3001	3000	2920
f 	6786	6691	6790
f 	3102	3103	3109
f 	6811	6836	6810
f 	2961	2959	2958
f 	6739	6815	6738
f 	4959	4989	5013
f 	1205	1206	1204
f 	3000	2999	2917
f 	6690	6665	6691
f 	3109	3105	3108
f 	6812	6835	6811
f 	1171	1068	1069
f 	4888	4964	4963
f 	1117	1112	1115
f 	4938	4939	5004
f 	3009	3004	3007
f 	6788	6789	6854
f 	1217	1213	1216
f 	4962	4985	4961
f 	2957	2955	2908
f 	6680	6741	6740
f 	1065	1063	1016
f 	4830	4891	4890
f 	1108	1107	1025
f 	4840	4815	4841
f 	1216	1215	1171
f 	4963	4984	4962
f 	3063	2960	2961
f 	6738	6814	6813
f 	3108	3107	3063
f 	6813	6834	6812
f 	3039	3025	3040
f 	6845	6846	6866
f 	10781	11271	10746
f 	1147	1133	1148
f 	4995	4996	5016
f 	1112	1109	1113
f 	4937	4940	4939
f 	3012	3013	3019
f 	6850	6851	6849
f 	1120	1121	1127
f 	5000	5001	4999
f 	6787	6790	6789
f 	3004	3001	3005
f 	3025	3024	3022
f 	6844	6847	6846
f 	3096	3101	3102
f 	6810	6837	6809
f 	4960	4987	4959
f 	1204	1209	1210
f 	1133	1132	1130
f 	4994	4997	4996
f 	11946	11939	11949
f 	11975	11976	11974
f 	12280	12279	12281
f 	10312	10323	10311
f 	10322	10363	10364
f 	14624	14623	14622
f 	14646	14644	14647
f 	8246	8245	8243
f 	8246	8243	8212
f 	8246	8212	8247
f 	7815	7808	7807
f 	7815	7807	7813
f 	7815	7813	7812
f 	10795	10796	10794
f 	10195	10259	10261
f 	10258	10194	10260
f 	14535	14514	14536
f 	14513	14564	14563
f 	10274	10194	10275
f 	14540	14514	14541
f 	10195	10271	10272
f 	14513	14559	14558
f 	16460	16467	16450
f 	16411	16427	16422
f 	7816	7800	7799
f 	7816	7799	7814
f 	8506	8488	8489
f 	8506	8489	8507
f 	13270	13288	13271
f 	13373	13385	13384
f 	13843	13842	13841
f 	13875	13783	13782
f 	10235	10233	10234
f 	14578	14522	14576
f 	14518	14517	14519
f 	10231	10232	10388
f 	10161	10194	10192
f 	14513	14571	14570
f 	10195	10382	10381
f 	14500	14514	14515
f 	13400	13405	13404
f 	13798	13803	13802
f 	13408	13277	13409
f 	13869	13862	13868
f 	13322	13324	13323
f 	13322	13323	13321
f 	13688	13690	13689
f 	13688	13689	13687
f 	13835	13837	13836
f 	13835	13836	13834
f 	14195	14196	14198
f 	14195	14198	14197
f 	12325	12270	12326
f 	12352	12353	12351
f 	16459	16468	16460
f 	16422	16426	16423
f 	13314	13186	13315
f 	13680	13358	13681
f 	13827	13712	13828
f 	14188	13893	14189
f 	13185	13187	13320
f 	13357	13359	13686
f 	13711	13713	13833
f 	13892	13894	14190
f 	11722	11249	11530
f 	9350	9351	9352
f 	9350	9352	9349
f 	9350	9349	9348
f 	862	871	773
f 	1911	1946	1948
f 	4235	4414	4413
f 	5473	5644	5643
f 	3452	3463	3462
f 	7215	7213	7271
f 	518	512	368
f 	1975	1558	1656
f 	4193	4207	4348
f 	5441	5366	5442
f 	3679	3333	3263
f 	6924	7247	7433
f 	7217	7218	7205
f 	3475	3630	3560
f 	510	509	346
f 	1978	1562	1633
f 	4124	4204	4203
f 	5427	5370	5438
f 	529	515	380
f 	1972	1559	1668
f 	4336	4209	4351
f 	5445	5369	5446
f 	3682	3331	3275
f 	7418	7249	7419
f 	3676	3335	3240
f 	6931	6933	6932
f 	4231	4405	4404
f 	5469	5635	5634
f 	833	842	778
f 	1879	1890	1889
f 	3484	3555	3557
f 	7221	7480	7194
f 	854	880	776
f 	1902	2176	1951
f 	4233	4409	4408
f 	5471	5639	5638
f 	8483	8484	8499
f 	8483	8499	8498
f 	10195	10337	10339
f 	14513	14556	14555
f 	10336	10194	10338
f 	14543	14514	14544
f 	16947	16927	16946
f 	16947	16946	16948
f 	16945	16928	16970
f 	16945	16970	16966
f 	3039	3099	3097
f 	6863	6864	6866
f 	1147	1207	1205
f 	5013	5014	5016
f 	10842	10843	10836
f 	10852	10844	10854
f 	14681	14684	14685
f 	14686	14687	14674
f 	9357	9354	9356
f 	9234	9314	9228
f 	1004	1005	1006
f 	4802	4803	4804
f 	3036	3029	3037
f 	6862	6860	6861
f 	1144	1137	1145
f 	5012	5010	5011
f 	2896	2897	2898
f 	6652	6653	6654
f 	16464	16462	16451
f 	16410	16417	16416
f 	8637	8596	8639
f 	8637	8639	8638
f 	2841	2743	2745
f 	6500	6501	6502
f 	2708	2705	2710
f 	6572	6460	6574
f 	2260	2261	2310
f 	6092	6081	6080
f 	6576	6625	6574
f 	2708	2716	2709
f 	6080	6055	6079
f 	2259	2257	2260
f 	2842	2840	2841
f 	6502	6503	6602
f 	6079	6054	6078
f 	2306	2258	2259
f 	6602	6603	6632
f 	2787	2789	2842
f 	2312	2310	2265
f 	6086	6092	6091
f 	2746	2745	2741
f 	6498	6500	6499
f 	2293	2288	2225
f 	6150	6151	6149
f 	2293	2230	2294
f 	6146	6068	6149
f 	9154	9162	9161
f 	12626	12602	12604
f 	12626	12604	12627
f 	12848	12914	12916
f 	12848	12916	12850
f 	13427	13439	13440
f 	13427	13440	13429
f 	13466	13461	13460
f 	13466	13460	13469
f 	13916	13953	13954
f 	13916	13954	13918
f 	14049	13979	13978
f 	14049	13978	14051
f 	12612	12613	12610
f 	12612	12610	12611
f 	12858	12856	12922
f 	12858	12922	12870
f 	12562	12572	12573
f 	12562	12573	12561
f 	12816	12819	12820
f 	12816	12820	12815
f 	12578	12596	12594
f 	12578	12594	12585
f 	12825	12926	12841
f 	12825	12841	12832
f 	12597	12599	12624
f 	12597	12624	12623
f 	12909	12910	12845
f 	12909	12845	12843
f 	12560	12574	12575
f 	12560	12575	12559
f 	12814	12821	12822
f 	12814	12822	12813
f 	12524	12526	12543
f 	12524	12543	12522
f 	12791	12787	12784
f 	12791	12784	12782
f 	13247	13257	13259
f 	13247	13259	13262
f 	13434	13447	13449
f 	13434	13449	13436
f 	13923	13961	13963
f 	13923	13963	13925
f 	13769	13983	13982
f 	13769	13982	14045
f 	12628	12605	12607
f 	12628	12607	12629
f 	12851	12917	12919
f 	12851	12919	12853
f 	13468	13463	13462
f 	13468	13462	13467
f 	14046	13981	13980
f 	14046	13980	14050
f 	13431	13444	13446
f 	13431	13446	13432
f 	13920	13958	13960
f 	13920	13960	13921
f 	13227	13223	13219
f 	13227	13219	13218
f 	13457	13456	13489
f 	13457	13489	13478
f 	13772	13774	13951
f 	13772	13951	13943
f 	13975	13973	14071
f 	13975	14071	14060
f 	13250	13227	13218
f 	13250	13218	13240
f 	13458	13457	13478
f 	13458	13478	13479
f 	13771	13772	13943
f 	13771	13943	13944
f 	13976	13975	14060
f 	13976	14060	14061
f 	13248	13256	13257
f 	13248	13257	13247
f 	13436	13449	13438
f 	13436	13438	13437
f 	13925	13963	13964
f 	13925	13964	13926
f 	13768	13984	13983
f 	13768	13983	13769
f 	12523	12521	12565
f 	12523	12565	12564
f 	12794	12781	12799
f 	12794	12799	12796
f 	12575	12576	12558
f 	12575	12558	12559
f 	12613	12630	12609
f 	12613	12609	12610
f 	12822	12823	12812
f 	12822	12812	12813
f 	12856	12855	12921
f 	12856	12921	12922
f 	12624	12599	12600
f 	12624	12600	12625
f 	12845	12910	12912
f 	12845	12912	12846
f 	10464	10420	10463
f 	10464	10463	10465
f 	11923	10568	10570
f 	11923	10570	10820
f 	13223	13224	13222
f 	13223	13222	13219
f 	13249	13250	13240
f 	13249	13240	13258
f 	13774	13928	13952
f 	13774	13952	13951
f 	13770	13771	13944
f 	13770	13944	13985
f 	12577	12578	12585
f 	12577	12585	12557
f 	12824	12825	12832
f 	12824	12832	12811
f 	12564	12565	12571
f 	12564	12571	12563
f 	12796	12799	12818
f 	12796	12818	12817
f 	12528	12612	12611
f 	12528	12611	12542
f 	12788	12858	12870
f 	12788	12870	12786
f 	12629	12607	12609
f 	12629	12609	12630
f 	12853	12919	12921
f 	12853	12921	12855
f 	12523	12524	12522
f 	12523	12522	12521
f 	12794	12791	12782
f 	12794	12782	12781
f 	13456	13441	13426
f 	13456	13426	13489
f 	13459	13458	13479
f 	13459	13479	13480
f 	13973	13955	13915
f 	13973	13915	14071
f 	13977	13976	14061
f 	13977	14061	14062
f 	12563	12571	12572
f 	12563	12572	12562
f 	12817	12818	12819
f 	12817	12819	12816
f 	13248	13249	13258
f 	13248	13258	13256
f 	13224	13437	13438
f 	13224	13438	13222
f 	13441	13439	13427
f 	13441	13427	13426
f 	13460	13459	13480
f 	13460	13480	13469
f 	13955	13953	13916
f 	13955	13916	13915
f 	13928	13926	13964
f 	13928	13964	13952
f 	13768	13770	13985
f 	13768	13985	13984
f 	13978	13977	14062
f 	13978	14062	14051
f 	13467	13462	13461
f 	13467	13461	13466
f 	13429	13440	13444
f 	13429	13444	13431
f 	13918	13954	13958
f 	13918	13958	13920
f 	14050	13980	13979
f 	14050	13979	14049
f 	12526	12528	12542
f 	12526	12542	12543
f 	12787	12788	12786
f 	12787	12786	12784
f 	12561	12573	12574
f 	12561	12574	12560
f 	12815	12820	12821
f 	12815	12821	12814
f 	12596	12597	12623
f 	12596	12623	12594
f 	12926	12909	12843
f 	12926	12843	12841
f 	12627	12604	12605
f 	12627	12605	12628
f 	12850	12916	12917
f 	12850	12917	12851
f 	12625	12600	12602
f 	12625	12602	12626
f 	12846	12912	12914
f 	12846	12914	12848
f 	12576	12577	12557
f 	12576	12557	12558
f 	12823	12824	12811
f 	12823	12811	12812
f 	13262	13259	13463
f 	13262	13463	13468
f 	14045	13982	13981
f 	14045	13981	14046
f 	13432	13446	13447
f 	13432	13447	13434
f 	13921	13960	13961
f 	13921	13961	13923
f 	880	877	776
f 	2176	2180	1951
f 	4233	4410	4409
f 	5471	5640	5639
f 	824	828	780
f 	1870	1874	1888
f 	4229	4402	4401
f 	5467	5632	5631
f 	842	847	778
f 	1890	1895	1889
f 	4231	4406	4405
f 	5469	5636	5635
f 	3677	3335	3676
f 	6932	6933	7435
f 	3443	3447	3461
f 	7269	7282	7280
f 	7221	7481	7480
f 	3555	3552	3557
f 	871	874	773
f 	1946	1943	1948
f 	4235	4415	4414
f 	5473	5645	5644
f 	511	509	510
f 	1977	1562	1978
f 	4203	4204	4350
f 	5438	5370	5439
f 	3630	3634	3560
f 	7217	7219	7218
f 	530	515	529
f 	1971	1559	1972
f 	4351	4209	4352
f 	5446	5369	5447
f 	3683	3331	3682
f 	7419	7249	7415
f 	3463	3468	3462
f 	7215	7214	7213
f 	517	512	518
f 	1974	1558	1975
f 	4348	4207	4345
f 	5442	5366	5443
f 	3680	3333	3679
f 	7433	7247	7430
f 	8226	8224	8229
f 	8226	8229	8228
f 	8226	8228	8227
f 	9303	9305	9344
f 	12418	12419	12429
f 	12418	12429	12428
f 	12434	12422	12421
f 	12434	12421	12420
f 	12433	12432	12431
f 	12433	12431	12430
f 	12427	12426	12425
f 	12427	12425	12735
f 	10478	10477	10476
f 	10552	10551	10553
f 	17020	17008	17010
f 	10638	10747	10746
f 	11005	11228	11231
f 	11223	11231	11228
f 	11887	11881	11888
f 	11895	11888	11881
f 	10412	10413	10414
f 	10412	10414	10407
f 	10409	10408	10416
f 	10409	10416	10415
f 	12115	12120	12118
f 	12115	12118	12114
f 	12117	12119	12121
f 	12117	12121	12116
f 	10921	10920	10929
f 	10930	10929	10920
f 	11029	11026	11030
f 	11020	11030	11026
f 	11106	11100	11107
f 	11114	11107	11100
f 	11137	11134	11138
f 	11128	11138	11134
f 	11190	11184	11191
f 	11198	11191	11184
f 	11160	11156	11161
f 	11150	11161	11156
f 	11859	11858	11867
f 	11868	11867	11858
f 	11800	11797	11801
f 	11791	11801	11797
f 	11076	11075	11084
f 	11085	11084	11075
f 	11757	11766	11763
f 	11770	11763	11766
f 	11817	11811	11818
f 	11826	11818	11811
f 	11840	11834	11841
f 	11849	11841	11834
f 	11902	11903	11907
f 	11906	11907	11903
f 	11046	11039	11047
f 	11056	11047	11039
f 	11933	10597	11934
f 	9306	9225	9307
f 	13663	13664	13668
f 	14201	14202	14207
f 	13665	13666	13669
f 	14203	14204	14208
f 	14024	14027	14026
f 	13615	13651	13657
f 	13533	13534	13532
f 	14167	14171	14177
f 	8150	8151	8148
f 	8150	8148	8147
f 	8104	8105	8102
f 	8104	8102	8101
f 	8120	8119	8118
f 	8120	8118	8121
f 	8166	8165	8164
f 	8166	8164	8167
f 	9221	9166	9205
f 	9221	9205	9216
f 	1340	1338	1341
f 	5105	5104	5102
f 	3808	3806	3809
f 	7521	7520	7518
f 	1364	1323	1276
f 	5084	5122	5121
f 	3832	3791	3744
f 	7500	7538	7537
f 	12141	14231	14230
f 	3927	3890	3928
f 	5267	5230	5268
f 	3837	3836	3839
f 	5177	5176	5179
f 	150	105	104
f 	195	157	194
f 	1415	1370	1369
f 	1460	1422	1459
f 	2435	2525	2524
f 	2613	2575	2612
f 	6333	6332	6278
f 	6421	6384	6422
f 	111	104	106
f 	158	156	157
f 	1376	1369	1371
f 	1423	1421	1422
f 	3878	3837	3879
f 	5218	5177	5219
f 	3890	3889	3891
f 	5230	5229	5231
f 	6372	6333	6373
f 	2531	2524	2526
f 	2576	2574	2575
f 	6384	6383	6385
f 	10307	10327	10306
f 	14617	14614	14616
f 	10326	10368	10369
f 	14651	14653	14654
f 	10310	10325	10309
f 	14621	14620	14619
f 	10324	10365	10366
f 	14648	14649	14650
f 	13111	13122	13119
f 	13111	13119	13110
f 	13118	13120	13123
f 	13118	13123	13112
f 	13113	13140	13141
f 	13113	13141	13139
f 	13117	13143	13142
f 	13117	13142	13114
f 	13397	13406	13405
f 	13795	13804	13803
f 	13407	13280	13408
f 	13805	13865	13869
f 	9423	9434	9435
f 	9423	9435	9422
f 	10326	10369	10370
f 	14651	14654	14655
f 	10306	10327	10305
f 	14616	14614	14615
f 	8304	8305	8220
f 	8304	8220	8221
f 	10824	10558	10825
f 	10468	14667	10469
f 	7916	7917	7918
f 	7916	7918	7919
f 	7916	7919	7920
f 	7916	7920	7921
f 	7916	7921	7922
f 	7916	7922	7923
f 	7916	7923	7924
f 	7916	7924	7925
f 	7916	7925	7926
f 	7916	7926	7927
f 	7916	7927	7928
f 	7916	7928	7929
f 	7916	7929	7897
f 	7916	7897	7896
f 	7916	7896	7914
f 	7916	7914	7908
f 	7916	7908	7909
f 	7916	7909	7910
f 	7916	7910	7911
f 	7916	7911	7912
f 	7916	7912	7913
f 	7916	7913	7915
f 	15494	15495	15496
f 	15494	15496	15497
f 	15494	15497	15498
f 	15494	15498	15499
f 	15494	15499	15500
f 	15494	15500	15501
f 	15494	15501	15502
f 	15494	15502	15503
f 	15494	15503	15504
f 	15494	15504	15505
f 	15494	15505	15506
f 	15494	15506	15507
f 	15494	15507	15508
f 	15494	15508	15509
f 	15494	15509	15510
f 	15494	15510	15515
f 	15494	15515	15514
f 	15494	15514	15513
f 	15494	15513	15512
f 	15494	15512	15511
f 	15494	15511	15492
f 	15494	15492	15493
f 	15382	15383	15384
f 	15382	15384	15385
f 	15382	15385	15386
f 	15382	15386	15387
f 	15382	15387	15388
f 	15382	15388	15389
f 	15382	15389	15390
f 	15382	15390	15391
f 	15382	15391	15392
f 	15382	15392	15393
f 	15382	15393	15394
f 	15382	15394	15395
f 	15382	15395	15396
f 	15382	15396	15397
f 	15382	15397	15403
f 	15382	15403	15402
f 	15382	15402	15401
f 	15382	15401	15400
f 	15382	15400	15399
f 	15382	15399	15398
f 	15382	15398	15380
f 	15382	15380	15381
f 	3644	3643	3231
f 	7056	7023	7030
f 	314	329	328
f 	1999	1997	1624
f 	4172	4087	4176
f 	5527	5523	5418
f 	10227	10232	10228
f 	14602	14522	14603
f 	10195	10196	10198
f 	14513	14503	14505
f 	4955	4954	4887
f 	4955	4887	4886
f 	5005	4943	4944
f 	5005	4944	5006
f 	4950	4951	4958
f 	4950	4958	5012
f 	4947	4948	5010
f 	4947	5010	5009
f 	4941	4842	4843
f 	4941	4843	4942
f 	4884	4885	4882
f 	4884	4882	4883
f 	4957	4952	4953
f 	4957	4953	4956
f 	4816	4807	4809
f 	4816	4809	4817
f 	4946	4947	5009
f 	4946	5009	5008
f 	4812	4829	4828
f 	4812	4828	4813
f 	4883	4882	4828
f 	4883	4828	4829
f 	4816	4817	4843
f 	4816	4843	4842
f 	5007	4945	4946
f 	5007	4946	5008
f 	4951	4952	4957
f 	4951	4957	4958
f 	4803	4812	4813
f 	4803	4813	4811
f 	4807	4802	4808
f 	4807	4808	4809
f 	4802	4804	4810
f 	4802	4810	4808
f 	4804	4803	4811
f 	4804	4811	4810
f 	4884	4886	4887
f 	4884	4887	4885
f 	4941	4942	4943
f 	4941	4943	5005
f 	4948	4949	5011
f 	4948	5011	5010
f 	4949	4950	5012
f 	4949	5012	5011
f 	5006	4944	4945
f 	5006	4945	5007
f 	4956	4953	4954
f 	4956	4954	4955
f 	1220	1219	1172
f 	1220	1172	1174
f 	1102	1111	1118
f 	1102	1118	1101
f 	6653	6662	6663
f 	6653	6663	6661
f 	6657	6652	6658
f 	6657	6658	6659
f 	2907	2897	2900
f 	2907	2900	2965
f 	2898	2902	2903
f 	2898	2903	2901
f 	6800	6801	6808
f 	6800	6808	6862
f 	6856	6794	6795
f 	6856	6795	6857
f 	1200	1199	1145
f 	1200	1145	1201
f 	6797	6798	6860
f 	6797	6860	6859
f 	1136	1098	1135
f 	1136	1135	1137
f 	1106	1110	1103
f 	1106	1103	1104
f 	6791	6692	6693
f 	6791	6693	6792
f 	3092	3091	3037
f 	3092	3037	3093
f 	2993	3010	3011
f 	2993	3011	2992
f 	3028	2990	3027
f 	3028	3027	3029
f 	2998	3002	2995
f 	2998	2995	2996
f 	1173	1070	1071
f 	1173	1071	1175
f 	1202	1203	1218
f 	1202	1218	1221
f 	6666	6667	6693
f 	6666	6693	6692
f 	1010	1105	1083
f 	1010	1083	1011
f 	1098	1099	1134
f 	1098	1134	1135
f 	6796	6797	6859
f 	6796	6859	6858
f 	1072	1015	1073
f 	1072	1073	1074
f 	1175	1071	1072
f 	1175	1072	1074
f 	6807	6802	6803
f 	6807	6803	6806
f 	6801	6802	6807
f 	6801	6807	6808
f 	1083	1105	1106
f 	1083	1106	1104
f 	1100	1119	1134
f 	1100	1134	1099
f 	6857	6795	6796
f 	6857	6796	6858
f 	6662	6679	6678
f 	6662	6678	6663
f 	2975	2997	2998
f 	2975	2998	2996
f 	2990	2991	3026
f 	2990	3026	3027
f 	3094	3092	3093
f 	3094	3093	3095
f 	3094	3095	3110
f 	3094	3110	3113
f 	2992	3011	3026
f 	2992	3026	2991
f 	2964	2907	2965
f 	2964	2965	2966
f 	1202	1200	1201
f 	1202	1201	1203
f 	6666	6657	6659
f 	6666	6659	6667
f 	2902	2997	2975
f 	2902	2975	2903
f 	1015	1005	1008
f 	1015	1008	1073
f 	6806	6803	6804
f 	6806	6804	6805
f 	1006	1010	1011
f 	1006	1011	1009
f 	6734	6735	6732
f 	6734	6732	6733
f 	3113	3110	3111
f 	3113	3111	3112
f 	3065	2962	2963
f 	3065	2963	3067
f 	6733	6732	6678
f 	6733	6678	6679
f 	3067	2963	2964
f 	3067	2964	2966
f 	6805	6804	6737
f 	6805	6737	6736
f 	3112	3111	3064
f 	3112	3064	3066
f 	1005	1004	1007
f 	1005	1007	1008
f 	1004	1006	1009
f 	1004	1009	1007
f 	6734	6736	6737
f 	6734	6737	6735
f 	3064	2962	3065
f 	3064	3065	3066
f 	6652	6654	6660
f 	6652	6660	6658
f 	2896	2898	2901
f 	2896	2901	2899
f 	1172	1070	1173
f 	1172	1173	1174
f 	1103	1110	1111
f 	1103	1111	1102
f 	6798	6799	6861
f 	6798	6861	6860
f 	6791	6792	6793
f 	6791	6793	6855
f 	6855	6793	6794
f 	6855	6794	6856
f 	1143	1136	1137
f 	1143	1137	1144
f 	1199	1143	1144
f 	1199	1144	1145
f 	6799	6800	6862
f 	6799	6862	6861
f 	3035	3028	3029
f 	3035	3029	3036
f 	2995	3002	3003
f 	2995	3003	2994
f 	2994	3003	3010
f 	2994	3010	2993
f 	3091	3035	3036
f 	3091	3036	3037
f 	6654	6653	6661
f 	6654	6661	6660
f 	2897	2896	2899
f 	2897	2899	2900
f 	1101	1118	1119
f 	1101	1119	1100
f 	1221	1218	1219
f 	1221	1219	1220
f 	10311	10325	10310
f 	10324	10364	10365
f 	14622	14620	14621
f 	14648	14647	14649
f 	13270	13289	13288
f 	13383	13385	13373
f 	13843	13844	13842
f 	13876	13783	13875
f 	7802	7798	7794
f 	7802	7794	7797
f 	13183	13188	13187
f 	13313	13184	13314
f 	13355	13360	13359
f 	13679	13356	13680
f 	13709	13714	13713
f 	13826	13710	13827
f 	13890	13895	13894
f 	14187	13891	14188
f 	16342	16368	16343
f 	16291	16290	16298
f 	16343	16368	16344
f 	16286	16291	16298
f 	16347	16369	16342
f 	16290	16289	16300
f 	16286	16294	16287
f 	16357	16345	16344
f 	16288	16326	16289
f 	16358	16347	16346
f 	16287	16294	16288
f 	16357	16346	16345
f 	11972	10390	11973
f 	10586	11947	11948
f 	13402	13404	13403
f 	13409	13275	13410
f 	13800	13802	13801
f 	13868	13860	13839
f 	13493	13492	13491
f 	13512	13513	13523
f 	13994	13992	13993
f 	14073	14074	14155
f 	11208	11009	11215
f 	11216	11222	11006
f 	16319	16318	16320
f 	16380	16381	16385
f 	9261	9262	9301
f 	6941	6939	6940
f 	3661	3660	3650
f 	503	496	319
f 	2016	2015	2005
f 	4103	4101	4102
f 	5391	5389	5390
f 	12141	14230	14228
f 	7882	7881	7879
f 	7882	7879	7878
f 	7882	7878	7876
f 	7882	7876	7875
f 	7882	7875	7874
f 	7882	7874	7873
f 	7882	7873	7895
f 	7882	7895	7894
f 	7882	7894	7893
f 	7882	7893	7892
f 	7882	7892	7891
f 	7882	7891	7890
f 	7882	7890	7889
f 	7882	7889	7888
f 	7882	7888	7887
f 	7882	7887	7886
f 	7882	7886	7885
f 	7882	7885	7898
f 	7882	7898	7899
f 	7882	7899	7900
f 	7882	7900	7901
f 	7882	7901	7884
f 	7882	7884	7883
f 	9403	9386	9404
f 	1141	1138	1142
f 	2240	2239	2219
f 	2241	2216	2214
f 	4864	4860	4862
f 	6177	6174	6175
f 	6023	6025	6176
f 	2890	2873	2874
f 	2891	2875	2889
f 	3073	2968	2969
f 	6512	6513	6514
f 	6515	6510	6516
f 	6670	6671	6672
f 	1181	1076	1077
f 	2188	2187	2183
f 	2189	2186	2190
f 	4820	4821	4822
f 	5993	5996	5997
f 	5998	5994	5999
f 	2825	2823	2725
f 	2826	2827	2824
f 	3033	3030	3034
f 	6641	6638	6639
f 	6540	6542	6640
f 	6714	6710	6712
f 	9229	9225	9228
f 	9385	9393	9392
f 	9398	9386	9399
f 	9250	9253	9254
f 	9250	9254	9252
f 	9247	9256	9255
f 	9247	9255	9248
f 	479	473	299
f 	1566	1569	1982
f 	4032	4033	4099
f 	5379	5378	5374
f 	3587	3565	3192
f 	7092	7265	7293
f 	4395	4225	4396
f 	5625	5463	5626
f 	800	784	634
f 	1824	1956	1816
f 	3339	3342	3674
f 	6968	6969	6937
f 	9227	9226	9308
f 	9227	9308	9309
f 	9304	9310	9311
f 	9304	9311	9228
f 	10638	11530	11249
f 	15319	15320	15318
f 	15319	15318	15317
f 	15463	15462	15464
f 	15463	15464	15465
f 	15407	15404	15405
f 	15407	15405	15406
f 	15485	15482	15483
f 	15485	15483	15484
f 	10781	10769	10782
f 	11273	11274	11272
f 	10195	10335	10337
f 	14513	14557	14556
f 	10334	10194	10336
f 	14542	14514	14543
f 	12392	12417	12394
f 	12445	12470	12447
f 	12482	12507	12484
f 	12508	12483	12485
f 	12471	12446	12448
f 	12743	12768	12745
f 	12769	12744	12746
f 	12733	12393	12395
f 	13284	13295	13294
f 	13377	13389	13378
f 	13852	13854	13853
f 	13882	13787	13881
f 	13173	13203	13175
f 	13343	13341	13351
f 	13699	13729	13701
f 	13885	13763	13886
f 	13263	13174	13176
f 	13251	13340	13339
f 	13760	13761	13757
f 	13813	13700	13702
f 	10561	10830	10558
f 	10841	10560	10559
f 	14666	10473	10468
f 	10562	14665	10563
f 	12226	12214	12227
f 	12194	12197	13163
f 	8493	8482	8494
f 	8493	8494	8495
f 	8475	8476	8457
f 	8475	8457	8458
f 	13343	13347	13346
f 	13885	13778	13791
f 	13267	13174	13266
f 	13808	13700	13809
f 	8414	8413	8390
f 	8414	8390	8391
f 	13662	13658	13663
f 	13659	13667	13666
f 	14200	13871	14201
f 	13870	14205	14204
f 	11716	11719	11718
f 	7653	7741	7740
f 	7653	7740	7727
f 	7745	7746	7744
f 	7745	7744	7719
f 	11254	11253	11256
f 	11254	11256	11273
f 	10857	10859	10858
f 	10860	10688	10861
f 	10690	10861	10688
f 	10862	10858	10859
f 	10636	10625	10637
f 	10636	10637	10638
f 	10783	10769	10786
f 	10783	10786	10784
f 	8503	8502	8485
f 	8503	8485	8486
f 	11932	10597	11933
f 	8380	8381	8404
f 	8380	8404	8403
f 	8434	8435	8447
f 	8434	8447	8446
f 	13019	13030	13029
f 	13017	13037	13036
f 	13052	13043	13051
f 	13059	13040	13058
f 	13058	13041	13057
f 	13018	13036	13035
f 	13020	13029	13028
f 	13051	13026	13085
f 	8514	8515	8481
f 	8514	8481	8531
f 	9223	9224	9222
f 	9223	9222	9306
f 	14473	14474	14475
f 	14473	14475	14476
f 	14473	14476	14477
f 	14473	14477	14478
f 	14473	14478	14467
f 	14473	14467	14468
f 	14473	14468	14469
f 	14473	14469	14470
f 	14473	14470	14466
f 	14473	14466	14465
f 	14473	14465	14415
f 	14473	14415	14416
f 	14473	14416	14471
f 	14473	14471	14472
f 	7859	7872	7860
f 	3383	3223	3374
f 	7008	7062	7152
f 	684	466	467
f 	2042	1620	1992
f 	4042	4079	4053
f 	5502	5683	5503
f 	3639	3227	3640
f 	6978	7015	6989
f 	3370	3225	3371
f 	6994	7013	7003
f 	4058	4077	4067
f 	5508	5679	5681
f 	680	464	681
f 	1597	1618	1598
f 	3396	3217	3395
f 	7140	7068	7139
f 	7145	7066	7144
f 	3391	3219	3390
f 	668	458	669
f 	1788	1746	1780
f 	4258	4269	4425
f 	5664	5667	5656
f 	676	462	677
f 	1611	1610	1601
f 	4072	4164	4153
f 	5677	5674	5676
f 	7149	7064	7148
f 	3387	3221	3386
f 	672	460	673
f 	1748	1614	1749
f 	4158	4263	4253
f 	5672	5670	5671
f 	4430	4271	4439
f 	5661	5691	5868
f 	663	456	664
f 	1793	1744	1792
f 	9443	9421	9422
f 	2230	2293	2225
f 	6150	6149	6068
f 	2841	2840	2743
f 	6501	6503	6502
f 	6081	6055	6080
f 	2260	2257	2261
f 	2716	2708	2710
f 	6572	6574	6625
f 	10558	10850	10852
f 	10563	14679	14681
f 	10560	10841	10833
f 	10473	14666	14663
f 	12326	12229	12327
f 	12349	12351	12350
f 	10696	10689	10694
f 	10683	10688	10702
f 	7803	7815	7812
f 	7803	7812	7811
f 	15703	15702	15727
f 	15703	15727	15726
f 	15676	15755	15754
f 	15676	15754	15677
f 	16015	16014	16039
f 	16015	16039	16038
f 	15988	16067	16066
f 	15988	16066	15989
f 	10561	10831	10830
f 	10562	14664	14665
f 	8087	8088	8086
f 	9411	9394	9397
f 	9411	9397	9410
f 	12257	12247	12258
f 	13100	13090	13101
f 	13091	13099	13208
f 	12248	13735	13734
f 	9359	9382	9376
f 	9359	9376	9360
f 	8088	8087	8089
f 	9375	9393	9385
f 	9398	9387	9386
f 	11718	11719	11723
f 	16414	16410	16415
f 	16469	16451	16466
f 	11564	11563	11555
f 	11564	11555	11554
f 	11553	11565	11564
f 	11553	11564	11554
f 	11552	11560	11565
f 	11552	11565	11553
f 	11562	11561	11557
f 	11562	11557	11556
f 	7767	7768	7765
f 	7767	7765	7761
f 	13287	13290	13289
f 	13382	13386	13383
f 	13845	13846	13844
f 	13877	13784	13876
f 	10195	10383	10382
f 	14499	14514	14500
f 	10160	10194	10161
f 	14513	14511	14571
f 	10230	10232	10231
f 	14519	14517	14520
f 	10234	10233	10225
f 	14580	14522	14578
f 	10721	10723	10724
f 	10721	10724	10725
f 	10721	10725	10726
f 	10721	10726	10722
f 	16342	16369	16368
f 	16298	16290	16300
f 	16329	16300	16289
f 	16347	16358	16359
f 	16369	16347	16359
f 	16329	16289	16326
f 	16357	16344	16366
f 	16295	16286	16298
f 	16344	16368	16366
f 	16295	16294	16286
f 	16294	16326	16288
f 	16358	16346	16357
f 	10797	10796	10795
f 	16414	16427	16411
f 	16450	16467	16466
f 	8198	8196	8197
f 	9407	9400	9408
f 	9407	9408	9409
f 	9411	9410	9401
f 	9411	9401	9406
f 	9393	9398	9399
f 	9393	9399	9392
f 	8549	8551	8540
f 	8549	8540	8545
f 	11931	10597	11932
f 	11532	11235	11237
f 	2204	2203	2202
f 	6011	6012	6013
f 	2887	2886	2851
f 	6528	6529	6530
f 	2203	2201	2202
f 	2244	2245	2300
f 	6011	6010	6012
f 	6058	6171	6060
f 	2796	2850	2794
f 	2886	2885	2851
f 	6528	6527	6529
f 	6617	6611	6616
f 	2243	2242	2244
f 	6060	6170	6062
f 	2798	2852	2796
f 	6616	6612	6615
f 	2813	2852	2798
f 	2854	2887	2853
f 	6615	6612	6614
f 	6531	6530	6532
f 	6545	6544	6543
f 	6644	6573	6643
f 	2723	2724	2726
f 	2859	2828	2860
f 	2221	2226	2220
f 	2217	2218	2367
f 	6179	6162	6164
f 	6028	6027	6026
f 	6561	6511	6560
f 	6509	6507	6563
f 	2744	2838	2837
f 	2870	2869	2871
f 	6014	6013	6015
f 	6062	6170	6064
f 	2206	2204	2205
f 	2233	2242	2243
f 	2208	2206	2207
f 	2231	2235	2233
f 	6016	6015	6017
f 	6064	6169	6066
f 	2285	2366	2282
f 	2368	2281	2369
f 	6032	6031	6030
f 	6181	6160	6161
f 	2262	2253	2185
f 	2375	2184	2376
f 	6044	5992	6043
f 	5995	6047	6046
f 	6526	6525	6527
f 	2794	2848	2791
f 	2885	2884	2849
f 	6609	6610	6617
f 	6607	6518	6604
f 	2843	2880	2878
f 	2882	2888	2881
f 	6517	6520	6521
f 	2718	2819	2719
f 	2857	2856	2820
f 	6537	6536	6538
f 	6626	6635	6634
f 	2212	2210	2211
f 	2228	2237	2229
f 	6020	6019	6021
f 	6069	6167	6166
f 	2201	2199	2200
f 	2300	2246	2302
f 	6009	6008	6010
f 	6056	6172	6058
f 	2742	2744	2836
f 	2892	2868	2870
f 	6560	6559	6558
f 	6562	6563	6564
f 	2226	2285	2284
f 	2367	2283	2368
f 	6030	6029	6028
f 	6180	6161	6162
f 	6547	6546	6545
f 	2724	2728	2727
f 	2860	2829	2861
f 	6645	6571	6573
f 	6049	6001	6050
f 	2195	2194	2192
f 	2250	2191	2251
f 	6000	6003	6004
f 	2733	2736	2832
f 	6648	6568	6569
f 	6554	6553	6552
f 	2736	2738	2832
f 	2864	2833	2865
f 	6648	6567	6568
f 	2365	2275	2277
f 	6037	6036	6035
f 	2275	2273	2277
f 	2371	2278	2372
f 	6183	6158	6159
f 	6183	6157	6158
f 	2812	2815	2813
f 	2855	2854	2818
f 	6533	6532	6534
f 	6614	6613	6623
f 	2199	2197	2198
f 	2302	2247	2249
f 	6007	6006	6008
f 	6053	6052	6056
f 	2266	2264	2268
f 	2373	2269	2374
f 	6041	6040	6039
f 	6087	6085	6088
f 	2791	2845	2792
f 	2884	2883	2846
f 	6524	6523	6525
f 	6605	6608	6609
f 	2728	2729	2731
f 	2740	2742	2835
f 	2861	2830	2862
f 	2893	2867	2892
f 	6549	6548	6547
f 	6558	6557	6556
f 	6565	6564	6566
f 	6646	6570	6571
f 	2729	2733	2732
f 	2862	2831	2863
f 	6551	6550	6549
f 	6647	6569	6570
f 	2366	2365	2280
f 	2369	2279	2370
f 	6034	6033	6032
f 	6182	6159	6160
f 	2215	2216	2217
f 	2222	2221	2219
f 	6026	6025	6024
f 	6177	6164	6178
f 	2370	2279	2371
f 	2863	2831	2864
f 	6035	6033	6034
f 	6552	6550	6551
f 	2721	2723	2725
f 	2858	2827	2859
f 	6543	6542	6541
f 	6641	6643	6642
f 	2719	2816	2812
f 	2856	2855	2817
f 	6535	6534	6536
f 	6623	6636	6626
f 	2210	2208	2209
f 	2229	2236	2231
f 	6018	6017	6019
f 	6066	6168	6069
f 	6023	6021	6024
f 	6166	6174	6178
f 	2215	2212	2214
f 	2222	2239	2228
f 	2792	2844	2843
f 	2883	2882	2847
f 	6522	6521	6523
f 	6604	6606	6605
f 	6556	6555	6554
f 	2738	2740	2834
f 	2865	2866	2893
f 	6649	6566	6567
f 	2273	2266	2271
f 	2372	2272	2373
f 	6039	6038	6037
f 	6184	6088	6157
f 	6045	6046	6085
f 	2264	2262	2263
f 	2374	2270	2375
f 	6043	6042	6041
f 	2721	2823	2718
f 	2858	2857	2824
f 	6540	6538	6541
f 	6634	6638	6642
f 	6050	6051	6053
f 	2197	2195	2196
f 	2249	2248	2250
f 	6005	6004	6006
f 	11299	11346	11345
f 	11291	11357	10752
f 	11315	11319	11317
f 	11321	11325	11323
f 	11302	11343	11342
f 	11318	11375	11316
f 	11324	11395	11322
f 	11288	11494	10755
f 	11327	11331	11329
f 	11333	11337	11335
f 	11305	11340	11339
f 	11330	11415	11328
f 	11336	11435	11334
f 	11285	11474	10758
f 	10818	10820	10819
f 	12325	12273	12270
f 	12318	12353	12352
f 	10588	12068	14661
f 	10588	14661	10590
f 	10588	10590	10589
f 	12418	12417	12392
f 	12434	12470	12445
f 	12433	12507	12482
f 	12427	12768	12743
f 	12471	12420	12446
f 	12508	12430	12483
f 	12733	12428	12393
f 	12769	12735	12744
f 	12326	12270	12229
f 	9248	9233	9247
f 	13670	13671	13669
f 	13670	13669	13668
f 	14209	14210	14208
f 	14209	14208	14207
f 	10558	10824	10561
f 	10473	14667	10468
f 	10228	10232	10229
f 	14603	14522	14582
f 	10195	10198	10384
f 	14513	14505	14510
f 	8182	8185	8266
f 	8182	8266	8268
f 	8200	8198	8199
f 	13284	13294	13293
f 	13378	13389	13379
f 	13852	13853	13851
f 	13881	13787	13880
f 	8477	8478	8522
f 	8477	8522	8523
f 	13538	13540	13552
f 	13538	13552	13555
f 	14096	14163	14164
f 	14096	14164	14162
f 	13572	13612	13613
f 	13572	13613	13611
f 	14031	14025	14034
f 	14031	14034	14033
f 	13607	13570	13571
f 	13607	13571	13608
f 	14081	14091	14037
f 	14081	14037	14090
f 	13572	13573	13614
f 	13572	13614	13612
f 	14034	14025	14023
f 	14034	14023	14038
f 	13559	13558	13553
f 	13559	13553	13560
f 	14158	14094	14095
f 	14158	14095	14159
f 	13552	13540	13541
f 	13552	13541	13551
f 	14096	14097	14165
f 	14096	14165	14163
f 	13610	13609	13655
f 	13610	13655	13653
f 	13566	13564	13563
f 	13566	13563	13565
f 	13563	13562	13567
f 	13563	13567	13565
f 	14087	14084	14083
f 	14087	14083	14086
f 	14083	14082	14088
f 	14083	14088	14086
f 	14161	14160	14175
f 	14161	14175	14173
f 	13557	13539	13556
f 	13557	13556	13554
f 	14092	14032	14035
f 	14092	14035	14036
f 	13548	13544	13545
f 	13548	13545	13547
f 	13543	13544	13548
f 	13543	13548	13549
f 	14022	14041	14042
f 	14022	14042	14040
f 	14042	14041	14100
f 	14042	14100	14099
f 	13655	13611	13613
f 	13655	13613	13653
f 	14175	14162	14164
f 	14175	14164	14173
f 	13538	13555	13556
f 	13538	13556	13539
f 	14031	14033	14035
f 	14031	14035	14032
f 	13567	13562	13561
f 	13567	13561	13568
f 	13566	13569	13606
f 	13566	13606	13564
f 	14088	14082	14080
f 	14088	14080	14089
f 	14087	14093	14157
f 	14087	14157	14084
f 	13574	13547	13545
f 	13574	13545	13575
f 	13550	13542	13543
f 	13550	13543	13549
f 	14039	14021	14022
f 	14039	14022	14040
f 	14098	14099	14100
f 	14098	14100	14166
f 	13568	13561	13559
f 	13568	13559	13560
f 	13569	13570	13607
f 	13569	13607	13606
f 	14089	14080	14081
f 	14089	14081	14090
f 	14093	14094	14158
f 	14093	14158	14157
f 	13574	13575	13614
f 	13574	13614	13573
f 	13541	13542	13550
f 	13541	13550	13551
f 	14023	14021	14039
f 	14023	14039	14038
f 	14098	14166	14165
f 	14098	14165	14097
f 	13557	13554	13553
f 	13557	13553	13558
f 	14095	14160	14161
f 	14095	14161	14159
f 	13571	13609	13610
f 	13571	13610	13608
f 	14092	14036	14037
f 	14092	14037	14091
f 	9359	9354	9358
f 	2766	2805	2767
f 	6581	6465	6466
f 	2331	2355	2332
f 	2331	2330	2357
f 	6104	6103	6129
f 	6136	6130	6129
f 	2766	2765	2713
f 	6464	6467	6466
f 	2767	2803	2768
f 	6582	6579	6581
f 	2332	2354	2333
f 	6105	6102	6104
f 	2345	2344	2317
f 	2765	2764	2807
f 	6118	6128	6127
f 	6468	6469	6467
f 	2330	2329	2358
f 	2780	2779	2752
f 	6137	6131	6130
f 	6481	6482	6480
f 	2776	2781	2777
f 	6595	6594	6593
f 	2341	2346	2342
f 	6114	6098	6113
f 	6593	6590	6592
f 	2775	2782	2776
f 	2759	2780	2754
f 	6477	6480	6479
f 	6113	6099	6112
f 	2340	2347	2341
f 	2324	2345	2319
f 	6120	6127	6126
f 	10797	10798	10796
f 	12383	12385	12386
f 	12437	12436	12435
f 	12439	12443	12438
f 	12478	12472	12473
f 	12509	12479	12475
f 	12389	12732	12474
f 	12739	12384	12734
f 	12292	12740	12736
f 	15633	15634	15636
f 	15633	15636	15637
f 	15633	15637	15622
f 	15633	15622	15638
f 	15633	15638	15639
f 	15633	15639	15640
f 	15633	15640	15641
f 	15633	15641	15635
f 	16905	17030	16906
f 	16887	16890	17114
f 	16887	17114	17113
f 	15659	15660	15661
f 	15659	15661	15654
f 	15659	15654	15655
f 	15659	15655	15653
f 	15659	15653	15652
f 	15659	15652	15656
f 	15659	15656	15657
f 	15659	15657	15658
f 	4287	4465	4285
f 	5707	5800	5705
f 	442	606	440
f 	1730	2144	1728
f 	444	626	442
f 	1732	2127	1730
f 	4285	4461	4283
f 	5705	5795	5703
f 	3117	3184	3114
f 	6871	7388	6872
f 	6875	7393	6871
f 	3114	3162	3118
f 	3229	3231	3642
f 	7022	7056	7017
f 	335	328	334
f 	1622	1624	1998
f 	4086	4172	4081
f 	5528	5527	5533
f 	4289	4469	4287
f 	5709	5802	5707
f 	440	600	433
f 	1728	2154	1721
f 	6877	7395	6875
f 	3118	3147	3120
f 	15623	15628	15629
f 	15623	15629	15624
f 	15623	15624	15630
f 	15623	15630	15631
f 	15623	15631	15632
f 	15623	15632	15625
f 	15623	15625	15626
f 	15623	15626	15627
f 	17002	17038	16920
f 	17110	16929	16919
f 	15467	15424	15423
f 	15371	15338	15337
f 	11946	11937	11939
f 	11971	11976	11975
f 	15466	15424	15467
f 	15372	15338	15371
f 	8085	8086	8084
f 	15642	15644	15645
f 	15642	15645	15643
f 	15642	15643	15646
f 	15642	15646	15647
f 	15642	15647	15648
f 	15642	15648	15649
f 	15642	15649	15650
f 	15642	15650	15651
f 	16317	16318	16319
f 	16385	16381	16383
f 	328	340	325
f 	1624	1627	2012
f 	4119	4120	4172
f 	5422	5423	5527
f 	643	446	648
f 	1809	1734	1808
f 	4454	4281	4455
f 	5853	5701	5824
f 	3201	3202	3411
f 	7124	7078	7095
f 	3231	3234	3657
f 	7034	7035	7056
f 	13286	13291	13290
f 	13847	13848	13846
f 	13381	13387	13382
f 	13878	13785	13877
f 	15360	15307	15361
f 	15449	15460	15450
f 	17078	17041	17081
f 	15360	15305	15307
f 	15449	15461	15460
f 	9369	9372	9371
f 	9376	9371	9372
f 	9377	9367	9360
f 	9361	9360	9367
f 	7774	7764	7766
f 	7774	7766	7772
f 	7689	7690	7691
f 	7689	7691	7692
f 	7689	7692	7693
f 	7689	7693	7694
f 	7689	7694	7695
f 	7689	7695	7696
f 	7689	7696	7697
f 	7689	7697	7698
f 	7689	7698	7699
f 	7689	7699	7700
f 	7689	7700	7701
f 	7689	7701	7702
f 	7689	7702	7703
f 	7689	7703	7704
f 	7689	7704	7705
f 	7689	7705	7706
f 	7689	7706	7707
f 	7689	7707	7708
f 	7689	7708	7709
f 	7689	7709	7710
f 	7689	7710	7711
f 	7689	7711	7712
f 	7689	7712	7713
f 	7689	7713	7714
f 	7689	7714	7715
f 	7689	7715	7676
f 	7689	7676	7677
f 	7689	7677	7678
f 	7689	7678	7679
f 	7689	7679	7680
f 	7689	7680	7681
f 	7689	7681	7682
f 	7689	7682	7683
f 	7689	7683	7684
f 	7689	7684	7685
f 	7689	7685	7686
f 	7689	7686	7687
f 	7689	7687	7688
f 	7839	7840	7841
f 	7839	7841	7842
f 	7839	7842	7843
f 	7839	7843	7844
f 	7839	7844	7845
f 	7839	7845	7846
f 	7839	7846	7847
f 	7839	7847	7821
f 	7839	7821	7820
f 	7839	7820	7790
f 	7839	7790	7789
f 	7839	7789	7788
f 	7839	7788	7787
f 	7839	7787	7786
f 	7839	7786	7785
f 	7839	7785	7784
f 	7839	7784	7783
f 	7839	7783	7837
f 	7839	7837	7835
f 	7839	7835	7836
f 	7839	7836	7848
f 	7839	7848	7849
f 	7839	7849	7850
f 	7839	7850	7851
f 	7839	7851	7852
f 	7839	7852	7853
f 	7839	7853	7854
f 	7839	7854	7855
f 	7839	7855	7856
f 	7839	7856	7857
f 	7839	7857	7858
f 	7839	7858	7859
f 	7839	7859	7860
f 	7839	7860	7861
f 	7839	7861	7862
f 	7839	7862	7863
f 	7839	7863	7864
f 	7839	7864	7865
f 	7839	7865	7866
f 	7839	7866	7867
f 	7839	7867	7868
f 	7839	7868	7869
f 	7839	7869	7870
f 	7839	7870	7871
f 	7839	7871	7838
f 	14982	14984	14991
f 	14982	14991	14989
f 	15116	15123	15121
f 	15116	15121	15114
f 	12555	12582	12581
f 	12555	12581	12556
f 	12809	12829	12828
f 	12809	12828	12810
f 	12534	12535	12533
f 	12534	12533	12532
f 	12864	12865	12863
f 	12864	12863	12862
f 	12614	12608	12606
f 	12614	12606	12615
f 	12854	12920	12918
f 	12854	12918	12852
f 	12616	12603	12601
f 	12616	12601	12617
f 	12849	12915	12913
f 	12849	12913	12847
f 	12535	12536	12531
f 	12535	12531	12533
f 	12865	12866	12861
f 	12865	12861	12863
f 	12582	12621	12622
f 	12582	12622	12581
f 	12829	12973	12974
f 	12829	12974	12828
f 	12547	12548	12546
f 	12547	12546	12545
f 	12801	12802	12800
f 	12801	12800	12798
f 	12617	12601	12598
f 	12617	12598	12618
f 	12847	12913	12911
f 	12847	12911	12844
f 	12541	12540	12608
f 	12541	12608	12614
f 	12857	12869	12920
f 	12857	12920	12854
f 	12538	12537	12530
f 	12538	12530	12527
f 	12785	12867	12860
f 	12785	12860	12789
f 	12618	12598	12579
f 	12618	12579	12584
f 	12844	12911	12826
f 	12844	12826	12831
f 	12553	12555	12556
f 	12553	12556	12554
f 	12807	12809	12810
f 	12807	12810	12808
f 	12553	12554	12552
f 	12553	12552	12551
f 	12807	12808	12806
f 	12807	12806	12805
f 	12583	12584	12579
f 	12583	12579	12580
f 	12830	12831	12826
f 	12830	12826	12827
f 	12525	12544	12538
f 	12525	12538	12527
f 	12790	12783	12785
f 	12790	12785	12789
f 	12619	12583	12580
f 	12619	12580	12620
f 	12971	12830	12827
f 	12971	12827	12972
f 	12537	12534	12532
f 	12537	12532	12530
f 	12867	12864	12862
f 	12867	12862	12860
f 	12615	12606	12603
f 	12615	12603	12616
f 	12852	12918	12915
f 	12852	12915	12849
f 	12621	12619	12620
f 	12621	12620	12622
f 	12973	12971	12972
f 	12973	12972	12974
f 	12539	12540	12541
f 	12539	12541	12529
f 	12868	12869	12857
f 	12868	12857	12859
f 	12549	12550	12548
f 	12549	12548	12547
f 	12803	12804	12802
f 	12803	12802	12801
f 	12545	12546	12544
f 	12545	12544	12525
f 	12798	12800	12783
f 	12798	12783	12790
f 	12536	12539	12529
f 	12536	12529	12531
f 	12866	12868	12859
f 	12866	12859	12861
f 	12551	12552	12550
f 	12551	12550	12549
f 	12805	12806	12804
f 	12805	12804	12803
f 	16313	16312	16314
f 	16378	16372	16379
f 	3252	3269	3255
f 	6911	6910	6909
f 	357	374	360
f 	1645	1662	1648
f 	4323	4322	4321
f 	5556	5557	5728
f 	3250	3267	3247
f 	7047	6919	7048
f 	355	372	352
f 	1643	1660	1640
f 	4188	4189	4328
f 	5542	5543	5730
f 	12308	12306	12307
f 	12293	12292	12291
f 	12290	12289	12291
f 	12310	12309	12308
f 	12271	12275	12276
f 	12295	12294	12293
f 	12287	12288	12289
f 	11930	10597	11931
f 	14501	14514	14499
f 	10195	10384	10383
f 	10162	10194	10160
f 	14513	14510	14511
f 	10229	10232	10230
f 	14520	14517	14521
f 	10225	10233	10224
f 	14582	14522	14580
f 	8074	8075	8076
f 	8074	8076	8077
f 	8062	8063	8064
f 	8062	8064	8065
f 	13287	13289	13270
f 	13383	13386	13385
f 	13845	13844	13843
f 	13876	13784	13783
f 	10588	12066	12065
f 	10588	12065	12068
f 	2214	2212	2213
f 	2239	2238	2228
f 	6022	6021	6023
f 	6166	6173	6174
f 	2823	2821	2718
f 	2824	2857	2822
f 	6539	6538	6540
f 	6634	6637	6638
f 	10090	10097	10091
f 	10090	10091	10089
f 	10552	10553	10823
f 	10476	10477	10475
f 	16309	16306	16310
f 	16373	16351	16374
f 	737	750	749
f 	1774	1935	1934
f 	4238	4243	4242
f 	5476	5481	5480
f 	7226	7229	7174
f 	3504	3537	3538
f 	3581	3573	3155
f 	7317	7257	7316
f 	576	565	575
f 	2091	1964	2090
f 	4384	4217	4385
f 	5614	5455	5615
f 	4354	4211	4364
f 	5577	5448	5588
f 	535	531	397
f 	2065	1970	1685
f 	3321	3324	3312
f 	7325	7253	7324
f 	711	705	702
f 	1757	1768	1767
f 	3514	3530	3529
f 	4245	4246	4151
f 	5483	5486	5485
f 	7231	7232	7163
f 	559	534	552
f 	2084	1968	2067
f 	4366	4213	4377
f 	5590	5451	5607
f 	7225	7474	7184
f 	3494	3544	3541
f 	4237	4419	4418
f 	5475	5649	5648
f 	761	755	752
f 	1920	1940	1938
f 	581	577	582
f 	2095	1962	2094
f 	4388	4219	4389
f 	5618	5457	5619
f 	3583	3571	3170
f 	7313	7259	7312
f 	3585	3569	3179
f 	7309	7261	7308
f 	787	580	621
f 	2099	1960	2098
f 	4392	4221	4393
f 	5622	5459	5623
f 	3574	3325	3139
f 	7321	7255	7320
f 	566	562	429
f 	2087	1966	1717
f 	4380	4215	4381
f 	5610	5453	5611
f 	3689	3329	3292
f 	7411	7251	7332
f 	13285	13293	13292
f 	13379	13388	13380
f 	13850	13851	13849
f 	13880	13786	13879
f 	16373	16379	16372
f 	16312	16313	16310
f 	6616	6611	6612
f 	2852	2850	2796
f 	2242	2245	2244
f 	6060	6171	6170
f 	2853	2887	2851
f 	6528	6530	6531
f 	2205	2204	2202
f 	6011	6013	6014
f 	2263	2262	2185
f 	2270	2184	2375
f 	6043	5992	6042
f 	5995	6046	6045
f 	2207	2206	2205
f 	2235	2242	2233
f 	6064	6170	6169
f 	6014	6015	6016
f 	6032	6033	6031
f 	2282	2366	2280
f 	2281	2279	2369
f 	6182	6160	6181
f 	2850	2848	2794
f 	2851	2885	2849
f 	6526	6527	6528
f 	6617	6610	6611
f 	6560	6511	6559
f 	6509	6563	6562
f 	2220	2226	2284
f 	2218	2283	2367
f 	2836	2744	2837
f 	2868	2869	2870
f 	6028	6029	6027
f 	6180	6162	6179
f 	6645	6573	6644
f 	2726	2724	2727
f 	2828	2829	2860
f 	6545	6546	6544
f 	2727	2728	2731
f 	2835	2742	2836
f 	2829	2830	2861
f 	2867	2868	2892
f 	6547	6548	6546
f 	6558	6559	6557
f 	6562	6564	6565
f 	6646	6571	6645
f 	2202	2201	2200
f 	2245	2246	2300
f 	6009	6010	6011
f 	6058	6172	6171
f 	2271	2266	2268
f 	2272	2269	2373
f 	6039	6040	6038
f 	6087	6088	6184
f 	2834	2740	2835
f 	2848	2845	2791
f 	2849	2884	2846
f 	2866	2867	2893
f 	6524	6525	6526
f 	6556	6557	6555
f 	6609	6608	6610
f 	6565	6566	6649
f 	2284	2285	2282
f 	2283	2281	2368
f 	6030	6031	6029
f 	6181	6161	6180
f 	2200	2199	2198
f 	2246	2247	2302
f 	6007	6008	6009
f 	6056	6052	6172
f 	2831	2833	2864
f 	6552	6553	6550
f 	2279	2278	2371
f 	6035	6036	6033
f 	6000	6004	6005
f 	6050	6001	6051
f 	2196	2195	2192
f 	2248	2191	2250
f 	2815	2852	2813
f 	2818	2854	2853
f 	6531	6532	6533
f 	6614	6612	6613
f 	6647	6570	6646
f 	2731	2729	2732
f 	2830	2831	2862
f 	6549	6550	6548
f 	2844	2880	2843
f 	2847	2882	2881
f 	6517	6521	6522
f 	6604	6518	6606
f 	2819	2816	2719
f 	2820	2856	2817
f 	6535	6536	6537
f 	6626	6636	6635
f 	2211	2210	2209
f 	2237	2236	2229
f 	6018	6019	6020
f 	6069	6168	6167
f 	2816	2815	2812
f 	2817	2855	2818
f 	6533	6534	6535
f 	6623	6613	6636
f 	2732	2733	2832
f 	6648	6569	6647
f 	2280	2365	2277
f 	6183	6159	6182
f 	6522	6523	6524
f 	6605	6606	6608
f 	2845	2844	2792
f 	2846	2883	2847
f 	2725	2723	2726
f 	2827	2828	2859
f 	6543	6544	6542
f 	6644	6643	6641
f 	2216	2218	2217
f 	2219	2221	2220
f 	6026	6027	6025
f 	6179	6164	6177
f 	2209	2208	2207
f 	2236	2235	2231
f 	6016	6017	6018
f 	6066	6169	6168
f 	2268	2264	2263
f 	2269	2270	2374
f 	6041	6042	6040
f 	6045	6085	6087
f 	2277	2273	2271
f 	2278	2272	2372
f 	6037	6038	6036
f 	6184	6157	6183
f 	6554	6555	6553
f 	6649	6567	6648
f 	2832	2738	2834
f 	2833	2866	2865
f 	2198	2197	2196
f 	2247	2248	2249
f 	6005	6006	6007
f 	6053	6051	6052
f 	4036	4087	4037
f 	5416	5523	5518
f 	333	329	307
f 	1990	1997	1991
f 	3708	3643	3709
f 	6972	7023	6973
f 	328	329	334
f 	1624	1997	1998
f 	4086	4087	4172
f 	5528	5523	5527
f 	3231	3643	3642
f 	7022	7023	7056
f 	10574	10576	10577
f 	10417	10667	10411
f 	13394	13104	13406
f 	13168	13269	13407
f 	13792	12261	13804
f 	13694	13806	13805
f 	11929	10597	11930
f 	9385	9386	9387
f 	9385	9387	9384
f 	9385	9384	9375
f 	13615	13605	13651
f 	14024	14026	14001
f 	14167	14170	14171
f 	13533	13532	13502
f 	13286	13292	13291
f 	13380	13387	13381
f 	13847	13849	13848
f 	13879	13785	13878
f 	12349	12350	12348
f 	12115	10578	12116
f 	10412	10411	10409
f 	12277	12276	12278
f 	13019	13031	13030
f 	13053	13043	13052
f 	13057	13041	13056
f 	13018	13035	13034
f 	3213	3405	3211
f 	7074	7130	7072
f 	7134	7070	7072
f 	3213	3215	3401
f 	458	667	456
f 	1746	1789	1744
f 	4271	4433	4269
f 	5691	5665	5667
f 	7068	7143	7066
f 	3219	3392	3217
f 	3219	3221	3388
f 	7147	7064	7066
f 	458	460	671
f 	1746	1614	1747
f 	4261	4263	4269
f 	5669	5670	5667
f 	456	662	454
f 	1744	1794	1742
f 	4273	4440	4271
f 	5693	5867	5691
f 	3217	3397	3215
f 	7070	7138	7068
f 	452	454	658
f 	1740	1742	1798
f 	4444	4273	4275
f 	5863	5693	5695
f 	450	650	448
f 	1738	1806	1736
f 	4279	4452	4277
f 	5699	5855	5697
f 	3211	3409	3209
f 	7076	7126	7074
f 	452	654	450
f 	1740	1802	1738
f 	4277	4448	4275
f 	5697	5859	5695
f 	10692	10693	10896
f 	10685	10686	10886
f 	10237	10233	10236
f 	10232	10256	10257
f 	14533	14517	14534
f 	14522	14566	14565
f 	10240	10233	10239
f 	10232	10247	10252
f 	14530	14517	14531
f 	14522	14526	14568
f 	10195	10266	10271
f 	14513	14560	14559
f 	10267	10194	10274
f 	14539	14514	14540
f 	10195	10261	10263
f 	10260	10194	10262
f 	14536	14514	14537
f 	14513	14563	14562
f 	11928	10597	11929
f 	7056	7035	7053
f 	3232	3234	3231
f 	446	448	648
f 	1734	1736	1808
f 	4454	4279	4281
f 	5853	5699	5701
f 	3202	3209	3411
f 	7124	7076	7078
f 	338	340	328
f 	1625	1627	1624
f 	4172	4120	4174
f 	5527	5423	5536
f 	12336	12338	12337
f 	12376	12334	12337
f 	12280	12283	12266
f 	9436	9415	9437
f 	11927	10597	11928
f 	9375	9350	9351
f 	9375	9351	9384
f 	9153	9154	9155
f 	9153	9155	9156
f 	11727	10739	10731
f 	11727	10731	11725
f 	11726	10732	11728
f 	11726	11728	11729
f 	7769	7768	7767
f 	7769	7767	7770
f 	8875	8874	8756
f 	8875	8756	8755
f 	8884	8967	9021
f 	8884	9021	8885
f 	8548	8322	8217
f 	8548	8217	8552
f 	16312	16323	16308
f 	16375	16371	16372
f 	13183	13187	13185
f 	13314	13184	13186
f 	13355	13359	13357
f 	13680	13356	13358
f 	13709	13713	13711
f 	13827	13710	13712
f 	13890	13894	13892
f 	14188	13891	13893
f 	9350	9382	9380
f 	16318	16317	16315
f 	16376	16383	16381
f 	11294	10746	10749
f 	11295	10748	11296
f 	11830	11829	11845
f 	11830	11845	10986
f 	11835	11848	11847
f 	11835	11847	11831
f 	11040	11055	11054
f 	11040	11054	11036
f 	11073	11074	11072
f 	11073	11072	11069
f 	11070	11071	11088
f 	11070	11088	10967
f 	11142	11143	11144
f 	11142	11144	10963
f 	11157	11149	11148
f 	11157	11148	11158
f 	11783	11784	11785
f 	11783	11785	10979
f 	11798	11790	11789
f 	11798	11789	11782
f 	11856	11857	11855
f 	11856	11855	11852
f 	11853	11854	11871
f 	11853	11871	11779
f 	11035	11034	11050
f 	11035	11050	11041
f 	11911	11912	11910
f 	11911	11910	11899
f 	11904	11905	11920
f 	11904	11920	11913
f 	10918	10919	10917
f 	10918	10917	10914
f 	10915	10916	10933
f 	10915	10933	10893
f 	10945	10947	11014
f 	10945	11014	10948
f 	11027	11019	11018
f 	11027	11018	10944
f 	11095	11096	11094
f 	11095	11094	10954
f 	11101	11113	11112
f 	11101	11112	11097
f 	11120	11121	11122
f 	11120	11122	11118
f 	11135	11127	11126
f 	11135	11126	11119
f 	11876	11877	11875
f 	11876	11875	10972
f 	11882	11894	11893
f 	11882	11893	11878
f 	11010	11011	11221
f 	11010	11221	11002
f 	11229	11222	11217
f 	11229	11217	11009
f 	11175	11176	11751
f 	11175	11751	10991
f 	11764	11756	11755
f 	11764	11755	11174
f 	11178	11179	11177
f 	11178	11177	10996
f 	11185	11197	11196
f 	11185	11196	11181
f 	11805	11806	11822
f 	11805	11822	11172
f 	11812	11825	11824
f 	11812	11824	11808
f 	16320	16310	16313
f 	16379	16373	16380
f 	9429	9428	9427
f 	9429	9427	9414
f 	13226	13220	13221
f 	13226	13221	13225
f 	13929	13942	13965
f 	13929	13965	13927
f 	13474	13484	13483
f 	13474	13483	13475
f 	14056	14066	14065
f 	14056	14065	14057
f 	13237	13234	13231
f 	13237	13231	13229
f 	13939	13936	13933
f 	13939	13933	13931
f 	13235	13236	13232
f 	13235	13232	13233
f 	13937	13938	13934
f 	13937	13934	13935
f 	13433	13445	13443
f 	13433	13443	13430
f 	13922	13959	13957
f 	13922	13957	13919
f 	13488	13485	13486
f 	13488	13486	13487
f 	14070	14067	14068
f 	14070	14068	14069
f 	13242	13241	13238
f 	13242	13238	13228
f 	13946	13945	13940
f 	13946	13940	13930
f 	13428	13442	13481
f 	13428	13481	13477
f 	13917	13956	14063
f 	13917	14063	14059
f 	13472	13474	13475
f 	13472	13475	13473
f 	14054	14056	14057
f 	14054	14057	14055
f 	13476	13477	13481
f 	13476	13481	13482
f 	14058	14059	14063
f 	14058	14063	14064
f 	13485	13476	13482
f 	13485	13482	13486
f 	14067	14058	14064
f 	14067	14064	14068
f 	13236	13239	13230
f 	13236	13230	13232
f 	13938	13941	13932
f 	13938	13932	13934
f 	13234	13235	13233
f 	13234	13233	13231
f 	13936	13937	13935
f 	13936	13935	13933
f 	13238	13237	13229
f 	13238	13229	13228
f 	13940	13939	13931
f 	13940	13931	13930
f 	13239	13220	13226
f 	13239	13226	13230
f 	13941	13942	13929
f 	13941	13929	13932
f 	13435	13448	13445
f 	13435	13445	13433
f 	13924	13962	13959
f 	13924	13959	13922
f 	13484	13488	13487
f 	13484	13487	13483
f 	14066	14070	14069
f 	14066	14069	14065
f 	13430	13443	13442
f 	13430	13442	13428
f 	13919	13957	13956
f 	13919	13956	13917
f 	13472	13473	13470
f 	13472	13470	13471
f 	14054	14055	14052
f 	14054	14052	14053
f 	13225	13221	13448
f 	13225	13448	13435
f 	13927	13965	13962
f 	13927	13962	13924
f 	12328	12249	12329
f 	9249	9250	9251
f 	15807	15806	15831
f 	15807	15831	15830
f 	15780	15859	15858
f 	15780	15858	15781
f 	15911	15910	15935
f 	15911	15935	15934
f 	15884	15963	15962
f 	15884	15962	15885
f 	16115	16114	16143
f 	16115	16143	16142
f 	16168	16089	16088
f 	16168	16088	16169
f 	16219	16218	16247
f 	16219	16247	16246
f 	16272	16193	16192
f 	16272	16192	16273
f 	8352	8556	8536
f 	8352	8536	8553
f 	9253	9259	9258
f 	15304	15314	15306
f 	17406	16771	16770
f 	17406	16770	17352
f 	17268	16769	16768
f 	17268	16768	17204
f 	8322	8320	8219
f 	13002	12996	12998
f 	13022	13048	13047
f 	11958	11970	11971
f 	11958	11971	11959
f 	9359	9358	9381
f 	9359	9381	9382
f 	16889	17114	16890
f 	8536	8378	8397
f 	8536	8397	8396
f 	7782	7779	7780
f 	9245	9301	9262
f 	9245	9262	9246
f 	9313	9238	9234
f 	9313	9234	9312
f 	8797	8709	8795
f 	8797	8795	8835
f 	8927	8976	9060
f 	8927	9060	8928
f 	9414	9430	9429
f 	12352	12351	12349
f 	3252	3254	3250
f 	7048	6916	6909
f 	357	359	355
f 	1645	1647	1643
f 	4328	4325	4321
f 	5730	5729	5728
f 	4264	4164	4263
f 	5673	5674	5670
f 	460	462	674
f 	1614	1610	1613
f 	462	464	678
f 	1610	1618	1609
f 	4165	4077	4164
f 	5678	5679	5674
f 	4321	4320	4317
f 	5728	5727	5725
f 	390	388	357
f 	1678	1676	1645
f 	3221	3223	3385
f 	7150	7062	7064
f 	3223	3225	3382
f 	7153	7013	7062
f 	6909	6908	6905
f 	3285	3283	3252
f 	355	341	338
f 	1643	1628	1625
f 	4174	4184	4328
f 	5536	5538	5730
f 	3250	3235	3232
f 	7053	7055	7048
f 	406	404	390
f 	1694	1692	1678
f 	4317	4315	4306
f 	5725	5724	5719
f 	6905	6903	6894
f 	3301	3299	3285
f 	3225	3227	3637
f 	7014	7015	7013
f 	4078	4079	4077
f 	5682	5683	5679
f 	464	466	682
f 	1618	1620	2044
f 	9426	9427	9428
f 	8253	8205	8204
f 	13264	13174	13217
f 	13811	13700	13812
f 	13343	13344	13342
f 	13885	13789	13764
f 	7816	7818	7819
f 	7816	7819	7802
f 	7816	7802	7797
f 	7816	7797	7796
f 	7816	7796	7817
f 	8555	8538	8539
f 	8555	8539	8550
f 	13170	13208	13171
f 	13101	13102	13350
f 	13696	13734	13697
f 	12258	12259	13775
f 	10799	10798	10797
f 	8182	8183	8184
f 	8182	8184	8185
f 	9364	9365	9366
f 	7773	7771	7769
f 	7773	7769	7770
f 	12319	12318	12317
f 	9368	9374	9373
f 	12478	12479	12381
f 	12478	12381	12380
f 	12739	12740	12294
f 	12739	12294	12378
f 	12389	12385	12377
f 	12389	12377	12382
f 	12437	12443	12379
f 	12437	12379	12336
f 	10130	10124	10100
f 	10130	10100	10035
f 	10129	10036	10099
f 	10129	10099	10127
f 	9149	9152	9179
f 	13018	13034	13033
f 	13056	13041	13055
f 	13019	13032	13031
f 	13054	13043	13053
f 	13055	13043	13054
f 	13018	13033	13032
f 	9353	9354	9351
f 	9353	9351	9350
f 	9353	9350	9355
f 	3587	3424	3565
f 	7265	7291	7293
f 	800	801	784
f 	1824	2101	1956
f 	4225	4397	4396
f 	5463	5627	5626
f 	9362	9363	9354
f 	16317	16316	16315
f 	16376	16384	16383
f 	9154	9160	9159
f 	13286	13290	13287
f 	13382	13387	13386
f 	13847	13846	13845
f 	13877	13785	13784
f 	9270	9283	9284
f 	9270	9284	9282
f 	13162	13089	13165
f 	12235	12237	13691
f 	9277	9278	9276
f 	9277	9276	9275
f 	9365	9364	9362
f 	9370	9375	9368
f 	10799	10800	10798
f 	28	27	25
f 	14955	14954	14952
f 	3531	3515	3529
f 	7231	7162	7230
f 	622	580	788
f 	2097	1960	2096
f 	4390	4221	4391
f 	5620	5459	5621
f 	754	740	749
f 	1933	1777	1934
f 	4238	4241	4240
f 	5476	5479	5478
f 	3192	3567	3586
f 	7307	7263	7092
f 	3180	3569	3584
f 	7311	7261	7310
f 	3528	3368	3355
f 	7234	7002	7233
f 	3550	3495	3541
f 	7225	7183	7475
f 	704	724	700
f 	1766	1595	1582
f 	4143	4066	4146
f 	5488	5489	5487
f 	4378	4215	4379
f 	5608	5453	5609
f 	430	562	561
f 	1718	1966	2086
f 	771	762	752
f 	1941	1921	1938
f 	4237	4417	4416
f 	5475	5647	5646
f 	583	577	584
f 	2093	1962	2092
f 	4386	4219	4387
f 	5616	5457	5617
f 	3357	3363	3353
f 	7236	6986	7235
f 	692	685	489
f 	1584	1590	1580
f 	4141	4050	4145
f 	5988	5500	5497
f 	3171	3571	3582
f 	7315	7259	7314
f 	634	786	799
f 	1816	1958	2100
f 	4394	4223	4395
f 	5624	5461	5625
f 	7319	7257	7318
f 	3156	3573	3580
f 	4245	4161	4244
f 	5483	5484	5482
f 	733	712	702
f 	1769	1758	1767
f 	481	473	480
f 	1570	1569	1567
f 	4138	4033	4140
f 	5376	5378	5515
f 	4235	4412	4411
f 	5473	5642	5641
f 	875	863	773
f 	2181	1912	1948
f 	3343	3342	3340
f 	7238	6969	7237
f 	3140	3325	3323
f 	7323	7255	7322
f 	3635	3485	3557
f 	7221	7193	7220
f 	574	565	572
f 	2089	1964	2088
f 	4382	4217	4383
f 	5612	5455	5613
f 	7226	7173	7228
f 	3543	3505	3538
f 	9385	9392	9391
f 	8831	8715	8714
f 	8831	8714	8832
f 	8921	8982	8981
f 	8921	8981	8922
f 	12117	12114	12118
f 	12117	12118	12119
f 	12121	12120	12115
f 	12121	12115	12116
f 	10415	10413	10412
f 	10415	10412	10409
f 	10408	10407	10414
f 	10408	10414	10416
f 	13245	13516	13246
f 	13949	13991	13950
f 	13490	13261	13260
f 	14019	13990	13989
f 	12280	12281	12282
f 	14327	14328	14329
f 	14327	14329	14330
f 	14327	14330	14324
f 	14327	14324	14323
f 	12229	12214	12230
f 	10469	10466	10468
f 	9413	9412	9415
f 	9417	9425	9416
f 	10035	10036	10129
f 	10035	10129	10131
f 	10035	10131	10130
f 	12006	12003	12002
f 	12006	12002	12004
f 	12006	12004	12005
f 	8323	8364	8366
f 	8268	8269	8270
f 	8268	8270	8266
f 	10938	10937	10895
f 	10889	10871	10884
f 	2823	2721	2725
f 	2827	2858	2824
f 	6540	6541	6542
f 	6641	6642	6638
f 	2216	2215	2214
f 	2239	2222	2219
f 	6023	6024	6025
f 	6177	6178	6174
f 	1270	1222	1225
f 	1270	1225	1271
f 	5031	5034	5035
f 	5031	5035	5032
f 	2238	2239	2214
f 	2238	2214	2213
f 	6174	6173	6022
f 	6174	6022	6023
f 	2821	2823	2824
f 	2821	2824	2822
f 	6638	6637	6539
f 	6638	6539	6540
f 	9303	9309	9305
f 	10903	10984	10985
f 	10903	10985	10983
f 	11168	10877	11771
f 	11168	11771	10987
f 	10899	10961	10962
f 	10899	10962	10958
f 	10900	10965	10966
f 	10900	10966	10964
f 	10902	10977	10978
f 	10902	10978	10976
f 	10941	10882	11051
f 	10941	11051	11048
f 	11068	10880	11067
f 	11068	11067	10968
f 	10950	11012	11013
f 	10950	11013	10949
f 	10960	11064	11066
f 	10960	11066	10959
f 	10975	11777	11776
f 	10975	11776	10974
f 	11781	11773	11772
f 	11781	11772	10980
f 	11166	11774	11778
f 	11166	11778	11780
f 	10896	10886	10889
f 	10896	10889	10895
f 	10938	10884	10885
f 	10938	10885	11898
f 	10913	10891	10890
f 	10913	10890	10894
f 	10861	10860	10867
f 	10861	10867	10866
f 	10865	10868	10859
f 	10865	10859	10862
f 	10858	10857	10869
f 	10858	10869	10863
f 	10692	10686	10892
f 	10692	10892	10864
f 	10691	10687	10688
f 	10691	10688	10690
f 	10939	10883	10943
f 	10939	10943	10942
f 	10897	10888	10887
f 	10897	10887	10946
f 	10898	10952	10953
f 	10898	10953	10951
f 	10901	10970	10971
f 	10901	10971	10969
f 	11093	11060	11061
f 	11093	11061	10955
f 	10957	11063	11062
f 	10957	11062	10956
f 	11092	10881	11065
f 	11092	11065	11117
f 	11165	10879	11775
f 	11165	11775	10973
f 	10904	10989	10990
f 	10904	10990	10988
f 	10906	11000	11001
f 	10906	11001	10998
f 	11173	10876	10875
f 	11173	10875	10992
f 	10905	10994	10995
f 	10905	10995	10993
f 	10982	11170	11171
f 	10982	11171	10981
f 	11180	10874	10873
f 	11180	10873	10997
f 	11167	10878	11807
f 	11167	11807	11169
f 	13380	13388	13387
f 	13879	13786	13785
f 	13285	13292	13286
f 	13850	13849	13847
f 	12385	12383	12377
f 	12436	12437	12336
f 	12443	12439	12379
f 	12472	12478	12380
f 	12479	12509	12381
f 	12732	12389	12382
f 	12384	12739	12378
f 	12740	12292	12294
f 	12347	12348	12346
f 	11717	11705	11716
f 	12394	12417	12416
f 	12447	12470	12469
f 	12484	12507	12506
f 	12745	12768	12767
f 	12508	12485	12510
f 	12471	12448	12634
f 	12769	12746	12770
f 	12733	12395	12871
f 	13659	13666	13665
f 	13870	14204	14203
f 	13663	13658	13664
f 	14201	13871	14202
f 	2360	2321	2276
f 	2809	2756	2735
f 	2756	2753	2735
f 	6155	6123	6139
f 	6495	6488	6489
f 	6495	6487	6488
f 	2304	2303	2305
f 	6077	6057	6076
f 	2316	2314	2267
f 	6089	6090	6119
f 	2305	2258	2306
f 	6078	6054	6077
f 	2785	2789	2787
f 	6632	6603	6631
f 	2318	2316	2274
f 	6156	6119	6121
f 	2295	2232	2296
f 	6071	6067	6070
f 	2715	2811	2806
f 	6578	6624	6577
f 	2294	2230	2295
f 	6070	6068	6146
f 	2321	2318	2276
f 	6155	6121	6123
f 	2353	2298	2351
f 	6074	6063	6073
f 	2802	2797	2799
f 	6628	6621	6627
f 	2348	2301	2304
f 	6076	6059	6075
f 	2709	2716	2715
f 	6577	6625	6576
f 	2810	2809	2734
f 	6494	6489	6490
f 	2362	2360	2361
f 	6154	6139	6140
f 	2753	2751	2737
f 	6496	6485	6487
f 	2799	2795	2784
f 	6629	6620	6628
f 	2314	2312	2265
f 	6086	6091	6090
f 	2704	2712	2711
f 	6492	6491	6461
f 	6498	6499	6486
f 	2749	2746	2741
f 	6150	6143	6151
f 	2288	2287	2225
f 	2804	2797	2802
f 	6627	6621	6580
f 	2287	2363	2286
f 	6152	6141	6143
f 	2297	2298	2353
f 	6073	6063	6072
f 	6630	6618	6629
f 	2784	2793	2783
f 	2705	2704	2710
f 	6572	6461	6460
f 	2363	2362	2364
f 	6153	6140	6141
f 	2783	2790	2785
f 	6631	6619	6630
f 	2751	2749	2739
f 	6497	6486	6485
f 	2712	2810	2730
f 	6493	6490	6491
f 	2296	2234	2297
f 	6072	6065	6071
f 	2806	2814	2804
f 	6580	6622	6578
f 	10238	10233	10237
f 	10232	10253	10256
f 	14532	14517	14533
f 	14522	14567	14566
f 	2351	2299	2348
f 	6075	6061	6074
f 	10195	10265	10266
f 	14513	14561	14560
f 	10264	10194	10267
f 	14538	14514	14539
f 	10195	10263	10265
f 	10262	10194	10264
f 	14537	14514	14538
f 	14513	14562	14561
f 	10239	10233	10238
f 	14531	14517	14532
f 	10232	10252	10253
f 	14522	14568	14567
f 	11171	10977	10878
f 	11167	10980	10981
f 	10902	10981	10980
f 	11772	10878	10977
f 	2844	2845	2846
f 	2844	2846	2847
f 	6608	6606	6522
f 	6608	6522	6524
f 	2815	2816	2817
f 	2815	2817	2818
f 	6636	6613	6533
f 	6636	6533	6535
f 	2851	2850	2852
f 	2851	2852	2853
f 	6611	6528	6531
f 	6611	6531	6612
f 	2890	2874	2875
f 	2890	2875	2891
f 	6512	6514	6516
f 	6512	6516	6510
f 	1261	1260	1262
f 	1261	1262	1263
f 	5044	5045	5043
f 	5044	5043	5042
f 	2202	2245	2242
f 	2202	2242	2205
f 	6171	6011	6014
f 	6171	6014	6170
f 	2825	2725	2827
f 	2825	2827	2826
f 	6641	6639	6640
f 	6641	6640	6542
f 	1223	1226	1227
f 	1223	1227	1224
f 	5078	5030	5033
f 	5078	5033	5079
f 	1248	1246	1247
f 	1248	1247	1249
f 	2831	2732	2832
f 	2831	2832	2833
f 	5058	5056	5057
f 	5058	5057	5059
f 	6647	6550	6553
f 	6647	6553	6648
f 	1235	1234	1236
f 	1235	1236	1237
f 	5070	5071	5069
f 	5070	5069	5068
f 	2240	2219	2216
f 	2240	2216	2241
f 	6177	6175	6176
f 	6177	6176	6025
f 	2188	2183	2186
f 	2188	2186	2189
f 	5993	5997	5999
f 	5993	5999	5994
f 	2279	2280	2277
f 	2279	2277	2278
f 	6182	6033	6036
f 	6182	6036	6183
f 	2829	2727	2731
f 	2829	2731	2830
f 	2867	2835	2836
f 	2867	2836	2868
f 	6645	6546	6548
f 	6645	6548	6646
f 	6565	6557	6559
f 	6565	6559	6562
f 	1255	1256	1257
f 	1255	1257	1254
f 	5048	5050	5051
f 	5048	5051	5049
f 	2248	2247	2198
f 	2248	2198	2196
f 	6052	6051	6005
f 	6052	6005	6007
f 	2881	2873	2889
f 	2881	2889	2880
f 	6513	6517	6518
f 	6513	6518	6515
f 	1244	1243	1242
f 	1244	1242	1245
f 	1254	1252	1253
f 	1254	1253	1255
f 	5052	5051	5050
f 	5052	5050	5053
f 	5062	5060	5061
f 	5062	5061	5063
f 	2196	2192	2191
f 	2196	2191	2248
f 	2184	2270	2263
f 	2184	2263	2185
f 	6042	5992	5995
f 	6042	5995	6045
f 	6000	6005	6051
f 	6000	6051	6001
f 	1233	1232	1234
f 	1233	1234	1235
f 	1246	1244	1245
f 	1246	1245	1247
f 	1262	1264	1265
f 	1262	1265	1263
f 	5040	5042	5043
f 	5040	5043	5041
f 	5060	5058	5059
f 	5060	5059	5061
f 	5072	5073	5071
f 	5072	5071	5070
f 	1226	1228	1229
f 	1226	1229	1227
f 	2725	2726	2828
f 	2725	2828	2827
f 	5076	5078	5079
f 	5076	5079	5077
f 	6644	6641	6542
f 	6644	6542	6544
f 	1238	1240	1241
f 	1238	1241	1239
f 	1252	1250	1251
f 	1252	1251	1253
f 	2846	2845	2848
f 	2846	2848	2849
f 	2834	2835	2867
f 	2834	2867	2866
f 	5054	5052	5053
f 	5054	5053	5055
f 	5064	5066	5067
f 	5064	5067	5065
f 	6608	6524	6526
f 	6608	6526	6610
f 	6565	6649	6555
f 	6565	6555	6557
f 	2183	2184	2185
f 	2183	2185	2186
f 	5992	5993	5994
f 	5992	5994	5995
f 	2242	2235	2207
f 	2242	2207	2205
f 	2281	2282	2280
f 	2281	2280	2279
f 	6169	6170	6014
f 	6169	6014	6016
f 	6181	6031	6033
f 	6181	6033	6182
f 	2219	2220	2218
f 	2219	2218	2216
f 	6179	6177	6025
f 	6179	6025	6027
f 	2192	2187	2190
f 	2192	2190	2191
f 	2271	2268	2269
f 	2271	2269	2272
f 	5996	6000	6001
f 	5996	6001	5998
f 	6087	6184	6038
f 	6087	6038	6040
f 	2874	2869	2837
f 	2874	2837	2875
f 	6511	6512	6510
f 	6511	6510	6509
f 	1264	1266	1267
f 	1264	1267	1265
f 	5038	5040	5041
f 	5038	5041	5039
f 	2235	2236	2209
f 	2235	2209	2207
f 	6168	6169	6016
f 	6168	6016	6018
f 	1257	1256	1258
f 	1257	1258	1259
f 	5048	5049	5047
f 	5048	5047	5046
f 	2198	2247	2246
f 	2198	2246	2200
f 	6052	6007	6009
f 	6052	6009	6172
f 	1222	1223	1224
f 	1222	1224	1225
f 	5030	5031	5032
f 	5030	5032	5033
f 	1250	1248	1249
f 	1250	1249	1251
f 	5056	5054	5055
f 	5056	5055	5057
f 	1237	1236	1238
f 	1237	1238	1239
f 	5068	5069	5067
f 	5068	5067	5066
f 	1259	1258	1260
f 	1259	1260	1261
f 	5046	5047	5045
f 	5046	5045	5044
f 	2849	2848	2850
f 	2849	2850	2851
f 	2833	2832	2834
f 	2833	2834	2866
f 	6610	6526	6528
f 	6610	6528	6611
f 	6648	6553	6555
f 	6648	6555	6649
f 	2823	2825	2826
f 	2823	2826	2824
f 	6639	6638	6540
f 	6639	6540	6640
f 	2239	2240	2241
f 	2239	2241	2214
f 	6175	6174	6023
f 	6175	6023	6176
f 	2187	2188	2189
f 	2187	2189	2190
f 	5997	5996	5998
f 	5997	5998	5999
f 	2278	2277	2271
f 	2278	2271	2272
f 	6183	6036	6038
f 	6183	6038	6184
f 	2200	2246	2245
f 	2200	2245	2202
f 	6172	6009	6011
f 	6172	6011	6171
f 	2869	2868	2836
f 	2869	2836	2837
f 	6559	6511	6509
f 	6559	6509	6562
f 	1231	1230	1232
f 	1231	1232	1233
f 	5074	5075	5073
f 	5074	5073	5072
f 	2816	2819	2820
f 	2816	2820	2817
f 	2726	2727	2829
f 	2726	2829	2828
f 	6635	6636	6535
f 	6635	6535	6537
f 	6645	6644	6544
f 	6645	6544	6546
f 	1241	1240	1242
f 	1241	1242	1243
f 	5064	5065	5062
f 	5064	5062	5063
f 	1228	1230	1231
f 	1228	1231	1229
f 	1266	1268	1269
f 	1266	1269	1267
f 	5036	5038	5039
f 	5036	5039	5037
f 	5074	5076	5077
f 	5074	5077	5075
f 	2283	2284	2282
f 	2283	2282	2281
f 	6180	6029	6031
f 	6180	6031	6181
f 	2269	2268	2263
f 	2269	2263	2270
f 	6087	6040	6042
f 	6087	6042	6045
f 	2236	2237	2211
f 	2236	2211	2209
f 	2220	2284	2283
f 	2220	2283	2218
f 	6167	6168	6018
f 	6167	6018	6020
f 	6180	6179	6027
f 	6180	6027	6029
f 	2847	2881	2880
f 	2847	2880	2844
f 	6517	6522	6606
f 	6517	6606	6518
f 	2873	2890	2891
f 	2873	2891	2889
f 	6514	6513	6515
f 	6514	6515	6516
f 	2830	2731	2732
f 	2830	2732	2831
f 	2852	2815	2818
f 	2852	2818	2853
f 	6613	6612	6531
f 	6613	6531	6533
f 	6646	6548	6550
f 	6646	6550	6647
f 	8252	8451	8452
f 	8252	8452	8264
f 	7267	7280	7281
f 	3433	3443	3442
f 	814	824	782
f 	1858	1870	1869
f 	4227	4401	4400
f 	5465	5631	5630
f 	8753	8752	8878
f 	8753	8878	8877
f 	9020	9019	8969
f 	9020	8969	8968
f 	16930	16929	16931
f 	16972	17117	17002
f 	9374	9368	9375
f 	7954	7951	7950
f 	7954	7950	7955
f 	7956	7957	7953
f 	7956	7953	7952
f 	11130	11124	11140
f 	11130	11140	11139
f 	11152	11146	11163
f 	11152	11163	11162
f 	11864	11872	11874
f 	11864	11874	11873
f 	11884	11892	11896
f 	11884	11896	11897
f 	11081	11089	11091
f 	11081	11091	11090
f 	11187	11195	11199
f 	11187	11199	11200
f 	11224	11219	11232
f 	11224	11232	11233
f 	11814	11823	11827
f 	11814	11827	11828
f 	10926	10934	10936
f 	10926	10936	10935
f 	11022	11016	11032
f 	11022	11032	11031
f 	11916	11919	11922
f 	11916	11922	11921
f 	11043	11053	11058
f 	11043	11058	11059
f 	11103	11111	11115
f 	11103	11115	11116
f 	11793	11787	11803
f 	11793	11803	11802
f 	11837	11846	11850
f 	11837	11850	11851
f 	11759	11753	11769
f 	11759	11769	11768
f 	10692	10895	10894
f 	16345	16344	16367
f 	16345	16367	16355
f 	16287	16286	16292
f 	16287	16292	16293
f 	16291	16303	16292
f 	16291	16292	16286
f 	16343	16349	16367
f 	16343	16367	16344
f 	16342	16348	16349
f 	16342	16349	16343
f 	16290	16302	16303
f 	16290	16303	16291
f 	16288	16287	16293
f 	16288	16293	16325
f 	16346	16345	16355
f 	16346	16355	16353
f 	16350	16347	16346
f 	16350	16346	16353
f 	16304	16289	16288
f 	16304	16288	16325
f 	16304	16302	16290
f 	16304	16290	16289
f 	16350	16348	16342
f 	16350	16342	16347
f 	2906	2908	2909
f 	6681	6680	6664
f 	1014	1016	1017
f 	4831	4830	4814
f 	10855	10700	11272
f 	10899	10964	10959
f 	11066	10880	10961
f 	10966	10961	10880
f 	11068	10959	10964
f 	10050	10585	10595
f 	8554	8537	8538
f 	8554	8538	8555
f 	10464	10466	10419
f 	9363	9362	9364
f 	10990	10984	10876
f 	11173	10987	10988
f 	10903	10988	10987
f 	11771	10876	10984
f 	9304	9260	9238
f 	9393	9375	9394
f 	9397	9352	9398
f 	11062	10952	10881
f 	11092	10955	10956
f 	10898	10956	10955
f 	11061	10881	10952
f 	3335	3337	3675
f 	6934	6935	6933
f 	702	704	700
f 	1767	1766	1582
f 	4143	4146	4245
f 	5488	5487	5483
f 	749	733	702
f 	1934	1769	1767
f 	4245	4244	4238
f 	5483	5482	5476
f 	3538	3531	3529
f 	7231	7230	7226
f 	752	773	771
f 	1938	1948	1941
f 	4416	4235	4237
f 	5646	5473	5475
f 	3541	3557	3550
f 	7475	7221	7225
f 	3541	3543	3538
f 	7226	7228	7225
f 	3557	3560	3635
f 	7220	7217	7221
f 	3353	3343	3340
f 	7238	7237	7236
f 	752	754	749
f 	1938	1933	1934
f 	4238	4240	4237
f 	5476	5478	5475
f 	3529	3528	3355
f 	7234	7233	7231
f 	773	776	875
f 	1948	1951	2181
f 	4411	4233	4235
f 	5641	5471	5473
f 	700	692	489
f 	1582	1584	1580
f 	4141	4145	4143
f 	5988	5497	5488
f 	3355	3357	3353
f 	7236	7235	7234
f 	509	493	508
f 	1562	1564	1979
f 	4134	4135	4204
f 	5437	5372	5370
f 	489	481	480
f 	1580	1570	1567
f 	4138	4140	4141
f 	5376	5515	5988
f 	16424	16423	16417
f 	16462	16459	16461
f 	10386	10380	10381
f 	10386	10381	10385
f 	14600	14598	14515
f 	14600	14515	14516
f 	10191	10189	10192
f 	10191	10192	10193
f 	14574	14569	14570
f 	14574	14570	14573
f 	10227	10217	10219
f 	10227	10219	10226
f 	10164	10163	10165
f 	10164	10165	10196
f 	10384	10199	10200
f 	10384	10200	10383
f 	14499	14497	14496
f 	14499	14496	14501
f 	10160	10157	10155
f 	10160	10155	10162
f 	14511	14510	14509
f 	14511	14509	14512
f 	10384	10198	10197
f 	10384	10197	10199
f 	14501	14496	14495
f 	14501	14495	14502
f 	14505	14504	14509
f 	14505	14509	14510
f 	10229	10212	10214
f 	10229	10214	10228
f 	14601	14590	14592
f 	14601	14592	14521
f 	14603	14582	14581
f 	14603	14581	14585
f 	10188	10190	10235
f 	10188	10235	10234
f 	14577	14578	14576
f 	14577	14576	14575
f 	10207	10231	10388
f 	10207	10388	10387
f 	14597	14599	14518
f 	14597	14518	14519
f 	10206	10382	10383
f 	10206	10383	10200
f 	14498	14497	14499
f 	14498	14499	14500
f 	10159	10157	10160
f 	10159	10160	10161
f 	14572	14571	14511
f 	14572	14511	14512
f 	10208	10230	10231
f 	10208	10231	10207
f 	14596	14597	14519
f 	14596	14519	14520
f 	10187	10188	10234
f 	10187	10234	10225
f 	14579	14580	14578
f 	14579	14578	14577
f 	10230	10208	10212
f 	10230	10212	10229
f 	14521	14592	14596
f 	14521	14596	14520
f 	10224	10221	10187
f 	10224	10187	10225
f 	14580	14579	14581
f 	14580	14581	14582
f 	10387	10388	10380
f 	10387	10380	10386
f 	14599	14600	14516
f 	14599	14516	14518
f 	10190	10191	10193
f 	10190	10193	10235
f 	14575	14576	14569
f 	14575	14569	14574
f 	10228	10214	10217
f 	10228	10217	10227
f 	14602	14588	14590
f 	14602	14590	14601
f 	14603	14585	14588
f 	14603	14588	14602
f 	10162	10155	10163
f 	10162	10163	10164
f 	10189	10159	10161
f 	10189	10161	10192
f 	14573	14570	14571
f 	14573	14571	14572
f 	10385	10381	10382
f 	10385	10382	10206
f 	14598	14498	14500
f 	14598	14500	14515
f 	10226	10219	10221
f 	10226	10221	10224
f 	10196	10165	10197
f 	10196	10197	10198
f 	14502	14495	14494
f 	14502	14494	14503
f 	14503	14494	14504
f 	14503	14504	14505
f 	8188	8189	8187
f 	8188	8187	8186
f 	13245	13262	13261
f 	13949	14045	13990
f 	13259	13246	13260
f 	13982	13950	13989
f 	10885	10883	10886
f 	10887	10886	10883
f 	10896	10946	11898
f 	10939	11898	10946
f 	15269	15280	15255
f 	10901	10974	10973
f 	11775	11774	10970
f 	11776	10970	11774
f 	11166	10973	10974
f 	9389	9386	9385
f 	9389	9385	9388
f 	8243	8244	8242
f 	8243	8242	8233
f 	10904	10993	10992
f 	10875	10874	10989
f 	10995	10989	10874
f 	11180	10992	10993
f 	10897	10949	10942
f 	10943	10882	10888
f 	11013	10888	10882
f 	10941	10942	10949
f 	9374	9364	9366
f 	9374	9366	9373
f 	16180	16179	16128
f 	16180	16128	16127
f 	16102	16101	16156
f 	16102	16156	16155
f 	15768	15767	15819
f 	15768	15819	15840
f 	15846	15845	15794
f 	15846	15794	15793
f 	15872	15871	15923
f 	15872	15923	15944
f 	15950	15949	15898
f 	15950	15898	15897
f 	16284	16283	16232
f 	16284	16232	16231
f 	16206	16205	16260
f 	16206	16260	16259
f 	11165	10968	10969
f 	10971	10965	10879
f 	10900	10969	10968
f 	11067	10879	10965
f 	10953	11012	11060
f 	11093	11048	10951
f 	11051	11060	11012
f 	10950	10951	11048
f 	10782	10781	10787
f 	10782	10787	10785
f 	8190	8191	8189
f 	8190	8189	8188
f 	8235	8251	8234
f 	8235	8234	8226
f 	10089	10091	10092
f 	10089	10092	10093
f 	10089	10093	10094
f 	10089	10094	10095
f 	10089	10095	10096
f 	10089	10096	10088
f 	9246	9233	9245
f 	10962	11063	11064
f 	11065	11064	11063
f 	10957	10958	11117
f 	10960	11117	10958
f 	7778	7775	7779
f 	13284	13293	13285
f 	13379	13389	13388
f 	13852	13851	13850
f 	13880	13787	13786
f 	11778	11773	11777
f 	10975	10976	11780
f 	10978	11777	11773
f 	11781	11780	10976
f 	11563	11562	11556
f 	11563	11556	11555
f 	11168	11169	10983
f 	10985	11170	10877
f 	10982	10983	11169
f 	11807	10877	11170
f 	10403	10404	10400
f 	10403	10400	10399
f 	4863	4865	4866
f 	4863	4866	4864
f 	1196	1198	1142
f 	1196	1142	1197
f 	3088	3090	3034
f 	3088	3034	3089
f 	6713	6715	6716
f 	6713	6716	6714
f 	2289	2291	2290
f 	6142	6145	6147
f 	2308	2307	2311
f 	6094	6095	6096
f 	2702	2706	2703
f 	6458	6462	6459
f 	2788	2894	2748
f 	6599	6600	6598
f 	8316	8313	8315
f 	8316	8315	8278
f 	8276	8309	8314
f 	8276	8314	8277
f 	16415	16410	16416
f 	16464	16451	16469
f 	16656	16655	16682
f 	16656	16682	16683
f 	16512	16511	16485
f 	16512	16485	16484
f 	16541	16540	16567
f 	16541	16567	16568
f 	16627	16626	16600
f 	16627	16600	16599
f 	12300	12299	12298
f 	12266	12283	12284
f 	12301	12299	12300
f 	12277	12278	12279
f 	12307	12306	12305
f 	12303	12302	12301
f 	12280	12282	12283
f 	12305	12304	12303
f 	12287	12286	12288
f 	12296	12294	12295
f 	12285	12284	12286
f 	12298	12297	12296
f 	8287	8546	8545
f 	562	534	559
f 	1966	1968	2084
f 	4377	4213	4215
f 	5607	5451	5453
f 	3325	3324	3321
f 	7324	7253	7255
f 	577	581	580
f 	1962	2095	1960
f 	4221	4389	4219
f 	5459	5619	5457
f 	4345	4207	4209
f 	5443	5366	5369
f 	515	512	517
f 	1559	1558	1974
f 	3571	3583	3569
f 	7261	7312	7259
f 	3573	3325	3574
f 	7320	7255	7257
f 	3331	3333	3680
f 	7430	7247	7249
f 	565	562	566
f 	1964	1966	2087
f 	4381	4215	4217
f 	5611	5453	5455
f 	3571	3573	3581
f 	7316	7257	7259
f 	577	565	576
f 	1962	1964	2091
f 	4385	4217	4219
f 	5615	5455	5457
f 	4350	4204	4207
f 	5439	5370	5366
f 	512	509	511
f 	1558	1562	1977
f 	7332	7251	7253
f 	3324	3329	3689
f 	3333	3335	3677
f 	7435	6933	7247
f 	3569	3585	3567
f 	7263	7308	7261
f 	534	531	535
f 	1968	1970	2065
f 	4364	4211	4213
f 	5588	5448	5451
f 	7415	7249	7251
f 	3329	3331	3683
f 	531	515	530
f 	1970	1559	1971
f 	4352	4209	4211
f 	5447	5369	5448
f 	4223	4393	4221
f 	5461	5623	5459
f 	580	787	786
f 	1960	2099	1958
f 	3069	3071	3075
f 	3069	3075	3068
f 	6731	6677	6730
f 	6731	6730	6729
f 	3083	3082	3084
f 	3083	3084	3085
f 	6721	6722	6720
f 	6721	6720	6719
f 	3079	3078	3080
f 	3079	3080	3081
f 	6725	6726	6724
f 	6725	6724	6723
f 	4875	4876	4874
f 	4875	4874	4873
f 	3073	2969	2972
f 	3073	2972	3074
f 	6670	6672	6674
f 	6670	6674	6869
f 	1187	1186	1188
f 	1187	1188	1189
f 	4859	4861	4862
f 	4859	4862	4860
f 	4820	4822	4824
f 	4820	4824	5019
f 	4851	4852	4850
f 	4851	4850	4849
f 	3032	3031	3030
f 	3032	3030	3033
f 	6709	6711	6712
f 	6709	6712	6710
f 	1140	1139	1138
f 	1140	1138	1141
f 	1090	1091	1089
f 	1090	1089	1088
f 	1181	1077	1080
f 	1181	1080	1182
f 	2982	2983	2981
f 	2982	2981	2980
f 	6701	6702	6700
f 	6701	6700	6699
f 	2977	2974	2973
f 	2977	2973	2976
f 	2986	2987	2985
f 	2986	2985	2984
f 	6695	6696	6694
f 	6695	6694	6668
f 	6705	6706	6704
f 	6705	6704	6703
f 	4881	4827	4880
f 	4881	4880	4879
f 	1177	1179	1183
f 	1177	1183	1176
f 	2967	2968	3072
f 	2967	3072	3070
f 	6671	6675	6676
f 	6671	6676	6673
f 	4825	4827	4881
f 	4825	4881	4826
f 	4818	4819	5018
f 	4818	5018	4845
f 	1078	1081	1082
f 	1078	1082	1079
f 	1177	1075	1178
f 	1177	1178	1179
f 	4853	4854	4852
f 	4853	4852	4851
f 	4871	4873	4874
f 	4871	4874	4872
f 	4819	4820	5019
f 	4819	5019	5018
f 	4857	4859	4860
f 	4857	4860	4858
f 	4821	4825	4826
f 	4821	4826	4823
f 	4847	4848	4844
f 	4847	4844	4846
f 	1077	1078	1079
f 	1077	1079	1080
f 	1092	1093	1091
f 	1092	1091	1090
f 	1188	1190	1191
f 	1188	1191	1189
f 	1139	1096	1097
f 	1139	1097	1138
f 	3031	2988	2989
f 	3031	2989	3030
f 	6707	6709	6710
f 	6707	6710	6708
f 	1086	1087	1085
f 	1086	1085	1084
f 	1075	1076	1180
f 	1075	1180	1178
f 	2978	2979	2977
f 	2978	2977	2976
f 	3075	3076	3077
f 	3075	3077	3068
f 	6697	6698	6694
f 	6697	6694	6696
f 	6727	6729	6730
f 	6727	6730	6728
f 	2969	2970	2971
f 	2969	2971	2972
f 	6669	6670	6869
f 	6669	6869	6868
f 	4871	4872	4870
f 	4871	4870	4869
f 	1191	1190	1192
f 	1191	1192	1193
f 	4877	4879	4880
f 	4877	4880	4878
f 	1183	1184	1185
f 	1183	1185	1176
f 	4861	4863	4864
f 	4861	4864	4862
f 	4822	4821	4823
f 	4822	4823	4824
f 	4849	4850	4848
f 	4849	4848	4847
f 	4877	4878	4876
f 	4877	4876	4875
f 	1198	1140	1141
f 	1198	1141	1142
f 	1088	1089	1087
f 	1088	1087	1086
f 	1076	1181	1182
f 	1076	1182	1180
f 	1185	1184	1186
f 	1185	1186	1187
f 	2980	2981	2979
f 	2980	2979	2978
f 	3077	3076	3078
f 	3077	3078	3079
f 	6699	6700	6698
f 	6699	6698	6697
f 	6727	6728	6726
f 	6727	6726	6725
f 	3090	3032	3033
f 	3090	3033	3034
f 	6711	6713	6714
f 	6711	6714	6712
f 	4855	4856	4854
f 	4855	4854	4853
f 	4845	4846	4844
f 	4845	4844	4818
f 	4855	4857	4858
f 	4855	4858	4856
f 	4867	4869	4870
f 	4867	4870	4868
f 	1094	1095	1093
f 	1094	1093	1092
f 	2970	2973	2974
f 	2970	2974	2971
f 	6668	6669	6868
f 	6668	6868	6695
f 	2988	2987	2986
f 	2988	2986	2989
f 	3084	3086	3087
f 	3084	3087	3085
f 	6705	6707	6708
f 	6705	6708	6706
f 	6717	6719	6720
f 	6717	6720	6718
f 	1085	1082	1081
f 	1085	1081	1084
f 	1096	1095	1094
f 	1096	1094	1097
f 	1192	1194	1195
f 	1192	1195	1193
f 	3069	2967	3070
f 	3069	3070	3071
f 	6675	6677	6731
f 	6675	6731	6676
f 	2968	3073	3074
f 	2968	3074	3072
f 	6672	6671	6673
f 	6672	6673	6674
f 	2984	2985	2983
f 	2984	2983	2982
f 	3080	3082	3083
f 	3080	3083	3081
f 	6703	6704	6702
f 	6703	6702	6701
f 	6721	6723	6724
f 	6721	6724	6722
f 	10801	10800	10799
f 	13607	13608	13651
f 	13607	13651	13605
f 	14027	14091	14081
f 	14027	14081	14026
f 	13534	13558	13559
f 	13534	13559	13532
f 	14158	14159	14171
f 	14158	14171	14170
f 	13657	13612	13614
f 	13657	13614	13615
f 	14024	14001	14023
f 	14024	14023	14025
f 	13563	13529	13530
f 	13563	13530	13562
f 	13563	13564	13528
f 	13563	13528	13529
f 	14083	14077	14078
f 	14083	14078	14082
f 	14083	14084	14085
f 	14083	14085	14077
f 	13543	13506	13509
f 	13543	13509	13544
f 	13545	13544	13509
f 	13545	13509	13546
f 	14022	14020	14043
f 	14022	14043	14041
f 	14100	14041	14043
f 	14100	14043	14101
f 	13533	13502	13541
f 	13533	13541	13540
f 	14177	14163	14165
f 	14177	14165	14167
f 	14161	14173	14174
f 	14161	14174	14172
f 	13537	13539	13557
f 	13537	13557	13536
f 	13535	13533	13540
f 	13535	13540	13538
f 	14176	14164	14163
f 	14176	14163	14177
f 	13610	13653	13654
f 	13610	13654	13652
f 	14030	14032	14092
f 	14030	14092	14029
f 	13535	13538	13539
f 	13535	13539	13537
f 	14173	14164	14176
f 	14173	14176	14174
f 	13653	13613	13656
f 	13653	13656	13654
f 	14028	14031	14032
f 	14028	14032	14030
f 	13656	13613	13612
f 	13656	13612	13657
f 	14028	14024	14025
f 	14028	14025	14031
f 	13502	13503	13542
f 	13502	13542	13541
f 	14001	14002	14021
f 	14001	14021	14023
f 	13575	13576	13615
f 	13575	13615	13614
f 	14166	14153	14167
f 	14166	14167	14165
f 	13531	13532	13559
f 	13531	13559	13561
f 	13607	13605	13527
f 	13607	13527	13606
f 	14079	14026	14081
f 	14079	14081	14080
f 	14158	14170	14156
f 	14158	14156	14157
f 	13542	13503	13506
f 	13542	13506	13543
f 	13575	13545	13546
f 	13575	13546	13576
f 	14021	14002	14020
f 	14021	14020	14022
f 	14166	14100	14101
f 	14166	14101	14153
f 	13534	13536	13557
f 	13534	13557	13558
f 	14171	14159	14161
f 	14171	14161	14172
f 	13562	13530	13531
f 	13562	13531	13561
f 	13564	13606	13527
f 	13564	13527	13528
f 	14082	14078	14079
f 	14082	14079	14080
f 	14084	14157	14156
f 	14084	14156	14085
f 	13651	13608	13610
f 	13651	13610	13652
f 	14027	14029	14092
f 	14027	14092	14091
f 	12349	12348	12347
f 	10409	10410	10406
f 	11007	10907	10730
f 	11007	10730	10729
f 	3201	3189	3202
f 	7078	7086	7095
f 	4281	4456	4455
f 	5701	5812	5824
f 	643	631	446
f 	1809	1810	1734
f 	13266	13174	13265
f 	13343	13346	13345
f 	13809	13700	13810
f 	13885	13791	13790
f 	12331	12249	12267
f 	7628	7630	7626
f 	7628	7626	7625
f 	7636	7638	7634
f 	7636	7634	7633
f 	7632	7635	7639
f 	7632	7639	7637
f 	7624	7627	7631
f 	7624	7631	7629
f 	7644	7646	7642
f 	7644	7642	7641
f 	7640	7643	7647
f 	7640	7647	7645
f 	15266	15265	15250
f 	9148	9149	9147
f 	9148	9147	9146
f 	9148	9146	9150
f 	9148	9150	9151
f 	4285	4464	4463
f 	5705	5778	5777
f 	612	609	442
f 	2122	2132	1730
f 	6871	7372	7371
f 	3168	3165	3114
f 	6875	7359	7358
f 	3153	3150	3118
f 	3178	3177	3117
f 	6872	7383	7089
f 	620	619	444
f 	1819	2119	1732
f 	4283	4460	4459
f 	5703	5789	5794
f 	427	424	433
f 	1715	1712	1721
f 	4289	4472	4471
f 	5709	5752	5751
f 	4287	4468	4467
f 	5707	5765	5764
f 	595	594	440
f 	2137	2145	1728
f 	6877	7346	7345
f 	3137	3134	3120
f 	9148	9152	9149
f 	9261	9238	9260
f 	9350	9394	9375
f 	9387	9398	9352
f 	9369	9371	9361
f 	9369	9361	9367
f 	9365	9362	9370
f 	9365	9370	9368
f 	9377	9360	9376
f 	9377	9376	9372
f 	10512	10510	10511
f 	10512	10511	10485
f 	10546	10544	10545
f 	10546	10545	10519
f 	16999	17000	16992
f 	17020	17121	16932
f 	9416	9415	9412
f 	9416	9412	9417
f 	13283	13295	13284
f 	13377	13390	13389
f 	13855	13854	13852
f 	13882	13788	13787
f 	10905	10998	10997
f 	10801	10802	10800
f 	6137	6132	6131
f 	2329	2328	2358
f 	6468	6470	6469
f 	2764	2763	2807
f 	2333	2354	2334
f 	6106	6102	6105
f 	2768	2803	2769
f 	6583	6579	6582
f 	2774	2782	2775
f 	6592	6590	6591
f 	2760	2759	2754
f 	6477	6479	6478
f 	2339	2347	2340
f 	6112	6099	6111
f 	2325	2324	2319
f 	6120	6126	6125
f 	16657	16656	16683
f 	16657	16683	16695
f 	16510	16512	16484
f 	16510	16484	16483
f 	16542	16541	16568
f 	16542	16568	16578
f 	16625	16627	16599
f 	16625	16599	16598
f 	8638	8639	8640
f 	8638	8640	8641
f 	12732	12474	12386
f 	12732	12386	12383
f 	12436	12435	12438
f 	12436	12438	12439
f 	12384	12734	12736
f 	12384	12736	12292
f 	12474	12418	12428
f 	12474	12428	12386
f 	12435	12434	12420
f 	12435	12420	12438
f 	12734	12427	12735
f 	12734	12735	12736
f 	12336	12436	12439
f 	12336	12439	12379
f 	12378	12384	12292
f 	12378	12292	12294
f 	12382	12732	12383
f 	12382	12383	12377
f 	7596	7598	7594
f 	7596	7594	7593
f 	7592	7595	7599
f 	7592	7599	7597
f 	7604	7606	7602
f 	7604	7602	7601
f 	7600	7603	7607
f 	7600	7607	7605
f 	7612	7614	7610
f 	7612	7610	7609
f 	7608	7611	7615
f 	7608	7615	7613
f 	7620	7622	7618
f 	7620	7618	7617
f 	7616	7619	7623
f 	7616	7623	7621
f 	11249	10747	10638
f 	13171	13208	13207
f 	13101	13350	13209
f 	13697	13734	13733
f 	12258	13775	13736
f 	12330	12249	12331
f 	16318	16310	16320
f 	16380	16373	16381
f 	11226	11230	11218
f 	11226	11218	11227
f 	9260	9255	9261
f 	11879	11885	11886
f 	11879	11886	11880
f 	10924	10927	10928
f 	10924	10928	10925
f 	11024	11028	11015
f 	11024	11015	11025
f 	11098	11104	11105
f 	11098	11105	11099
f 	11132	11136	11123
f 	11132	11123	11133
f 	11182	11188	11189
f 	11182	11189	11183
f 	11154	11159	11145
f 	11154	11145	11155
f 	11862	11865	11866
f 	11862	11866	11863
f 	11795	11799	11786
f 	11795	11786	11796
f 	11079	11082	11083
f 	11079	11083	11080
f 	11765	11752	11762
f 	11765	11762	11761
f 	11809	11815	11816
f 	11809	11816	11810
f 	11832	11838	11839
f 	11832	11839	11833
f 	11914	11917	11918
f 	11914	11918	11915
f 	11037	11044	11045
f 	11037	11045	11038
f 	12249	12229	12230
f 	12249	12230	12231
f 	12249	12231	12232
f 	12252	12255	12254
f 	12252	12254	12251
f 	13094	13093	13096
f 	13094	13096	13097
f 	13099	13100	13101
f 	13099	13101	13208
f 	12257	12258	13734
f 	12257	13734	13735
f 	13209	13207	13208
f 	13209	13208	13101
f 	13736	13733	13734
f 	13736	13734	12258
f 	13210	13206	13207
f 	13210	13207	13209
f 	13737	13732	13733
f 	13737	13733	13736
f 	13098	13095	13100
f 	13098	13100	13099
f 	12256	12257	13735
f 	12256	13735	12253
f 	13211	13205	13206
f 	13211	13206	13210
f 	13738	13731	13732
f 	13738	13732	13737
f 	13097	13098	13095
f 	13097	13095	13096
f 	12254	12253	12256
f 	12254	12256	12255
f 	11249	11214	10747
f 	12345	12346	12344
f 	12329	12249	12330
f 	15264	15263	15249
f 	12436	12423	12435
f 	12290	12736	12424
f 	12312	12313	12311
f 	12317	12315	12273
f 	12272	12309	12274
f 	3355	3368	3358
f 	7001	7002	7234
f 	700	724	699
f 	1582	1595	1585
f 	4065	4066	4143
f 	5490	5489	5488
f 	3353	3363	3352
f 	6985	6986	7236
f 	489	685	488
f 	1580	1590	1579
f 	4049	4050	4141
f 	5509	5500	5988
f 	11936	11941	11942
f 	11936	11942	11940
f 	11945	11944	11943
f 	11945	11943	11935
f 	11962	11968	11966
f 	11962	11966	11960
f 	11963	11965	11967
f 	11963	11967	11969
f 	12331	12267	12332
f 	12342	12343	12341
f 	14223	14237	14236
f 	14223	14236	14224
f 	14225	14228	14229
f 	14225	14229	14227
f 	14231	14232	14234
f 	14231	14234	14486
f 	14222	14238	14237
f 	14222	14237	14223
f 	2274	2316	2267
f 	6089	6119	6156
f 	2716	2811	2715
f 	6577	6624	6625
f 	2230	2232	2295
f 	6070	6067	6068
f 	2276	2318	2274
f 	2299	2301	2348
f 	6075	6059	6061
f 	6156	6121	6155
f 	2301	2303	2304
f 	6076	6057	6059
f 	2730	2810	2734
f 	6497	6485	6496
f 	2737	2751	2739
f 	6494	6490	6493
f 	2364	2362	2361
f 	6154	6140	6153
f 	2303	2258	2305
f 	6077	6054	6057
f 	2361	2360	2276
f 	2734	2809	2735
f 	6155	6139	6154
f 	6495	6489	6494
f 	2735	2753	2737
f 	6496	6487	6495
f 	6086	6090	6089
f 	2267	2314	2265
f 	2711	2712	2730
f 	6493	6491	6492
f 	2739	2749	2741
f 	6498	6486	6497
f 	2790	2789	2785
f 	6631	6603	6619
f 	6074	6061	6063
f 	2298	2299	2351
f 	2795	2793	2784
f 	6629	6618	6620
f 	2232	2234	2296
f 	2286	2363	2364
f 	6071	6065	6067
f 	6153	6141	6152
f 	2811	2814	2806
f 	6578	6622	6624
f 	2797	2795	2799
f 	6628	6620	6621
f 	2793	2790	2783
f 	6630	6619	6618
f 	2814	2797	2804
f 	6580	6621	6622
f 	2234	2298	2297
f 	6072	6063	6065
f 	6492	6461	6572
f 	2710	2704	2711
f 	2225	2287	2286
f 	6152	6143	6150
f 	10597	11947	10586
f 	11972	10391	10390
f 	8066	8067	8068
f 	8066	8068	8069
f 	8560	8559	8542
f 	8560	8542	8543
f 	8087	8086	8085
f 	10625	10603	10635
f 	7808	7804	7780
f 	7808	7780	7805
f 	7808	7805	7806
f 	7808	7806	7807
f 	8541	8557	8558
f 	8541	8558	8544
f 	8094	8100	8109
f 	8094	8109	8099
f 	8140	8146	8155
f 	8140	8155	8145
f 	9363	9364	9374
f 	9363	9374	9375
f 	9363	9375	9384
f 	16999	16992	16997
f 	17020	16932	16998
f 	11208	11215	11216
f 	11208	11216	11006
f 	3591	3593	3596
f 	7297	7300	7298
f 	3596	3419	3591
f 	7300	7297	7118
f 	415	417	418
f 	1703	1705	1706
f 	4475	4474	4294
f 	5742	5741	5598
f 	3126	3127	3128
f 	7350	7398	6882
f 	7023	6972	7024
f 	3717	3709	3643
f 	682	688	681
f 	2044	2045	1598
f 	4058	4057	4078
f 	5508	5507	5682
f 	678	726	677
f 	1609	1602	1601
f 	4072	4071	4165
f 	5677	5955	5678
f 	3637	3731	3371
f 	6994	6993	7014
f 	674	717	673
f 	1613	1750	1749
f 	4158	4157	4264
f 	5672	5964	5673
f 	3385	3517	3386
f 	7149	7159	7150
f 	3382	3375	3374
f 	7008	7007	7153
f 	630	620	629
f 	1820	1819	2171
f 	4458	4459	4528
f 	5810	5794	5811
f 	612	615	616
f 	2122	2130	2123
f 	4518	4462	4463
f 	5793	5797	5777
f 	670	743	669
f 	1787	1781	1780
f 	4258	4257	4435
f 	5664	5973	5668
f 	3168	3173	3174
f 	7387	7390	7371
f 	3710	3640	3641
f 	7018	6978	6977
f 	7079	7089	7084
f 	3188	3178	3187
f 	3389	3507	3390
f 	7145	7170	7146
f 	476	467	468
f 	1993	1992	2038
f 	4082	4042	4041
f 	5531	5502	5522
f 	4508	4466	4467
f 	5782	5801	5764
f 	595	602	603
f 	2137	2143	2138
f 	3153	3158	3159
f 	7376	7394	7358
f 	409	395	408
f 	1697	1683	1696
f 	4303	4305	4304
f 	5718	5580	5603
f 	3137	3143	3144
f 	7363	7396	7345
f 	3303	3290	3302
f 	6891	6893	6892
f 	4087	4036	4088
f 	5523	5416	5415
f 	308	307	329
f 	2022	1991	1997
f 	427	599	596
f 	1715	2153	2150
f 	4497	4470	4471
f 	5769	5803	5751
f 	8433	8440	8427
f 	14412	14410	14278
f 	14412	14278	14275
f 	16706	16705	16665
f 	16706	16665	16664
f 	16503	16502	16519
f 	16503	16519	16518
f 	16591	16590	16550
f 	16591	16550	16549
f 	16618	16617	16634
f 	16618	16634	16633
f 	16658	16657	16695
f 	16658	16695	16694
f 	16509	16510	16483
f 	16509	16483	16482
f 	16543	16542	16578
f 	16543	16578	16577
f 	16624	16625	16598
f 	16624	16598	16597
f 	14277	14276	14275
f 	14277	14275	14278
f 	15279	15268	15256
f 	10803	10802	10801
f 	14450	14449	14410
f 	14450	14410	14412
f 	10883	10871	10872
f 	10937	10939	10940
f 	13390	13342	13344
f 	13788	13764	13789
f 	13217	13283	13264
f 	13812	13855	13811
f 	10692	10689	10693
f 	10684	10686	10685
f 	14277	14279	14280
f 	14277	14280	14276
f 	14425	14449	14450
f 	14425	14450	14424
f 	10701	10785	10787
f 	9779	9781	9782
f 	9779	9782	9783
f 	9779	9783	9785
f 	9779	9785	9795
f 	9779	9795	9796
f 	9779	9796	9797
f 	9779	9797	9799
f 	9779	9799	9805
f 	9779	9805	9807
f 	9779	9807	9825
f 	9779	9825	9826
f 	9779	9826	9827
f 	9779	9827	9828
f 	9779	9828	9829
f 	9779	9829	9830
f 	9779	9830	9831
f 	9779	9831	9832
f 	9779	9832	9833
f 	9779	9833	9834
f 	9779	9834	9824
f 	9779	9824	9823
f 	9779	9823	9780
f 	9501	9519	9520
f 	9501	9520	9521
f 	9501	9521	9522
f 	9501	9522	9523
f 	9501	9523	9524
f 	9501	9524	9525
f 	9501	9525	9526
f 	9501	9526	9527
f 	9501	9527	9528
f 	9501	9528	9518
f 	9501	9518	9517
f 	9501	9517	9474
f 	9501	9474	9473
f 	9501	9473	9475
f 	9501	9475	9476
f 	9501	9476	9477
f 	9501	9477	9479
f 	9501	9479	9489
f 	9501	9489	9490
f 	9501	9490	9491
f 	9501	9491	9493
f 	9501	9493	9499
f 	9575	9577	9578
f 	9575	9578	9579
f 	9575	9579	9581
f 	9575	9581	9591
f 	9575	9591	9592
f 	9575	9592	9593
f 	9575	9593	9595
f 	9575	9595	9601
f 	9575	9601	9603
f 	9575	9603	9621
f 	9575	9621	9622
f 	9575	9622	9623
f 	9575	9623	9624
f 	9575	9624	9625
f 	9575	9625	9626
f 	9575	9626	9627
f 	9575	9627	9628
f 	9575	9628	9629
f 	9575	9629	9630
f 	9575	9630	9620
f 	9575	9620	9619
f 	9575	9619	9576
f 	9677	9679	9680
f 	9677	9680	9681
f 	9677	9681	9683
f 	9677	9683	9693
f 	9677	9693	9694
f 	9677	9694	9695
f 	9677	9695	9697
f 	9677	9697	9703
f 	9677	9703	9705
f 	9677	9705	9723
f 	9677	9723	9724
f 	9677	9724	9725
f 	9677	9725	9726
f 	9677	9726	9727
f 	9677	9727	9728
f 	9677	9728	9729
f 	9677	9729	9730
f 	9677	9730	9731
f 	9677	9731	9732
f 	9677	9732	9722
f 	9677	9722	9721
f 	9677	9721	9678
f 	9909	9927	9928
f 	9909	9928	9929
f 	9909	9929	9930
f 	9909	9930	9931
f 	9909	9931	9932
f 	9909	9932	9933
f 	9909	9933	9934
f 	9909	9934	9935
f 	9909	9935	9936
f 	9909	9936	9926
f 	9909	9926	9925
f 	9909	9925	9882
f 	9909	9882	9881
f 	9909	9881	9883
f 	9909	9883	9884
f 	9909	9884	9885
f 	9909	9885	9887
f 	9909	9887	9897
f 	9909	9897	9898
f 	9909	9898	9899
f 	9909	9899	9901
f 	9909	9901	9907
f 	10889	10686	10871
f 	14279	14425	14424
f 	14279	14424	14280
f 	9259	9249	9251
f 	9259	9251	9258
f 	13116	13114	13115
f 	10578	12115	10582
f 	9128	9127	9089
f 	9128	9089	9088
f 	10803	10804	10802
f 	11274	11256	11268
f 	10769	10781	10780
f 	15664	15663	15715
f 	15664	15715	15736
f 	15976	15975	16027
f 	15976	16027	16048
f 	15742	15741	15690
f 	15742	15690	15689
f 	16054	16053	16002
f 	16054	16002	16001
f 	12332	12333	12375
f 	12340	12341	12339
f 	9363	9384	9351
f 	9363	9351	9354
f 	12347	12346	12345
f 	10691	10866	10867
f 	10691	10867	10687
f 	10865	10863	10869
f 	10865	10869	10868
f 	16749	16750	17701
f 	16749	17701	16751
f 	17521	17383	17382
f 	17521	17382	17520
f 	17537	17387	17386
f 	17537	17386	17536
f 	17211	17694	17697
f 	17211	17697	17212
f 	17484	17434	17433
f 	17484	17433	17483
f 	17219	17648	17670
f 	17219	17670	17220
f 	17581	17430	17429
f 	17581	17429	17468
f 	17221	17643	17672
f 	17221	17672	17222
f 	17237	17234	17223
f 	17237	17223	17236
f 	17579	17426	17574
f 	17579	17574	17580
f 	17556	17400	17399
f 	17556	17399	17555
f 	17207	17681	17682
f 	17207	17682	17208
f 	17184	17183	17185
f 	17184	17185	17186
f 	17513	17379	17378
f 	17513	17378	17512
f 	17549	17396	17395
f 	17549	17395	17548
f 	17205	17675	17700
f 	17205	17700	17206
f 	17565	17404	17403
f 	17565	17403	17564
f 	16781	16780	16782
f 	16781	16782	16783
f 	17437	17367	17366
f 	17437	17366	17438
f 	17217	17653	17669
f 	17217	17669	17218
f 	17497	17371	17370
f 	17497	17370	17496
f 	17509	17375	17374
f 	17509	17374	17508
f 	17215	17660	17661
f 	17215	17661	17216
f 	17213	17666	17668
f 	17213	17668	17214
f 	17543	17392	17391
f 	17543	17391	17541
f 	17209	17688	17698
f 	17209	17698	17210
f 	2334	2354	2335
f 	6107	6102	6106
f 	2769	2803	2770
f 	6584	6579	6583
f 	6468	6471	6470
f 	2763	2762	2807
f 	2328	2327	2358
f 	6137	6133	6132
f 	9862	9863	9864
f 	9862	9864	9858
f 	9862	9858	9859
f 	9862	9859	9861
f 	2773	2782	2774
f 	6591	6590	6589
f 	2770	2801	2771
f 	6586	6585	6584
f 	6108	6101	6107
f 	2335	2352	2336
f 	2327	2326	2359
f 	2762	2761	2808
f 	2757	2760	2754
f 	6138	6134	6133
f 	6472	6473	6471
f 	6477	6478	6476
f 	2338	2347	2339
f 	6111	6099	6110
f 	2322	2325	2319
f 	6120	6125	6124
f 	9760	9761	9762
f 	9760	9762	9756
f 	9760	9756	9757
f 	9760	9757	9759
f 	9556	9557	9558
f 	9556	9558	9552
f 	9556	9552	9553
f 	9556	9553	9555
f 	9658	9659	9660
f 	9658	9660	9654
f 	9658	9654	9655
f 	9658	9655	9657
f 	9454	9455	9456
f 	9454	9456	9450
f 	9454	9450	9451
f 	9454	9451	9453
f 	29	28	30
f 	14956	14955	14957
f 	6587	6585	6586
f 	2771	2801	2772
f 	2336	2352	2337
f 	6109	6101	6108
f 	2326	2323	2320
f 	6122	6135	6134
f 	2758	2757	2755
f 	2761	2758	2755
f 	6474	6475	6473
f 	6474	6476	6475
f 	6110	6100	6109
f 	2323	2322	2320
f 	2337	2350	2338
f 	2772	2800	2773
f 	6122	6124	6135
f 	6589	6588	6587
f 	9136	9135	9082
f 	9136	9082	9081
f 	12342	12344	12343
f 	7672	7669	7668
f 	7672	7668	7673
f 	16658	16694	16711
f 	16658	16711	16659
f 	16509	16482	16508
f 	16509	16508	16513
f 	16543	16577	16596
f 	16543	16596	16544
f 	16624	16597	16623
f 	16624	16623	16628
f 	16663	16707	16706
f 	16663	16706	16664
f 	16517	16504	16503
f 	16517	16503	16518
f 	16548	16592	16591
f 	16548	16591	16549
f 	16632	16619	16618
f 	16632	16618	16633
f 	11001	10994	10720
f 	8538	8283	8539
f 	9123	9093	9092
f 	9123	9092	9124
f 	4606	4403	4404
f 	5911	5633	5634
f 	833	841	834
f 	1879	1887	1880
f 	508	347	346
f 	1979	1634	1633
f 	4124	4123	4134
f 	5427	5426	5437
f 	398	397	536
f 	1686	1685	2064
f 	4353	4354	4355
f 	5576	5577	5578
f 	3293	3292	3684
f 	7416	7411	7410
f 	3675	3241	3240
f 	6931	7038	6934
f 	528	381	380
f 	1973	1669	1668
f 	4336	4335	4346
f 	5445	5560	5444
f 	3678	3264	3263
f 	6924	6923	7434
f 	3475	3469	3476
f 	7204	7216	7205
f 	854	848	855
f 	1902	1896	1903
f 	4620	4407	4408
f 	5886	5637	5638
f 	3452	3460	3453
f 	7273	7272	7271
f 	3681	3276	3275
f 	7418	7422	7431
f 	3651	3650	3660
f 	6939	6941	6942
f 	3433	3441	3434
f 	7284	7283	7281
f 	814	823	815
f 	1858	1868	1859
f 	4563	4399	4400
f 	5925	5629	5630
f 	4193	4192	4349
f 	5441	5546	5440
f 	519	369	368
f 	1976	1657	1656
f 	320	319	496
f 	2006	2005	2015
f 	4101	4103	4104
f 	5389	5391	5392
f 	3314	3312	3690
f 	7326	7325	7327
f 	4365	4366	4367
f 	5589	5590	5591
f 	548	552	547
f 	2068	2067	2066
f 	8557	8559	8560
f 	8557	8560	8558
f 	2186	2185	2252
f 	6048	5995	5994
f 	2187	2192	2193
f 	6002	6000	5996
f 	2875	2837	2876
f 	6508	6509	6510
f 	2873	2881	2872
f 	6519	6517	6513
f 	9610	9604	9609
f 	9610	9609	9611
f 	9514	9541	9539
f 	9514	9539	9515
f 	9508	9502	9507
f 	9508	9507	9509
f 	9616	9643	9641
f 	9616	9641	9617
f 	9582	9583	9584
f 	9582	9584	9585
f 	9786	9787	9788
f 	9786	9788	9789
f 	9684	9685	9686
f 	9684	9686	9687
f 	9456	9461	9447
f 	9456	9447	9450
f 	9502	9503	9506
f 	9502	9506	9507
f 	9888	9889	9890
f 	9888	9890	9891
f 	9480	9481	9482
f 	9480	9482	9483
f 	9540	9452	9449
f 	9540	9449	9448
f 	9744	9656	9653
f 	9744	9653	9652
f 	9642	9554	9551
f 	9642	9551	9550
f 	9752	9768	9769
f 	9752	9769	9770
f 	9650	9666	9667
f 	9650	9667	9668
f 	9548	9564	9565
f 	9548	9565	9566
f 	9820	9847	9845
f 	9820	9845	9821
f 	9596	9586	9587
f 	9596	9587	9597
f 	9800	9790	9791
f 	9800	9791	9801
f 	9698	9688	9689
f 	9698	9689	9699
f 	9715	9748	9747
f 	9715	9747	9716
f 	9817	9850	9849
f 	9817	9849	9818
f 	9511	9544	9543
f 	9511	9543	9512
f 	9613	9646	9645
f 	9613	9645	9614
f 	9919	9952	9951
f 	9919	9951	9920
f 	9912	9904	9905
f 	9912	9905	9913
f 	9452	9453	9451
f 	9452	9451	9449
f 	9504	9496	9497
f 	9504	9497	9505
f 	9718	9745	9743
f 	9718	9743	9719
f 	9922	9949	9947
f 	9922	9947	9923
f 	9846	9758	9755
f 	9846	9755	9754
f 	9948	9860	9857
f 	9948	9857	9856
f 	9712	9706	9711
f 	9712	9711	9713
f 	9814	9808	9813
f 	9814	9813	9815
f 	9916	9910	9915
f 	9916	9915	9917
f 	9786	9773	9774
f 	9786	9774	9787
f 	9582	9569	9570
f 	9582	9570	9583
f 	9684	9671	9672
f 	9684	9672	9685
f 	9716	9747	9746
f 	9716	9746	9717
f 	9818	9849	9848
f 	9818	9848	9819
f 	9920	9951	9950
f 	9920	9950	9921
f 	9480	9467	9468
f 	9480	9468	9481
f 	9512	9543	9542
f 	9512	9542	9513
f 	9614	9645	9644
f 	9614	9644	9615
f 	9888	9875	9876
f 	9888	9876	9889
f 	9869	9870	9854
f 	9869	9854	9855
f 	9461	9462	9446
f 	9461	9446	9447
f 	9816	9851	9850
f 	9816	9850	9817
f 	9668	9667	9669
f 	9668	9669	9670
f 	9770	9769	9771
f 	9770	9771	9772
f 	9554	9555	9553
f 	9554	9553	9551
f 	9860	9861	9859
f 	9860	9859	9857
f 	9708	9700	9701
f 	9708	9701	9709
f 	9810	9802	9803
f 	9810	9803	9811
f 	9714	9749	9748
f 	9714	9748	9715
f 	9918	9953	9952
f 	9918	9952	9919
f 	9566	9565	9567
f 	9566	9567	9568
f 	9446	9462	9463
f 	9446	9463	9464
f 	9854	9870	9871
f 	9854	9871	9872
f 	9494	9484	9485
f 	9494	9485	9495
f 	9902	9892	9893
f 	9902	9893	9903
f 	9558	9563	9549
f 	9558	9549	9552
f 	9660	9665	9651
f 	9660	9651	9654
f 	9604	9605	9608
f 	9604	9608	9609
f 	9706	9707	9710
f 	9706	9710	9711
f 	9808	9809	9812
f 	9808	9812	9813
f 	9910	9911	9914
f 	9910	9914	9915
f 	9809	9810	9811
f 	9809	9811	9812
f 	9707	9708	9709
f 	9707	9709	9710
f 	9605	9606	9607
f 	9605	9607	9608
f 	9656	9657	9655
f 	9656	9655	9653
f 	9606	9598	9599
f 	9606	9599	9607
f 	9758	9759	9757
f 	9758	9757	9755
f 	9510	9545	9544
f 	9510	9544	9511
f 	9612	9647	9646
f 	9612	9646	9613
f 	9496	9494	9495
f 	9496	9495	9497
f 	9598	9596	9597
f 	9598	9597	9599
f 	9904	9902	9903
f 	9904	9903	9905
f 	9464	9463	9465
f 	9464	9465	9466
f 	9872	9871	9873
f 	9872	9873	9874
f 	9762	9767	9753
f 	9762	9753	9756
f 	9802	9800	9801
f 	9802	9801	9803
f 	9700	9698	9699
f 	9700	9699	9701
f 	9484	9483	9482
f 	9484	9482	9485
f 	9892	9891	9890
f 	9892	9890	9893
f 	9665	9666	9650
f 	9665	9650	9651
f 	9563	9564	9548
f 	9563	9548	9549
f 	9767	9768	9752
f 	9767	9752	9753
f 	9947	9948	9856
f 	9947	9856	9923
f 	9845	9846	9754
f 	9845	9754	9821
f 	9743	9744	9652
f 	9743	9652	9719
f 	9916	9917	9953
f 	9916	9953	9918
f 	9712	9713	9749
f 	9712	9749	9714
f 	9814	9815	9851
f 	9814	9851	9816
f 	9911	9912	9913
f 	9911	9913	9914
f 	9921	9950	9949
f 	9921	9949	9922
f 	9717	9746	9745
f 	9717	9745	9718
f 	9819	9848	9847
f 	9819	9847	9820
f 	9688	9687	9686
f 	9688	9686	9689
f 	9790	9789	9788
f 	9790	9788	9791
f 	9864	9869	9855
f 	9864	9855	9858
f 	9513	9542	9541
f 	9513	9541	9514
f 	9615	9644	9643
f 	9615	9643	9616
f 	9586	9585	9584
f 	9586	9584	9587
f 	9875	9874	9873
f 	9875	9873	9876
f 	9569	9568	9567
f 	9569	9567	9570
f 	9773	9772	9771
f 	9773	9771	9774
f 	9467	9466	9465
f 	9467	9465	9468
f 	9671	9670	9669
f 	9671	9669	9672
f 	9641	9642	9550
f 	9641	9550	9617
f 	9539	9540	9448
f 	9539	9448	9515
f 	9508	9509	9545
f 	9508	9545	9510
f 	9610	9611	9647
f 	9610	9647	9612
f 	9503	9504	9505
f 	9503	9505	9506
f 	8186	8183	8455
f 	8186	8455	8188
f 	12005	11999	12001
f 	12005	12001	12006
f 	12002	12003	12000
f 	12002	12000	10593
f 	10805	10804	10803
f 	12336	12339	12338
f 	12375	12334	12376
f 	9194	9188	9186
f 	9194	9186	9193
f 	10625	10624	10623
f 	9083	9134	9133
f 	9083	9133	9084
f 	9067	9105	9106
f 	9067	9106	9068
f 	9192	9191	9190
f 	9192	9190	9189
f 	9326	9339	9341
f 	9326	9341	9343
f 	9322	9321	9323
f 	9322	9323	9324
f 	9346	9225	9303
f 	9346	9303	9347
f 	12250	12233	12264
f 	9185	9186	9188
f 	9185	9188	9187
f 	9322	9324	9325
f 	9322	9325	9320
f 	17038	17027	17034
f 	17112	17111	17110
f 	16662	16708	16707
f 	16662	16707	16663
f 	16516	16505	16504
f 	16516	16504	16517
f 	16547	16593	16592
f 	16547	16592	16548
f 	16659	16711	16710
f 	16659	16710	16660
f 	16631	16620	16619
f 	16631	16619	16632
f 	16513	16508	16507
f 	16513	16507	16514
f 	16544	16596	16595
f 	16544	16595	16545
f 	16628	16623	16622
f 	16628	16622	16629
f 	12271	12276	12277
f 	12303	12304	12302
f 	12305	12306	12304
f 	12301	12302	12299
f 	12266	12284	12285
f 	12298	12299	12297
f 	12285	12286	12287
f 	12296	12297	12294
f 	9193	9200	9199
f 	9193	9199	9194
f 	7674	7721	7720
f 	7674	7720	7675
f 	10805	10806	10804
f 	12132	12133	12131
f 	12132	12131	12130
f 	9994	9995	10005
f 	9994	10005	10006
f 	12136	12137	12135
f 	12136	12135	12134
f 	12161	12164	12163
f 	12161	12163	12162
f 	10005	9995	9996
f 	10005	9996	10004
f 	12134	12135	12133
f 	12134	12133	12132
f 	13265	13174	13264
f 	13810	13700	13811
f 	13343	13345	13344
f 	13885	13790	13789
f 	13261	13465	13464
f 	13261	13464	13260
f 	13990	14048	14047
f 	13990	14047	13989
f 	9339	9340	9342
f 	9339	9342	9341
f 	10866	10864	10865
f 	8125	8111	8126
f 	8128	8129	8127
f 	8171	8157	8172
f 	8174	8175	8173
f 	9323	9321	9342
f 	9323	9342	9340
f 	10470	10466	10469
f 	14248	14247	14237
f 	14248	14237	14238
f 	14248	14238	14249
f 	9069	9107	9108
f 	9069	9108	9070
f 	3235	3234	3232
f 	7053	7035	7055
f 	656	452	657
f 	1800	1740	1799
f 	4445	4275	4446
f 	5862	5695	5861
f 	652	450	653
f 	1804	1738	1803
f 	4449	4277	4450
f 	5858	5697	5857
f 	3403	3213	3402
f 	7133	7072	7132
f 	16660	16710	16709
f 	16660	16709	16661
f 	4453	4279	4454
f 	5854	5699	5853
f 	7125	7076	7124
f 	648	448	649
f 	1808	1736	1807
f 	3411	3209	3410
f 	665	456	666
f 	1791	1744	1790
f 	4438	4271	4429
f 	5869	5691	5660
f 	7142	7068	7141
f 	3394	3217	3393
f 	16661	16709	16708
f 	16661	16708	16662
f 	16514	16507	16506
f 	16514	16506	16515
f 	16545	16595	16594
f 	16545	16594	16546
f 	359	372	355
f 	1647	1660	1643
f 	4328	4189	4325
f 	5730	5543	5729
f 	16515	16506	16505
f 	16515	16505	16516
f 	16546	16594	16593
f 	16546	16593	16547
f 	660	454	661
f 	1796	1742	1795
f 	4441	4273	4442
f 	5866	5693	5865
f 	3254	3267	3250
f 	7048	6919	6916
f 	16629	16622	16621
f 	16629	16621	16630
f 	16630	16621	16620
f 	16630	16620	16631
f 	3399	3215	3398
f 	7137	7070	7136
f 	6905	6904	6903
f 	3299	3286	3285
f 	3283	3269	3252
f 	6909	6910	6908
f 	7129	7074	7128
f 	3407	3211	3406
f 	404	391	390
f 	1692	1679	1678
f 	4317	4316	4315
f 	5725	5585	5724
f 	341	340	338
f 	1628	1627	1625
f 	4174	4120	4184
f 	5536	5423	5538
f 	4321	4322	4320
f 	5728	5557	5727
f 	388	374	357
f 	1676	1662	1645
f 	10746	11529	10734
f 	12517	12499	12518
f 	12498	12520	12519
f 	12461	12653	12720
f 	12722	12462	12723
f 	12777	12760	12778
f 	12759	12780	12779
f 	12408	12893	12979
f 	12981	12409	12983
f 	13209	13350	13340
f 	13736	13775	13761
f 	13171	13207	13173
f 	13697	13733	13699
f 	9191	9192	9199
f 	9191	9199	9200
f 	10843	10846	10847
f 	10843	10847	10844
f 	10845	10853	10838
f 	10845	10838	10837
f 	14684	14687	14688
f 	14684	14688	14689
f 	14683	14682	14676
f 	14683	14676	14675
f 	10469	14671	14670
f 	10469	14670	10470
f 	14667	10471	14668
f 	14667	14668	14669
f 	10826	10825	10821
f 	10826	10821	10827
f 	10828	10829	10822
f 	10828	10822	10824
f 	10848	10841	10830
f 	10848	10830	10849
f 	10851	10850	10840
f 	10851	10840	10839
f 	14680	14679	14678
f 	14680	14678	14677
f 	14691	14690	14666
f 	14691	14666	14665
f 	17038	17002	17027
f 	16929	17110	17111
f 	7804	7808	7815
f 	7804	7815	7803
f 	8547	8546	8322
f 	8547	8322	8548
f 	7666	7743	7742
f 	7666	7742	7667
f 	13181	13189	13183
f 	13312	13182	13184
f 	13354	13361	13355
f 	13678	13328	13356
f 	13707	13715	13709
f 	13825	13708	13710
f 	13889	13896	13890
f 	14186	13745	13891
f 	9983	9996	9995
f 	11938	11937	11936
f 	11938	11936	11940
f 	9190	9185	9187
f 	9190	9187	9189
f 	10807	10806	10805
f 	12198	12193	12199
f 	12204	12240	12239
f 	10745	10749	10746
f 	10747	11296	10748
f 	9343	9320	9325
f 	9343	9325	9326
f 	13112	12234	13113
f 	15618	15619	15620
f 	15618	15620	15621
f 	15618	15621	15603
f 	15618	15603	15604
f 	15618	15604	15605
f 	15618	15605	15602
f 	15618	15602	15601
f 	15618	15601	15606
f 	15618	15606	15607
f 	15618	15607	15608
f 	15618	15608	15609
f 	15618	15609	15610
f 	15618	15610	15611
f 	15618	15611	15612
f 	15618	15612	15613
f 	15618	15613	15614
f 	15618	15614	15615
f 	15618	15615	15616
f 	15618	15616	15617
f 	8644	8647	8662
f 	8644	8662	8648
f 	2223	2227	2225
f 	6150	6165	6163
f 	2722	2717	2710
f 	6572	6633	6650
f 	2840	2879	2839
f 	2999	2904	2906
f 	6504	6505	6503
f 	6664	6656	6665
f 	1107	1012	1014
f 	4814	4806	4815
f 	2257	2256	2255
f 	6082	6083	6055
f 	7854	7782	7872
f 	10473	10472	10471
f 	10700	10561	10822
f 	10195	10272	10335
f 	14513	14558	14557
f 	10275	10194	10334
f 	14541	14514	14542
f 	13173	13207	13206
f 	13209	13340	13210
f 	13699	13733	13732
f 	13736	13761	13737
f 	9983	9995	9994
f 	9062	9099	9101
f 	9062	9101	9063
f 	4102	4101	4100
f 	5390	5389	5388
f 	495	496	503
f 	1980	2015	2016
f 	6940	6939	6936
f 	3662	3660	3661
f 	334	329	333
f 	1998	1997	1990
f 	4037	4087	4086
f 	5518	5523	5528
f 	3642	3643	3708
f 	6973	7023	7022
f 	12345	12344	12342
f 	372	345	352
f 	1660	1632	1640
f 	4188	4125	4189
f 	5542	5428	5543
f 	7047	6926	6919
f 	3267	3239	3247
f 	374	367	360
f 	1662	1655	1648
f 	4323	4194	4322
f 	5556	5547	5557
f 	3269	3262	3255
f 	6911	6912	6910
f 	4119	4107	4120
f 	5422	5395	5423
f 	340	318	325
f 	1627	1637	2012
f 	3234	3244	3657
f 	7034	6945	7035
f 	3412	3201	3411
f 	7124	7095	7122
f 	4454	4455	4568
f 	5853	5824	5851
f 	816	643	648
f 	1846	1809	1808
f 	10807	10808	10806
f 	314	312	313
f 	1999	2001	2000
f 	4177	4112	4176
f 	5417	5400	5418
f 	3421	3601	3200
f 	7096	7108	7110
f 	888	909	642
f 	1840	1837	1811
f 	4575	4585	4578
f 	5825	5837	5839
f 	3644	3646	3645
f 	7029	6950	7030
f 	898	893	802
f 	1833	2110	1832
f 	4551	4553	4552
f 	5931	5935	5834
f 	3663	3665	3664
f 	6959	6958	6938
f 	4118	4090	4098
f 	5409	5408	5386
f 	301	306	497
f 	1981	2018	2017
f 	3594	3592	3588
f 	7294	7299	7105
f 	13661	13662	13667
f 	13661	13667	13660
f 	14199	14200	14205
f 	14199	14205	14206
f 	13327	13414	13413
f 	13327	13413	13309
f 	13742	13873	13872
f 	13742	13872	13743
f 	13326	13327	13309
f 	13326	13309	13310
f 	13326	13310	13212
f 	13326	13212	13325
f 	13717	13739	13740
f 	13717	13740	13741
f 	13717	13741	13742
f 	13717	13742	13743
f 	13717	13743	13744
f 	13717	13744	13716
f 	13668	13669	13666
f 	13668	13666	13663
f 	14207	14208	14204
f 	14207	14204	14201
f 	13662	13663	13666
f 	13662	13666	13667
f 	14200	14201	14204
f 	14200	14204	14205
f 	13414	13661	13660
f 	13414	13660	13413
f 	13873	14199	14206
f 	13873	14206	13872
f 	9119	9097	9096
f 	9119	9096	9120
f 	9122	9094	9093
f 	9122	9093	9123
f 	9118	9098	9097
f 	9118	9097	9119
f 	9120	9096	9095
f 	9120	9095	9121
f 	9126	9090	9089
f 	9126	9089	9127
f 	9124	9092	9091
f 	9124	9091	9125
f 	9099	9062	9061
f 	9099	9061	9100
f 	10050	10641	10640
f 	8288	8287	8279
f 	8288	8279	8280
f 	3263	3333	3678
f 	7434	7247	6924
f 	368	512	519
f 	1656	1558	1976
f 	4349	4207	4193
f 	5440	5366	5441
f 	3324	3690	3312
f 	7325	7326	7253
f 	380	515	528
f 	1668	1559	1973
f 	4346	4209	4336
f 	5444	5369	5445
f 	534	547	552
f 	1968	2066	2067
f 	4366	4365	4213
f 	5590	5589	5451
f 	6934	6933	6931
f 	3240	3335	3675
f 	3275	3331	3681
f 	7431	7249	7418
f 	4354	4353	4211
f 	5577	5576	5448
f 	531	536	397
f 	1970	2064	1685
f 	3329	3684	3292
f 	7411	7416	7251
f 	346	509	508
f 	1633	1562	1979
f 	4134	4204	4124
f 	5437	5370	5427
f 	10809	10808	10807
f 	10035	10100	10099
f 	10035	10099	10036
f 	11295	11296	11294
f 	11295	11294	10749
f 	11315	11317	11318
f 	11315	11318	11316
f 	11321	11323	11324
f 	11321	11324	11322
f 	11327	11329	11330
f 	11327	11330	11328
f 	11333	11335	11336
f 	11333	11336	11334
f 	11305	11339	11285
f 	11305	11285	10758
f 	11302	11342	11288
f 	11302	11288	10755
f 	11299	11345	11291
f 	11299	11291	10752
f 	6985	6983	6986
f 	3363	3351	3352
f 	685	487	488
f 	1590	1578	1579
f 	4049	4047	4050
f 	5509	5501	5500
f 	3368	3367	3358
f 	7001	6999	7002
f 	724	698	699
f 	1595	1594	1585
f 	4065	4063	4066
f 	5490	5491	5489
f 	473	298	299
f 	1569	1988	1982
f 	4032	4030	4033
f 	5379	5380	5378
f 	633	800	634
f 	1815	1824	1816
f 	4395	4396	4534
f 	5625	5626	5818
f 	3191	3587	3192
f 	7092	7293	7093
f 	6968	6966	6969
f 	3342	3673	3674
f 	10233	10193	10194
f 	14513	14569	14522
f 	10195	10380	10232
f 	14517	14516	14514
f 	8225	8427	8440
f 	8225	8440	8439
f 	2530	2529	2528
f 	2569	2570	2571
f 	6375	6376	6377
f 	6378	6379	6380
f 	110	109	108
f 	151	152	153
f 	1375	1374	1373
f 	1416	1417	1418
f 	3881	3882	3883
f 	5221	5222	5223
f 	3884	3885	3886
f 	5224	5225	5226
f 	133	132	131
f 	198	196	197
f 	1398	1397	1396
f 	1463	1461	1462
f 	3859	3860	3861
f 	3930	3929	3931
f 	5199	5200	5201
f 	5270	5269	5271
f 	2553	2552	2551
f 	2616	2614	2615
f 	6353	6354	6355
f 	6424	6423	6425
f 	2789	2840	2842
f 	6602	6503	6603
f 	2258	2257	2259
f 	6079	6055	6054
f 	2741	2745	2743
f 	6501	6500	6498
f 	2265	2310	2261
f 	6081	6092	6086
f 	315	312	314
f 	315	314	316
f 	795	796	787
f 	795	787	794
f 	7024	7028	7487
f 	7024	7487	7023
f 	3720	3717	3643
f 	3720	3643	3725
f 	417	419	420
f 	417	420	418
f 	3127	3129	3130
f 	3127	3130	3128
f 	7399	7398	7350
f 	7399	7350	7349
f 	7098	7102	7111
f 	7098	7111	7097
f 	3605	3198	3199
f 	3605	3199	3603
f 	7035	7042	7490
f 	7035	7490	7055
f 	3236	3234	3235
f 	3236	3235	3237
f 	906	640	641
f 	906	641	908
f 	824	825	827
f 	824	827	828
f 	817	648	649
f 	817	649	822
f 	7124	7448	7450
f 	7124	7450	7125
f 	503	504	505
f 	503	505	495
f 	3435	3411	3410
f 	3435	3410	3440
f 	835	652	653
f 	835	653	840
f 	689	688	682
f 	689	682	916
f 	5400	5399	5419
f 	5400	5419	5418
f 	2002	2001	1999
f 	2002	1999	2003
f 	4112	4111	4181
f 	4112	4181	4176
f 	6993	6992	7495
f 	6993	7495	7014
f 	3732	3731	3637
f 	3732	3637	3735
f 	7201	7207	7133
f 	7201	7133	7132
f 	3481	3477	3403
f 	3481	3403	3402
f 	860	856	656
f 	860	656	657
f 	5946	5947	5948
f 	5946	5948	5623
f 	2117	2116	2099
f 	2117	2099	2118
f 	4541	4542	4543
f 	4541	4543	4393
f 	486	484	485
f 	486	485	488
f 	877	880	881
f 	877	881	878
f 	6981	6984	6985
f 	6981	6985	6982
f 	3350	3348	3349
f 	3350	3349	3352
f 	5743	5741	5742
f 	5743	5742	5744
f 	1705	1707	1708
f 	1705	1708	1706
f 	4476	4474	4475
f 	4476	4475	4477
f 	7006	7154	7153
f 	7006	7153	7007
f 	731	727	726
f 	731	726	678
f 	3381	3376	3375
f 	3381	3375	3382
f 	770	766	665
f 	770	665	666
f 	7180	7186	7142
f 	7180	7142	7141
f 	3501	3497	3394
f 	3501	3394	3393
f 	5827	5831	5840
f 	5827	5840	5826
f 	1834	1813	1812
f 	1834	1812	1836
f 	4587	4590	4593
f 	4587	4593	4586
f 	722	718	717
f 	722	717	674
f 	7158	7165	7150
f 	7158	7150	7159
f 	3522	3518	3517
f 	3522	3517	3385
f 	1870	1871	1873
f 	1870	1873	1874
f 	5914	5631	5632
f 	5914	5632	5915
f 	4612	4401	4402
f 	4612	4402	4613
f 	755	759	760
f 	755	760	756
f 	7473	7474	7472
f 	7473	7472	7471
f 	748	744	743
f 	748	743	670
f 	3544	3548	3549
f 	3544	3549	3545
f 	697	695	696
f 	697	696	699
f 	6997	7000	7001
f 	6997	7001	6998
f 	3366	3365	3360
f 	3366	3360	3358
f 	5853	5921	5919
f 	5853	5919	5854
f 	4454	4567	4570
f 	4454	4570	4453
f 	1862	1808	1807
f 	1862	1807	1867
f 	2016	2034	2035
f 	2016	2035	1980
f 	5435	5390	5388
f 	5435	5388	5436
f 	4132	4102	4100
f 	4132	4100	4133
f 	705	709	710
f 	705	710	706
f 	7463	7232	7462
f 	7463	7462	7461
f 	3530	3524	3523
f 	3530	3523	3526
f 	637	630	629
f 	637	629	646
f 	540	537	530
f 	540	530	529
f 	5857	5907	5905
f 	5857	5905	5858
f 	4450	4603	4608
f 	4450	4608	4449
f 	1881	1804	1803
f 	1881	1803	1886
f 	7468	7229	7467
f 	7468	7467	7466
f 	750	738	735
f 	750	735	736
f 	3537	3536	3534
f 	3537	3534	3535
f 	5507	5506	5951
f 	5507	5951	5682
f 	4057	4056	4651
f 	4057	4651	4078
f 	2046	2045	2044
f 	2046	2044	2047
f 	6954	6957	6959
f 	6954	6959	6955
f 	3726	3727	3729
f 	3726	3729	3664
f 	617	616	615
f 	617	615	618
f 	6903	6904	6902
f 	6903	6902	6901
f 	3286	3299	3298
f 	3286	3298	3295
f 	869	865	660
f 	869	660	661
f 	391	404	403
f 	391	403	400
f 	7441	7442	7440
f 	7441	7440	7308
f 	7190	7196	7137
f 	7190	7137	7136
f 	3491	3487	3399
f 	3491	3399	3398
f 	7084	7085	7081
f 	7084	7081	7079
f 	3195	3188	3187
f 	3195	3187	3205
f 	3711	3710	3641
f 	3711	3641	3716
f 	6977	6976	7019
f 	6977	7019	7018
f 	3618	3617	3585
f 	3618	3585	3619
f 	7218	7219	7485
f 	7218	7485	7484
f 	477	476	468
f 	477	468	471
f 	3634	3630	3631
f 	3634	3631	3632
f 	7169	7176	7146
f 	7169	7146	7170
f 	3512	3508	3507
f 	3512	3507	3389
f 	5883	5888	5862
f 	5883	5862	5861
f 	4617	4623	4445
f 	4617	4445	4446
f 	1908	1904	1800
f 	1908	1800	1799
f 	7414	7417	7419
f 	7414	7419	7415
f 	3688	3686	3683
f 	3688	3683	3682
f 	524	526	517
f 	524	517	518
f 	7387	7386	7391
f 	7387	7391	7390
f 	6908	6910	7426
f 	6908	7426	7439
f 	3269	3283	3282
f 	3269	3282	3279
f 	3175	3174	3173
f 	3175	3173	3176
f 	7379	7378	7377
f 	7379	7377	7312
f 	3623	3622	3583
f 	3623	3583	3624
f 	7480	7481	7479
f 	7480	7479	7478
f 	874	871	870
f 	874	870	872
f 	3552	3555	3556
f 	3552	3556	3553
f 	558	559	556
f 	558	556	555
f 	7300	7301	7299
f 	7300	7299	7298
f 	7324	7340	7339
f 	7324	7339	7338
f 	3320	3321	3318
f 	3320	3318	3317
f 	3595	3596	3593
f 	3595	3593	3592
f 	498	499	501
f 	498	501	497
f 	896	895	894
f 	896	894	893
f 	365	372	359
f 	365	359	362
f 	374	388	387
f 	374	387	384
f 	792	791	581
f 	792	581	793
f 	7213	7214	7212
f 	7213	7212	7211
f 	3468	3463	3465
f 	3468	3465	3466
f 	847	842	844
f 	847	844	845
f 	7429	7432	7433
f 	7429	7433	7430
f 	3699	3697	3680
f 	3699	3680	3679
f 	5511	5510	5509
f 	5511	5509	5512
f 	1577	1575	1576
f 	1577	1576	1579
f 	2180	2176	2177
f 	2180	2177	2178
f 	5639	5640	5895
f 	5639	5895	5894
f 	4045	4048	4049
f 	4045	4049	4046
f 	4409	4410	4630
f 	4409	4630	4629
f 	3158	3160	3161
f 	3158	3161	3159
f 	7405	7394	7376
f 	7405	7376	7375
f 	7278	7280	7282
f 	7278	7282	7279
f 	6929	6932	7435
f 	6929	7435	6930
f 	602	604	605
f 	602	605	603
f 	585	576	588
f 	585	588	589
f 	6919	6920	6917
f 	6919	6917	6916
f 	3260	3267	3254
f 	3260	3254	3257
f 	7316	7366	7365
f 	7316	7365	7364
f 	3443	3444	3446
f 	3443	3446	3447
f 	3626	3581	3628
f 	3626	3628	3629
f 	3676	3702	3703
f 	3676	3703	3677
f 	542	543	535
f 	542	535	541
f 	309	308	329
f 	309	329	331
f 	3303	3302	3304
f 	3303	3304	3305
f 	6891	6892	6890
f 	6891	6890	6889
f 	6964	6967	6968
f 	6964	6968	6965
f 	3672	3670	3671
f 	3672	3671	3674
f 	3647	3646	3644
f 	3647	3644	3648
f 	6950	6949	7031
f 	6950	7031	7030
f 	7128	7455	7457
f 	7128	7457	7129
f 	3454	3407	3406
f 	3454	3406	3459
f 	3422	3421	3200
f 	3422	3200	3613
f 	7110	7113	7114
f 	7110	7114	7096
f 	510	523	520
f 	510	520	511
f 	7331	7334	7436
f 	7331	7436	7332
f 	3694	3692	3689
f 	3694	3689	3695
f 	297	293	296
f 	297	296	299
f 	7304	7305	7306
f 	7304	7306	7293
f 	3611	3610	3587
f 	3611	3587	3612
f 	904	902	800
f 	904	800	905
f 	409	408	410
f 	409	410	411
f 	801	806	808
f 	801	808	809
f 	570	566	567
f 	570	567	568
f 	342	340	341
f 	342	341	343
f 	3143	3145	3146
f 	3143	3146	3144
f 	7289	7291	7292
f 	7289	7292	7290
f 	7320	7353	7352
f 	7320	7352	7351
f 	7402	7396	7363
f 	7402	7363	7362
f 	3578	3574	3575
f 	3578	3575	3576
f 	3424	3425	3427
f 	3424	3427	3428
f 	889	888	642
f 	889	642	914
f 	5954	5959	5678
f 	5954	5678	5955
f 	4070	4166	4165
f 	4070	4165	4071
f 	1608	1603	1602
f 	1608	1602	1609
f 	5659	5870	5869
f 	5659	5869	5660
f 	1927	1923	1791
f 	1927	1791	1790
f 	4428	4644	4438
f 	4428	4438	4429
f 	5963	5968	5673
f 	5963	5673	5964
f 	4156	4265	4264
f 	4156	4264	4157
f 	1751	1752	1750
f 	1751	1750	1613
f 	5972	5976	5668
f 	5972	5668	5973
f 	1940	1929	1928
f 	1940	1928	1931
f 	4256	4436	4435
f 	4256	4435	4257
f 	1786	1782	1781
f 	1786	1781	1787
f 	5655	5649	5651
f 	5655	5651	5654
f 	4424	4419	4421
f 	4424	4421	4423
f 	1593	1592	1587
f 	1593	1587	1585
f 	5493	5492	5490
f 	5493	5490	5494
f 	4061	4064	4065
f 	4061	4065	4062
f 	7045	6940	6936
f 	7045	6936	7046
f 	3661	3706	3707
f 	3661	3707	3662
f 	1768	1762	1761
f 	1768	1761	1764
f 	5983	5486	5985
f 	5983	5985	5984
f 	4152	4246	4150
f 	4152	4150	4149
f 	5811	5815	5822
f 	5811	5822	5810
f 	1821	1820	2171
f 	1821	2171	2172
f 	4528	4531	4537
f 	4528	4537	4458
f 	2060	2062	1971
f 	2060	1971	1972
f 	5572	5571	5446
f 	5572	5446	5447
f 	4360	4361	4351
f 	4360	4351	4352
f 	1935	1775	1772
f 	1935	1772	1773
f 	5978	5481	5980
f 	5978	5980	5979
f 	4252	4243	4251
f 	4252	4251	4250
f 	5793	5792	5798
f 	5793	5798	5797
f 	4518	4517	4520
f 	4518	4520	4462
f 	2124	2123	2130
f 	2124	2130	2129
f 	5874	5878	5866
f 	5874	5866	5865
f 	5724	5585	5584
f 	5724	5584	5723
f 	4636	4638	4441
f 	4636	4441	4442
f 	1918	1914	1796
f 	1918	1796	1795
f 	4315	4316	4314
f 	4315	4314	4313
f 	1679	1692	1691
f 	1679	1691	1688
f 	5522	5521	5532
f 	5522	5532	5531
f 	1994	1993	2038
f 	1994	2038	2039
f 	4041	4040	4083
f 	4041	4083	4082
f 	5569	5570	5442
f 	5569	5442	5443
f 	2056	2058	1974
f 	2056	1974	1975
f 	4344	4347	4348
f 	4344	4348	4345
f 	1943	1946	1947
f 	1943	1947	1944
f 	5644	5645	5899
f 	5644	5899	5898
f 	4414	4415	4641
f 	4414	4641	4640
f 	5607	5756	5606
f 	5607	5606	5605
f 	2083	2084	2081
f 	2083	2081	2080
f 	4377	4486	4376
f 	4377	4376	4375
f 	2029	2030	2032
f 	2029	2032	2017
f 	5404	5407	5409
f 	5404	5409	5405
f 	2112	2113	2111
f 	2112	2111	2110
f 	5939	5940	5935
f 	5939	5935	5938
f 	4115	4117	4118
f 	4115	4118	4116
f 	4596	4595	4553
f 	4596	4553	4597
f 	5543	5551	5735
f 	5543	5735	5729
f 	1653	1660	1647
f 	1653	1647	1650
f 	4189	4198	4326
f 	4189	4326	4325
f 	5727	5557	5566
f 	5727	5566	5738
f 	4320	4322	4341
f 	4320	4341	4648
f 	1662	1676	1675
f 	1662	1675	1672
f 	2166	2168	2095
f 	2166	2095	2167
f 	5785	5784	5783
f 	5785	5783	5619
f 	4511	4510	4509
f 	4511	4509	4389
f 	1895	1890	1892
f 	1895	1892	1893
f 	5635	5636	5893
f 	5635	5893	5892
f 	4405	4406	4628
f 	4405	4628	4627
f 	5807	5801	5782
f 	5807	5782	5781
f 	2159	2091	2157
f 	2159	2157	2156
f 	4523	4466	4508
f 	4523	4508	4507
f 	2143	2142	2139
f 	2143	2139	2138
f 	5615	5772	5771
f 	5615	5771	5770
f 	4385	4500	4499
f 	4385	4499	4498
f 	5415	5414	5524
f 	5415	5524	5523
f 	2073	2071	2065
f 	2073	2065	2074
f 	5595	5587	5586
f 	5595	5586	5588
f 	4088	4096	4179
f 	4088	4179	4087
f 	2023	2022	1997
f 	2023	1997	2028
f 	4371	4363	4362
f 	4371	4362	4364
f 	599	597	591
f 	599	591	596
f 	1978	2052	2054
f 	1978	2054	1977
f 	5554	5438	5439
f 	5554	5439	5555
f 	4201	4203	4350
f 	4201	4350	4202
f 	1986	1987	1983
f 	1986	1983	1982
f 	5382	5381	5379
f 	5382	5379	5383
f 	4027	4031	4032
f 	4027	4032	4028
f 	1826	1827	1824
f 	1826	1824	1825
f 	5934	5941	5942
f 	5934	5942	5626
f 	4545	4546	4544
f 	4545	4544	4396
f 	5718	5603	5602
f 	5718	5602	5717
f 	1697	1696	1698
f 	1697	1698	1699
f 	4303	4304	4302
f 	4303	4302	4301
f 	2101	2103	2104
f 	2101	2104	2105
f 	5928	5627	5628
f 	5928	5628	5929
f 	4557	4397	4398
f 	4557	4398	4559
f 	2162	2087	2164
f 	2162	2164	2165
f 	5611	5759	5758
f 	5611	5758	5757
f 	5423	5432	5539
f 	5423	5539	5538
f 	4120	4129	4185
f 	4120	4185	4184
f 	1629	1627	1628
f 	1629	1628	1630
f 	4381	4489	4488
f 	4381	4488	4487
f 	5839	5842	5843
f 	5839	5843	5825
f 	4578	4579	4576
f 	4578	4576	4575
f 	1851	1840	1811
f 	1851	1811	1856
f 	5804	5803	5769
f 	5804	5769	5768
f 	4526	4470	4497
f 	4526	4497	4496
f 	2153	2151	2146
f 	2153	2146	2150
f 	17404	17689	17405
f 	17214	17671	16802
f 	17400	17567	17401
f 	17220	17674	16796
f 	17222	17638	16794
f 	17392	17550	17393
f 	17218	17485	16798
f 	17216	17673	16800
f 	17212	17732	16805
f 	16778	16780	16781
f 	17374	17373	17508
f 	17185	16804	17186
f 	17394	17548	17395
f 	17391	17390	17541
f 	17398	17555	17399
f 	17211	16806	17694
f 	16749	16748	16750
f 	16789	17675	17205
f 	17210	17698	16807
f 	17213	16803	17666
f 	17378	17377	17512
f 	17387	17537	17388
f 	17383	17521	17384
f 	17375	17509	17376
f 	17439	17580	17574
f 	17237	16792	17234
f 	17579	17427	17426
f 	16793	17236	17223
f 	17433	17432	17483
f 	17429	17428	17468
f 	17209	16808	17688
f 	17381	17520	17382
f 	17701	16746	16751
f 	17367	17437	17368
f 	17217	16799	17653
f 	17215	16801	17660
f 	17371	17497	17372
f 	17366	17436	17438
f 	17370	17369	17496
f 	17402	17564	17403
f 	16753	17183	17184
f 	17513	17380	17379
f 	17430	17581	17431
f 	17221	16795	17643
f 	17434	17484	17435
f 	17219	16797	17648
f 	17549	17397	17396
f 	16810	17681	17207
f 	17386	17385	17536
f 	10701	10683	10702
f 	9438	9415	9419
f 	7791	7793	7801
f 	7791	7801	7800
f 	7791	7800	7816
f 	7791	7816	7817
f 	7791	7817	7779
f 	3664	3665	3726
f 	6957	6958	6959
f 	4117	4090	4118
f 	5407	5408	5409
f 	497	306	498
f 	2017	2018	2029
f 	896	893	898
f 	2112	2110	1833
f 	4552	4553	4595
f 	5834	5935	5940
f 	16372	16378	16376
f 	16315	16314	16312
f 	7105	7299	7301
f 	3595	3592	3594
f 	3565	3567	3192
f 	7092	7263	7265
f 	3340	3342	3339
f 	6937	6969	7238
f 	784	786	634
f 	1956	1958	1816
f 	4395	4223	4225
f 	5625	5461	5463
f 	480	473	479
f 	1567	1569	1566
f 	4099	4033	4138
f 	5374	5378	5376
f 	10811	10810	10809
f 	3645	3646	3718
f 	7025	6950	7029
f 	313	312	303
f 	2000	2001	2020
f 	4093	4112	4177
f 	5411	5400	5417
f 	3599	3601	3421
f 	7110	7108	7099
f 	912	909	888
f 	1841	1837	1840
f 	4578	4585	4584
f 	5839	5837	5828
f 	12111	12112	10572
f 	12111	10572	12108
f 	11236	11235	10724
f 	11236	10724	10730
f 	12498	12519	12518
f 	12498	12518	12499
f 	12461	12720	12723
f 	12461	12723	12462
f 	12759	12779	12778
f 	12759	12778	12760
f 	12408	12979	12983
f 	12408	12983	12409
f 	10809	10810	10808
f 	10701	10558	10557
f 	10468	10466	10467
f 	301	496	495
f 	1981	2015	1980
f 	4100	4101	4098
f 	5388	5389	5386
f 	3663	3660	3662
f 	6936	6939	6938
f 	13210	13340	13211
f 	13737	13761	13738
f 	13173	13206	13205
f 	13699	13732	13731
f 	3198	3189	3199
f 	7097	7086	7098
f 	640	631	641
f 	1813	1810	1812
f 	4586	4456	4587
f 	5826	5812	5827
f 	10813	10812	10811
f 	804	801	803
f 	1848	2101	2102
f 	4554	4397	4555
f 	5930	5627	5849
f 	3417	3424	3589
f 	7295	7291	7120
f 	10664	11533	11534
f 	16755	16764	16766
f 	16754	16755	17180
f 	17179	16755	17178
f 	17173	16755	17172
f 	17171	16755	17170
f 	17169	16755	17168
f 	17175	16755	17174
f 	17177	16755	17176
f 	13002	12998	13003
f 	13022	13024	13048
f 	10811	10812	10810
f 	10892	10687	10870
f 	11252	11251	11214
f 	11252	11214	11213
f 	7794	7795	7792
f 	7794	7792	7763
f 	7794	7763	7778
f 	7794	7778	7796
f 	7794	7796	7797
f 	11976	11971	11972
f 	11947	10597	11946
f 	10474	10472	10473
f 	10700	10554	10561
f 	12293	12294	12292
f 	12287	12289	12290
f 	12308	12309	12306
f 	13243	13245	13246
f 	13243	13246	13244
f 	13947	13949	13950
f 	13947	13950	13948
f 	10813	10814	10812
f 	15486	15481	15469
f 	11546	10639	11547
f 	4572	4455	4573
f 	4572	4573	4574
f 	5844	5824	5852
f 	5844	5852	5845
f 	882	883	884
f 	882	884	643
f 	3297	3300	3289
f 	3297	3289	3288
f 	6897	6898	6896
f 	6897	6896	6895
f 	4080	4649	4054
f 	4080	4054	4053
f 	5684	5949	5504
f 	5684	5504	5503
f 	683	684	691
f 	683	691	917
f 	7016	7493	6990
f 	7016	6990	6989
f 	3638	3639	3734
f 	3638	3734	3736
f 	4444	4622	4615
f 	4444	4615	4614
f 	5863	5887	5881
f 	5863	5881	5880
f 	658	852	851
f 	658	851	858
f 	2100	2114	1817
f 	2100	1817	1816
f 	4394	4395	4533
f 	4394	4533	4540
f 	799	798	635
f 	799	635	634
f 	5624	5625	5817
f 	5624	5817	5945
f 	1849	1848	2102
f 	1849	2102	2108
f 	5848	5936	5930
f 	5848	5930	5849
f 	4554	4555	4583
f 	4554	4583	4599
f 	803	891	885
f 	803	885	804
f 	4309	4310	4308
f 	4309	4308	4307
f 	5721	5582	5581
f 	5721	5581	5720
f 	402	405	394
f 	402	394	393
f 	3201	3413	3414
f 	3201	3414	3415
f 	7095	7123	7116
f 	7095	7116	7115
f 	1635	1634	1979
f 	1635	1979	2037
f 	4452	4569	4565
f 	4452	4565	4564
f 	4122	4131	4134
f 	4122	4134	4123
f 	5855	5917	5918
f 	5855	5918	5916
f 	348	347	508
f 	348	508	507
f 	5425	5434	5437
f 	5425	5437	5426
f 	650	813	819
f 	650	819	820
f 	3645	3718	3722
f 	3645	3722	3723
f 	7029	7489	7026
f 	7029	7026	7025
f 	6960	6961	6938
f 	6960	6938	6958
f 	3667	3665	3663
f 	3667	3663	3666
f 	1845	1853	1854
f 	1845	1854	1809
f 	6944	6953	6939
f 	6944	6939	6942
f 	3652	3651	3660
f 	3652	3660	3730
f 	7119	7296	7295
f 	7119	7295	7120
f 	3418	3417	3589
f 	3418	3589	3590
f 	4177	4178	4094
f 	4177	4094	4093
f 	5417	5526	5412
f 	5417	5412	5411
f 	313	303	311
f 	313	311	332
f 	2019	2018	1981
f 	2019	1981	1985
f 	302	306	301
f 	302	301	300
f 	4089	4097	4098
f 	4089	4098	4090
f 	5410	5387	5386
f 	5410	5386	5408
f 	1832	1830	1831
f 	1832	1831	1833
f 	4551	4552	4550
f 	4551	4550	4549
f 	5931	5834	5833
f 	5931	5833	5932
f 	802	899	900
f 	802	900	898
f 	7294	7105	7104
f 	7294	7104	7302
f 	3588	3608	3606
f 	3588	3606	3594
f 	3310	3307	3306
f 	3310	3306	3309
f 	6886	6884	6883
f 	6886	6883	6885
f 	2066	2069	2070
f 	2066	2070	2068
f 	547	545	546
f 	547	546	548
f 	4365	4367	4369
f 	4365	4369	4368
f 	5589	5591	5593
f 	5589	5593	5592
f 	7326	7327	7329
f 	7326	7329	7328
f 	3690	3691	3315
f 	3690	3315	3314
f 	4298	4296	4295
f 	4298	4295	4297
f 	5600	5599	5714
f 	5600	5714	5715
f 	550	413	412
f 	550	412	551
f 	4323	4324	4196
f 	4323	4196	4195
f 	5556	5737	5549
f 	5556	5549	5548
f 	360	366	373
f 	360	373	363
f 	1876	1880	1887
f 	1876	1887	1877
f 	7315	7314	7369
f 	7315	7369	7368
f 	7393	7407	7373
f 	7393	7373	7372
f 	3162	3165	3166
f 	3162	3166	3163
f 	4605	4611	4403
f 	4605	4403	4606
f 	5910	5913	5633
f 	5910	5633	5911
f 	830	834	841
f 	830	841	831
f 	3582	3625	3172
f 	3582	3172	3171
f 	2092	2160	2135
f 	2092	2135	2093
f 	584	587	614
f 	584	614	583
f 	4386	4387	4503
f 	4386	4503	4502
f 	5616	5617	5775
f 	5616	5775	5774
f 	6911	6914	6915
f 	6911	6915	6913
f 	3255	3261	3268
f 	3255	3268	3258
f 	2063	1687	1686
f 	2063	1686	2064
f 	5574	5576	5578
f 	5574	5578	5575
f 	539	399	398
f 	539	398	536
f 	4359	4353	4355
f 	4359	4355	4356
f 	3396	3482	3489
f 	3396	3489	3397
f 	7139	7138	7195
f 	7139	7195	7188
f 	6996	7235	6986
f 	6996	6986	6988
f 	3362	3363	3357
f 	3362	3357	3359
f 	1589	1590	1584
f 	1589	1584	1586
f 	4052	4060	4145
f 	4052	4145	4050
f 	5499	5498	5497
f 	5499	5497	5500
f 	686	685	692
f 	686	692	693
f 	4525	4494	4468
f 	4525	4468	4469
f 	5806	5766	5765
f 	5806	5765	5802
f 	601	600	594
f 	601	594	593
f 	7319	7318	7356
f 	7319	7356	7355
f 	7395	7404	7360
f 	7395	7360	7359
f 	3147	3150	3151
f 	3147	3151	3148
f 	7285	7286	7283
f 	7285	7283	7284
f 	3580	3579	3157
f 	3580	3157	3156
f 	3430	3434	3441
f 	3430	3441	3431
f 	4253	4261	4262
f 	4253	4262	4254
f 	3388	3387	3502
f 	3388	3502	3510
f 	7167	7148	7147
f 	7167	7147	7175
f 	5671	5669	5975
f 	5671	5975	5970
f 	672	739	746
f 	672	746	671
f 	2089	2088	2161
f 	2089	2161	2149
f 	574	572	571
f 	574	571	573
f 	4383	4492	4491
f 	4383	4491	4382
f 	5613	5762	5761
f 	5613	5761	5612
f 	1913	1912	2181
f 	1913	2181	2182
f 	863	875	876
f 	863	876	864
f 	4412	4633	4632
f 	4412	4632	4411
f 	5876	5897	5641
f 	5876	5641	5642
f 	1770	1759	1758
f 	1770	1758	1769
f 	5982	5482	5484
f 	5982	5484	5966
f 	4248	4244	4161
f 	4248	4161	4160
f 	732	715	712
f 	732	712	733
f 	7161	7464	7230
f 	7161	7230	7162
f 	3513	3520	3384
f 	3513	3384	3383
f 	7156	7152	7151
f 	7156	7151	7164
f 	3516	3515	3531
f 	3516	3531	3532
f 	3247	3238	3246
f 	3247	3246	3248
f 	7047	7492	7040
f 	7047	7040	7039
f 	1921	1941	1942
f 	1921	1942	1922
f 	3391	3492	3499
f 	3391	3499	3392
f 	7183	7182	7476
f 	7183	7476	7475
f 	7144	7143	7185
f 	7144	7185	7178
f 	4433	4434	4426
f 	4433	4426	4425
f 	4417	4432	4643
f 	4417	4643	4416
f 	5647	5663	5901
f 	5647	5901	5646
f 	762	771	772
f 	762	772	764
f 	3495	3550	3551
f 	3495	3551	3496
f 	5665	5666	5657
f 	5665	5657	5656
f 	763	768	667
f 	763	667	668
f 	1765	1599	1595
f 	1765	1595	1766
f 	5987	5487	5489
f 	5987	5489	5957
f 	4147	4146	4066
f 	4147	4066	4074
f 	708	725	724
f 	708	724	704
f 	2043	2042	2049
f 	2043	2049	2051
f 	7004	7003	7011
f 	7004	7011	7012
f 	3369	3378	3379
f 	3369	3379	3370
f 	4068	4067	4075
f 	4068	4075	4076
f 	5952	5681	5680
f 	5952	5680	5958
f 	723	729	679
f 	723	679	680
f 	1778	1777	1933
f 	1778	1933	1932
f 	741	740	754
f 	741	754	758
f 	4260	4422	4240
f 	4260	4240	4241
f 	5974	5652	5478
f 	5974	5478	5479
f 	7010	7459	7233
f 	7010	7233	7002
f 	3372	3368	3528
f 	3372	3528	3527
f 	7444	7307	7092
f 	7444	7092	7091
f 	3615	3193	3192
f 	3615	3192	3586
f 	3649	3656	3658
f 	3649	3658	3657
f 	6946	7034	7033
f 	6946	7033	6947
f 	3642	3708	3713
f 	3642	3713	3714
f 	7022	7021	6974
f 	7022	6974	6973
f 	7037	7044	6934
f 	7037	6934	7038
f 	3242	3241	3675
f 	3242	3675	3704
f 	2096	2170	2120
f 	2096	2120	2097
f 	4390	4391	4514
f 	4390	4514	4513
f 	5620	5621	5788
f 	5620	5788	5787
f 	788	790	623
f 	788	623	622
f 	1798	1900	1899
f 	1798	1899	1906
f 	1690	1693	1682
f 	1690	1682	1681
f 	6980	7237	6969
f 	6980	6969	6971
f 	3344	3345	3342
f 	3344	3342	3343
f 	4037	4086	4085
f 	4037	4085	4038
f 	5518	5528	5529
f 	5518	5529	5519
f 	333	472	469
f 	333	469	334
f 	4440	4637	4634
f 	4440	4634	4439
f 	5867	5877	5872
f 	5867	5872	5868
f 	662	663	861
f 	662	861	867
f 	1572	1569	1570
f 	1572	1570	1571
f 	4035	4044	4140
f 	4035	4140	4033
f 	5517	5516	5515
f 	5517	5515	5378
f 	474	473	481
f 	474	481	482
f 	7080	7083	7087
f 	7080	7087	7086
f 	3203	3189	3197
f 	3203	3197	3204
f 	4457	4536	4529
f 	4457	4529	4456
f 	5820	5821	5813
f 	5820	5813	5812
f 	644	631	639
f 	644	639	645
f 	7172	7469	7228
f 	7172	7228	7173
f 	3506	3505	3543
f 	3506	3543	3547
f 	1806	1857	1864
f 	1806	1864	1865
f 	3271	3281	3284
f 	3271	3284	3272
f 	7424	7423	6907
f 	7424	6907	7437
f 	1973	2059	1670
f 	1973	1670	1669
f 	7311	7310	7382
f 	7311	7382	7381
f 	4339	4338	4319
f 	4339	4319	4646
f 	528	527	382
f 	528	382	381
f 	4346	4335	4334
f 	4346	4334	4343
f 	5444	5560	5559
f 	5444	5559	5568
f 	5564	5563	5726
f 	5564	5726	5740
f 	376	386	389
f 	376	389	377
f 	3584	3620	3181
f 	3584	3181	3180
f 	1718	2086	2085
f 	1718	2085	1719
f 	4379	4481	4484
f 	4379	4484	4378
f 	5609	5749	5754
f 	5609	5754	5608
f 	430	561	560
f 	430	560	431
f 	7446	7445	7126
f 	7446	7126	7449
f 	3438	3409	3432
f 	3438	3432	3437
f 	7192	7482	7220
f 	7192	7220	7193
f 	3486	3485	3635
f 	3486	3635	3636
f 	7401	7347	7346
f 	7401	7346	7397
f 	3132	3131	3134
f 	3132	3134	3135
f 	4522	4505	4464
f 	4522	4464	4465
f 	5809	5779	5778
f 	5809	5778	5800
f 	607	606	609
f 	607	609	610
f 	7413	7416	7410
f 	7413	7410	7409
f 	3685	3294	3293
f 	3685	3293	3684
f 	4479	4483	4472
f 	4479	4472	4473
f 	5746	5753	5752
f 	5746	5752	5747
f 	422	421	424
f 	422	424	425
f 	7431	7422	7421
f 	7431	7421	7428
f 	3681	3696	3277
f 	3681	3277	3276
f 	7388	7389	7384
f 	7388	7384	7383
f 	3184	3177	3183
f 	3184	3183	3185
f 	4154	4153	4162
f 	4154	4162	4163
f 	5961	5676	5675
f 	5961	5675	5967
f 	713	720	675
f 	713	675	676
f 	2000	2020	2025
f 	2000	2025	2026
f 	2055	1658	1657
f 	2055	1657	1976
f 	4200	4349	4192
f 	4200	4192	4191
f 	5553	5440	5546
f 	5553	5546	5545
f 	522	370	369
f 	522	369	519
f 	4108	4119	4183
f 	4108	4183	4109
f 	5396	5422	5421
f 	5396	5421	5397
f 	317	324	326
f 	317	326	325
f 	1898	1903	1896
f 	1898	1896	1897
f 	3401	3473	3472
f 	3401	3472	3479
f 	7134	7206	7199
f 	7134	7199	7198
f 	7203	7210	7216
f 	7203	7216	7204
f 	4461	4519	4515
f 	4461	4515	4460
f 	4619	4626	4407
f 	4619	4407	4620
f 	5885	5891	5637
f 	5885	5637	5886
f 	850	855	848
f 	850	848	849
f 	5795	5796	5790
f 	5795	5790	5789
f 	3471	3476	3469
f 	3471	3469	3470
f 	626	619	625
f 	626	625	627
f 	7274	7275	7272
f 	7274	7272	7273
f 	3449	3453	3460
f 	3449	3460	3450
f 	3599	3598	3602
f 	3599	3602	3601
f 	7099	7108	7109
f 	7099	7109	7100
f 	3405	3451	3456
f 	3405	3456	3457
f 	7130	7456	7453
f 	7130	7453	7452
f 	4448	4607	4601
f 	4448	4601	4600
f 	5859	5903	5904
f 	5859	5904	5902
f 	654	832	837
f 	654	837	838
f 	2076	1701	1700
f 	2076	1700	2077
f 	7322	7343	7342
f 	7322	7342	7323
f 	3140	3323	3322
f 	3140	3322	3141
f 	1648	1654	1661
f 	1648	1661	1651
f 	2033	2007	2006
f 	2033	2006	2015
f 	4114	4101	4104
f 	4114	4104	4106
f 	5403	5389	5392
f 	5403	5392	5394
f 	502	321	320
f 	502	320	496
f 	4584	4585	4592
f 	4584	4592	4588
f 	5828	5837	5838
f 	5828	5838	5829
f 	912	913	910
f 	912	910	909
f 	2155	2154	2145
f 	2155	2145	2148
f 	4188	4187	4127
f 	4188	4127	4126
f 	5542	5541	5430
f 	5542	5430	5429
f 	352	344	351
f 	352	351	353
f 	1860	1859	1868
f 	1860	1868	2107
f 	5924	5927	5629
f 	5924	5629	5925
f 	811	815	823
f 	811	823	812
f 	4562	4560	4399
f 	4562	4399	4563
f 	1748	1776	1784
f 	1748	1784	1747
f 	1919	1925	1789
f 	1919	1789	1788
f 	1596	1605	1606
f 	1596	1606	1597
f 	6922	6928	7434
f 	6922	7434	6923
f 	3265	3264	3678
f 	3265	3678	3700
f 	1990	1996	2040
f 	1990	2040	1998
f 	1794	1793	1909
f 	1794	1909	1916
f 	2173	1810	1823
f 	2173	1823	2174
f 	1664	1674	1677
f 	1664	1677	1665
f 	2141	2144	2132
f 	2141	2132	2134
f 	1710	1709	1712
f 	1710	1712	1713
f 	1755	1756	1612
f 	1755	1612	1611
f 	2004	2011	2013
f 	2004	2013	2012
f 	2127	2119	2126
f 	2127	2126	2128
f 	1802	1878	1883
f 	1802	1883	1884
f 	1841	1842	1838
f 	1841	1838	1837
f 	1640	1631	1639
f 	1640	1639	1641
f 	10728	10727	10738
f 	10728	10738	11209
f 	11726	11725	10731
f 	11726	10731	10732
f 	11728	10739	11727
f 	11728	11727	11729
f 	11210	10737	10736
f 	11210	10736	11211
f 	8332	8325	8326
f 	8332	8326	8365
f 	10689	10690	10688
f 	10689	10688	10684
f 	6875	7395	7359
f 	3150	3147	3118
f 	4287	4469	4468
f 	5707	5802	5765
f 	594	600	440
f 	2145	2154	1728
f 	631	644	446
f 	1810	2173	1734
f 	4281	4457	4456
f 	5701	5820	5812
f 	3165	3162	3114
f 	6871	7393	7372
f 	3189	3203	3202
f 	7078	7080	7086
f 	619	626	444
f 	2119	2127	1732
f 	4283	4461	4460
f 	5703	5795	5789
f 	3177	3184	3117
f 	6872	7388	7383
f 	4285	4465	4464
f 	5705	5800	5778
f 	609	606	442
f 	2132	2144	1730
f 	2184	2183	2187
f 	5996	5993	5992
f 	5994	5998	6001
f 	2191	2190	2186
f 	2880	2889	2875
f 	6513	6512	6511
f 	6510	6515	6518
f 	2869	2874	2873
f 	11707	11720	11716
f 	9254	9257	9256
f 	9262	9256	9257
f 	9263	9252	9246
f 	9247	9246	9252
f 	9416	9420	9418
f 	9234	9233	9232
f 	2055	1976	1977
f 	2055	1977	2054
f 	2055	2054	2053
f 	4349	4200	4199
f 	4349	4199	4202
f 	4349	4202	4350
f 	5440	5553	5552
f 	5440	5552	5555
f 	5440	5555	5439
f 	2161	2088	2087
f 	2161	2087	2162
f 	2161	2162	2163
f 	4382	4491	4490
f 	4382	4490	4489
f 	4382	4489	4381
f 	5612	5761	5760
f 	5612	5760	5759
f 	5612	5759	5611
f 	522	519	511
f 	522	511	520
f 	522	520	521
f 	571	572	566
f 	571	566	570
f 	571	570	569
f 	4551	4549	4547
f 	4551	4547	4545
f 	4551	4545	4396
f 	5931	5932	5933
f 	5931	5933	5934
f 	5931	5934	5626
f 	1830	1832	1824
f 	1830	1824	1827
f 	1830	1827	1829
f 	2085	2086	2084
f 	2085	2084	2083
f 	2085	2083	2082
f 	4378	4484	4485
f 	4378	4485	4486
f 	4378	4486	4377
f 	5608	5754	5755
f 	5608	5755	5756
f 	5608	5756	5607
f 	3657	3658	3659
f 	3657	3659	3648
f 	3657	3648	3644
f 	4098	4097	4029
f 	4098	4029	4028
f 	4098	4028	4032
f 	5386	5387	5385
f 	5386	5385	5383
f 	5386	5383	5379
f 	1985	1981	1982
f 	1985	1982	1983
f 	1985	1983	1984
f 	4569	4452	4453
f 	4569	4453	4570
f 	4569	4570	4571
f 	5917	5855	5854
f 	5917	5854	5919
f 	5917	5919	5920
f 	4262	4261	4435
f 	4262	4435	4436
f 	4262	4436	4437
f 	5975	5669	5668
f 	5975	5668	5976
f 	5975	5976	5977
f 	3322	3323	3321
f 	3322	3321	3320
f 	3322	3320	3319
f 	7323	7342	7341
f 	7323	7341	7340
f 	7323	7340	7324
f 	899	802	800
f 	899	800	902
f 	899	902	901
f 	7033	7034	7030
f 	7033	7030	7031
f 	7033	7031	7032
f 	2108	2102	2110
f 	2108	2110	2111
f 	2108	2111	2109
f 	4554	4599	4598
f 	4554	4598	4597
f 	4554	4597	4553
f 	5930	5936	5937
f 	5930	5937	5938
f 	5930	5938	5935
f 	3590	3589	3592
f 	3590	3592	3593
f 	3590	3593	3591
f 	7295	7296	7297
f 	7295	7297	7298
f 	7295	7298	7299
f 	3409	3438	3439
f 	3409	3439	3440
f 	3409	3440	3410
f 	560	561	559
f 	560	559	558
f 	560	558	557
f 	3551	3550	3552
f 	3551	3552	3553
f 	3551	3553	3554
f 	7475	7476	7477
f 	7475	7477	7479
f 	7475	7479	7481
f 	3704	3675	3662
f 	3704	3662	3707
f 	3704	3707	3705
f 	6934	7044	7043
f 	6934	7043	7046
f 	6934	7046	6936
f 	2063	2064	1971
f 	2063	1971	2062
f 	2063	2062	2061
f 	4353	4359	4358
f 	4353	4358	4360
f 	4353	4360	4352
f 	5576	5574	5573
f 	5576	5573	5572
f 	5576	5572	5447
f 	3691	3690	3689
f 	3691	3689	3692
f 	3691	3692	3693
f 	3666	3663	3674
f 	3666	3674	3671
f 	3666	3671	3668
f 	7326	7328	7330
f 	7326	7330	7331
f 	7326	7331	7332
f 	6938	6961	6963
f 	6938	6963	6965
f 	6938	6965	6968
f 	4183	4119	4176
f 	4183	4176	4181
f 	4183	4181	4182
f 	5421	5422	5418
f 	5421	5418	5419
f 	5421	5419	5420
f 	7294	7302	7303
f 	7294	7303	7304
f 	7294	7304	7293
f 	300	301	299
f 	300	299	296
f 	300	296	295
f 	3608	3588	3587
f 	3608	3587	3610
f 	3608	3610	3609
f 	3547	3543	3544
f 	3547	3544	3545
f 	3547	3545	3546
f 	7228	7469	7470
f 	7228	7470	7472
f 	7228	7472	7474
f 	4309	4307	4315
f 	4309	4315	4313
f 	4309	4313	4311
f 	5721	5720	5724
f 	5721	5724	5723
f 	5721	5723	5722
f 	3431	3441	3428
f 	3431	3428	3427
f 	3431	3427	3429
f 	7283	7286	7288
f 	7283	7288	7290
f 	7283	7290	7292
f 	3579	3580	3574
f 	3579	3574	3578
f 	3579	3578	3577
f 	7319	7355	7354
f 	7319	7354	7353
f 	7319	7353	7320
f 	650	820	821
f 	650	821	822
f 	650	822	649
f 	671	746	747
f 	671	747	748
f 	671	748	670
f 	7449	7126	7125
f 	7449	7125	7450
f 	7449	7450	7451
f 	3300	3297	3296
f 	3300	3296	3298
f 	3300	3298	3299
f 	3397	3489	3490
f 	3397	3490	3491
f 	3397	3491	3398
f 	891	803	893
f 	891	893	894
f 	891	894	892
f 	4536	4457	4458
f 	4536	4458	4537
f 	4536	4537	4538
f 	5821	5820	5810
f 	5821	5810	5822
f 	5821	5822	5823
f 	539	536	530
f 	539	530	537
f 	539	537	538
f 	4163	4162	4264
f 	4163	4264	4265
f 	4163	4265	4266
f 	5967	5675	5673
f 	5967	5673	5968
f 	5967	5968	5969
f 	3700	3678	3677
f 	3700	3677	3703
f 	3700	3703	3701
f 	7434	6928	6927
f 	7434	6927	6930
f 	7434	6930	7435
f 	325	326	327
f 	325	327	316
f 	325	316	314
f 	1806	1865	1866
f 	1806	1866	1867
f 	1806	1867	1807
f 	1747	1784	1785
f 	1747	1785	1786
f 	1747	1786	1787
f 	6897	6895	6903
f 	6897	6903	6901
f 	6897	6901	6899
f 	405	402	401
f 	405	401	403
f 	405	403	404
f 	7195	7138	7137
f 	7195	7137	7196
f 	7195	7196	7197
f 	3384	3520	3521
f 	3384	3521	3522
f 	3384	3522	3385
f 	3203	3204	3206
f 	3203	3206	3205
f 	3203	3205	3187
f 	4522	4465	4466
f 	4522	4466	4523
f 	4522	4523	4524
f 	5809	5800	5801
f 	5809	5801	5807
f 	5809	5807	5808
f 	2107	1868	2105
f 	2107	2105	2104
f 	2107	2104	2106
f 	4399	4560	4561
f 	4399	4561	4559
f 	4399	4559	4398
f 	5629	5927	5926
f 	5629	5926	5929
f 	5629	5929	5628
f 	2037	1979	1980
f 	2037	1980	2035
f 	2037	2035	2036
f 	4134	4131	4130
f 	4134	4130	4133
f 	4134	4133	4100
f 	5437	5434	5433
f 	5437	5433	5436
f 	5437	5436	5388
f 	1932	1933	1940
f 	1932	1940	1931
f 	1932	1931	1930
f 	4240	4422	4420
f 	4240	4420	4421
f 	4240	4421	4419
f 	5478	5652	5650
f 	5478	5650	5651
f 	5478	5651	5649
f 	3532	3531	3537
f 	3532	3537	3535
f 	3532	3535	3533
f 	7230	7464	7465
f 	7230	7465	7467
f 	7230	7467	7229
f 	2012	2013	2014
f 	2012	2014	2003
f 	2012	2003	1999
f 	4187	4188	4184
f 	4187	4184	4185
f 	4187	4185	4186
f 	5541	5542	5538
f 	5541	5538	5539
f 	5541	5539	5540
f 	3147	3148	3149
f 	3147	3149	3145
f 	3147	3145	3143
f 	644	645	647
f 	644	647	646
f 	644	646	629
f 	1693	1690	1689
f 	1693	1689	1691
f 	1693	1691	1692
f 	7164	7151	7150
f 	7164	7150	7165
f 	7164	7165	7166
f 	675	720	721
f 	675	721	722
f 	675	722	674
f 	7083	7080	7079
f 	7083	7079	7081
f 	7083	7081	7082
f 	3247	3248	3249
f 	3247	3249	3237
f 	3247	3237	3235
f 	2160	2092	2091
f 	2160	2091	2159
f 	2160	2159	2158
f 	4386	4502	4501
f 	4386	4501	4500
f 	4386	4500	4385
f 	5616	5774	5773
f 	5616	5773	5772
f 	5616	5772	5615
f 	1765	1766	1768
f 	1765	1768	1764
f 	1765	1764	1763
f 	4146	4147	4148
f 	4146	4148	4150
f 	4146	4150	4246
f 	5487	5987	5986
f 	5487	5986	5985
f 	5487	5985	5486
f 	606	607	608
f 	606	608	604
f 	606	604	602
f 	812	823	809
f 	812	809	808
f 	812	808	810
f 	7404	7395	7396
f 	7404	7396	7402
f 	7404	7402	7403
f 	507	508	495
f 	507	495	505
f 	507	505	506
f 	2173	2174	2175
f 	2173	2175	2172
f 	2173	2172	2171
f 	758	754	755
f 	758	755	756
f 	758	756	757
f 	1612	1756	1753
f 	1612	1753	1751
f 	1612	1751	1613
f 	4646	4319	4320
f 	4646	4320	4648
f 	4646	4648	4647
f 	5740	5726	5727
f 	5740	5727	5738
f 	5740	5738	5739
f 	352	353	354
f 	352	354	343
f 	352	343	341
f 	1586	1584	1585
f 	1586	1585	1587
f 	1586	1587	1588
f 	4145	4060	4059
f 	4145	4059	4062
f 	4145	4062	4065
f 	5497	5498	5496
f 	5497	5496	5494
f 	5497	5494	5490
f 	3255	3258	3256
f 	3255	3256	3257
f 	3255	3257	3254
f 	7492	7047	7055
f 	7492	7055	7490
f 	7492	7490	7491
f 	4519	4461	4462
f 	4519	4462	4520
f 	4519	4520	4521
f 	5796	5795	5797
f 	5796	5797	5798
f 	5796	5798	5799
f 	4324	4323	4325
f 	4324	4325	4326
f 	4324	4326	4327
f 	5737	5556	5729
f 	5737	5729	5735
f 	5737	5735	5736
f 	2144	2141	2140
f 	2144	2140	2142
f 	2144	2142	2143
f 	3638	3736	3737
f 	3638	3737	3735
f 	3638	3735	3637
f 	587	584	576
f 	587	576	585
f 	587	585	586
f 	708	704	705
f 	708	705	706
f 	708	706	707
f 	1897	1896	1895
f 	1897	1895	1893
f 	1897	1893	1894
f 	4649	4080	4078
f 	4649	4078	4651
f 	4649	4651	4650
f 	5949	5684	5682
f 	5949	5682	5951
f 	5949	5951	5950
f 	4622	4444	4445
f 	4622	4445	4623
f 	4622	4623	4624
f 	5887	5863	5862
f 	5887	5862	5888
f 	5887	5888	5889
f 	4407	4626	4625
f 	4407	4625	4628
f 	4407	4628	4406
f 	5637	5891	5890
f 	5637	5890	5893
f 	5637	5893	5636
f 	1640	1641	1642
f 	1640	1642	1630
f 	1640	1630	1628
f 	2059	1973	1974
f 	2059	1974	2058
f 	2059	2058	2057
f 	4346	4343	4342
f 	4346	4342	4344
f 	4346	4344	4345
f 	5444	5568	5567
f 	5444	5567	5569
f 	5444	5569	5443
f 	6914	6911	6916
f 	6914	6916	6917
f 	6914	6917	6918
f 	3162	3163	3164
f 	3162	3164	3160
f 	3162	3160	3158
f 	3401	3479	3480
f 	3401	3480	3481
f 	3401	3481	3402
f 	3625	3582	3581
f 	3625	3581	3626
f 	3625	3626	3627
f 	7315	7368	7367
f 	7315	7367	7366
f 	7315	7366	7316
f 	389	386	385
f 	389	385	387
f 	389	387	388
f 	693	692	699
f 	693	699	696
f 	693	696	694
f 	3359	3357	3358
f 	3359	3358	3360
f 	3359	3360	3361
f 	7235	6996	6995
f 	7235	6995	6998
f 	7235	6998	7001
f 	626	627	628
f 	626	628	618
f 	626	618	615
f 	7493	7016	7014
f 	7493	7014	7495
f 	7493	7495	7494
f 	3184	3185	3186
f 	3184	3186	3176
f 	3184	3176	3173
f 	2170	2096	2095
f 	2170	2095	2168
f 	2170	2168	2169
f 	4390	4513	4512
f 	4390	4512	4511
f 	4390	4511	4389
f 	5620	5787	5786
f 	5620	5786	5785
f 	5620	5785	5619
f 	4297	4295	4303
f 	4297	4303	4301
f 	4297	4301	4299
f 	5715	5714	5718
f 	5715	5718	5717
f 	5715	5717	5716
f 	360	363	361
f 	360	361	362
f 	360	362	359
f 	4592	4585	4586
f 	4592	4586	4593
f 	4592	4593	4594
f 	5838	5837	5826
f 	5838	5826	5840
f 	5838	5840	5841
f 	3284	3281	3280
f 	3284	3280	3282
f 	3284	3282	3283
f 	2033	2015	2017
f 	2033	2017	2032
f 	2033	2032	2031
f 	4101	4114	4113
f 	4101	4113	4116
f 	4101	4116	4118
f 	5389	5403	5402
f 	5389	5402	5405
f 	5389	5405	5409
f 	3601	3602	3604
f 	3601	3604	3603
f 	3601	3603	3199
f 	4178	4177	4087
f 	4178	4087	4179
f 	4178	4179	4180
f 	5526	5417	5523
f 	5526	5523	5524
f 	5526	5524	5525
f 	7407	7393	7394
f 	7407	7394	7405
f 	7407	7405	7406
f 	849	848	847
f 	849	847	845
f 	849	845	846
f 	7206	7134	7133
f 	7206	7133	7207
f 	7206	7207	7208
f 	3470	3469	3468
f 	3470	3468	3466
f 	3470	3466	3467
f 	683	917	918
f 	683	918	916
f 	683	916	682
f 	7216	7210	7209
f 	7216	7209	7212
f 	7216	7212	7214
f 	658	858	859
f 	658	859	860
f 	658	860	657
f 	1677	1674	1673
f 	1677	1673	1675
f 	1677	1675	1676
f 	527	528	517
f 	527	517	526
f 	527	526	525
f 	3620	3584	3583
f 	3620	3583	3622
f 	3620	3622	3621
f 	7311	7381	7380
f 	7311	7380	7379
f 	7311	7379	7312
f 	3306	3307	3308
f 	3306	3308	3304
f 	3306	3304	3302
f 	3645	3723	3724
f 	3645	3724	3725
f 	3645	3725	3643
f 	2127	2128	2131
f 	2127	2131	2129
f 	2127	2129	2130
f 	1942	1941	1943
f 	1942	1943	1944
f 	1942	1944	1945
f 	4434	4433	4438
f 	4434	4438	4644
f 	4434	4644	4645
f 	5666	5665	5869
f 	5666	5869	5870
f 	5666	5870	5871
f 	4416	4643	4642
f 	4416	4642	4641
f 	4416	4641	4415
f 	5646	5901	5900
f 	5646	5900	5899
f 	5646	5899	5645
f 	7389	7388	7390
f 	7389	7390	7391
f 	7389	7391	7392
f 	1648	1651	1649
f 	1648	1649	1650
f 	1648	1650	1647
f 	4607	4448	4449
f 	4607	4449	4608
f 	4607	4608	4609
f 	5903	5859	5858
f 	5903	5858	5905
f 	5903	5905	5906
f 	7437	6907	6908
f 	7437	6908	7439
f 	7437	7439	7438
f 	4076	4075	4165
f 	4076	4165	4166
f 	4076	4166	4167
f 	5958	5680	5678
f 	5958	5678	5959
f 	5958	5959	5960
f 	3392	3499	3500
f 	3392	3500	3501
f 	3392	3501	3393
f 	7109	7108	7097
f 	7109	7097	7111
f 	7109	7111	7112
f 	790	788	581
f 	790	581	791
f 	790	791	789
f 	412	413	414
f 	412	414	410
f 	412	410	408
f 	909	910	911
f 	909	911	908
f 	909	908	641
f 	3405	3457	3458
f 	3405	3458	3459
f 	3405	3459	3406
f 	3379	3378	3380
f 	3379	3380	3381
f 	3379	3381	3382
f 	2043	2051	2050
f 	2043	2050	2047
f 	2043	2047	2044
f 	1798	1906	1907
f 	1798	1907	1908
f 	1798	1908	1799
f 	3696	3681	3680
f 	3696	3680	3697
f 	3696	3697	3698
f 	7431	7428	7427
f 	7431	7427	7429
f 	7431	7429	7430
f 	502	496	497
f 	502	497	501
f 	502	501	500
f 	313	332	330
f 	313	330	331
f 	313	331	329
f 	6885	6883	6891
f 	6885	6891	6889
f 	6885	6889	6887
f 	7489	7029	7023
f 	7489	7023	7487
f 	7489	7487	7488
f 	3730	3660	3664
f 	3730	3664	3729
f 	3730	3729	3728
f 	6939	6953	6952
f 	6939	6952	6955
f 	6939	6955	6959
f 	2114	2100	2099
f 	2114	2099	2116
f 	2114	2116	2115
f 	3527	3528	3530
f 	3527	3530	3526
f 	3527	3526	3525
f 	7233	7459	7460
f 	7233	7460	7462
f 	7233	7462	7232
f 	4394	4540	4539
f 	4394	4539	4541
f 	4394	4541	4393
f 	5624	5945	5944
f 	5624	5944	5946
f 	5624	5946	5623
f 	4085	4086	4082
f 	4085	4082	4083
f 	4085	4083	4084
f 	5529	5528	5531
f 	5529	5531	5532
f 	5529	5532	5530
f 	7185	7143	7142
f 	7185	7142	7186
f 	7185	7186	7187
f 	772	771	874
f 	772	874	872
f 	772	872	873
f 	667	768	769
f 	667	769	770
f 	667	770	666
f 	2182	2181	2180
f 	2182	2180	2178
f 	2182	2178	2179
f 	4637	4440	4441
f 	4637	4441	4638
f 	4637	4638	4639
f 	5877	5867	5866
f 	5877	5866	5878
f 	5877	5878	5879
f 	4411	4632	4631
f 	4411	4631	4630
f 	4411	4630	4410
f 	5641	5897	5896
f 	5641	5896	5895
f 	5641	5895	5640
f 	1700	1701	1702
f 	1700	1702	1698
f 	1700	1698	1696
f 	7456	7130	7129
f 	7456	7129	7457
f 	7456	7457	7458
f 	654	838	839
f 	654	839	840
f 	654	840	653
f 	1837	1838	1839
f 	1837	1839	1836
f 	1837	1836	1812
f 	7012	7011	7153
f 	7012	7153	7154
f 	7012	7154	7155
f 	679	729	730
f 	679	730	731
f 	679	731	678
f 	2000	2026	2027
f 	2000	2027	2028
f 	2000	2028	1997
f 	1770	1769	1935
f 	1770	1935	1773
f 	1770	1773	1771
f 	4244	4248	4249
f 	4244	4249	4251
f 	4244	4251	4243
f 	5482	5982	5981
f 	5482	5981	5980
f 	5482	5980	5481
f 	1877	1887	1874
f 	1877	1874	1873
f 	1877	1873	1875
f 	4403	4611	4610
f 	4403	4610	4613
f 	4403	4613	4402
f 	5633	5913	5912
f 	5633	5912	5915
f 	5633	5915	5632
f 	798	799	787
f 	798	787	796
f 	798	796	797
f 	1571	1570	1579
f 	1571	1579	1576
f 	1571	1576	1573
f 	4140	4044	4043
f 	4140	4043	4046
f 	4140	4046	4049
f 	5515	5516	5514
f 	5515	5514	5512
f 	5515	5512	5509
f 	1789	1925	1926
f 	1789	1926	1927
f 	1789	1927	1790
f 	4525	4469	4470
f 	4525	4470	4526
f 	4525	4526	4527
f 	5806	5802	5803
f 	5806	5803	5804
f 	5806	5804	5805
f 	3685	3684	3683
f 	3685	3683	3686
f 	3685	3686	3687
f 	3344	3343	3352
f 	3344	3352	3349
f 	3344	3349	3346
f 	7416	7413	7412
f 	7416	7412	7414
f 	7416	7414	7415
f 	7237	6980	6979
f 	7237	6979	6982
f 	7237	6982	6985
f 	334	469	470
f 	334	470	471
f 	334	471	468
f 	3615	3586	3585
f 	3615	3585	3617
f 	3615	3617	3616
f 	7307	7444	7443
f 	7307	7443	7441
f 	7307	7441	7308
f 	1802	1884	1885
f 	1802	1885	1886
f 	1802	1886	1803
f 	1606	1605	1607
f 	1606	1607	1608
f 	1606	1608	1609
f 	3636	3635	3634
f 	3636	3634	3632
f 	3636	3632	3633
f 	876	875	877
f 	876	877	878
f 	876	878	879
f 	7220	7482	7483
f 	7220	7483	7485
f 	7220	7485	7219
f 	662	867	868
f 	662	868	869
f 	662	869	661
f 	3642	3714	3715
f 	3642	3715	3716
f 	3642	3716	3641
f 	4573	4455	4575
f 	4573	4575	4576
f 	4573	4576	4577
f 	5852	5824	5825
f 	5852	5825	5843
f 	5852	5843	5943
f 	3201	3415	3614
f 	3201	3614	3613
f 	3201	3613	3200
f 	732	733	750
f 	732	750	736
f 	732	736	734
f 	1998	2040	2041
f 	1998	2041	2039
f 	1998	2039	2038
f 	831	841	828
f 	831	828	827
f 	831	827	829
f 	3450	3460	3447
f 	3450	3447	3446
f 	3450	3446	3448
f 	7272	7275	7277
f 	7272	7277	7279
f 	7272	7279	7282
f 	482	481	488
f 	482	488	485
f 	482	485	483
f 	600	601	598
f 	600	598	597
f 	600	597	599
f 	1794	1916	1917
f 	1794	1917	1918
f 	1794	1918	1795
f 	7021	7022	7018
f 	7021	7018	7019
f 	7021	7019	7020
f 	2069	2066	2065
f 	2069	2065	2071
f 	2069	2071	2072
f 	4365	4368	4370
f 	4365	4370	4371
f 	4365	4371	4364
f 	5589	5592	5594
f 	5589	5594	5595
f 	5589	5595	5588
f 	3388	3510	3511
f 	3388	3511	3512
f 	3388	3512	3389
f 	7123	7095	7096
f 	7123	7096	7114
f 	7123	7114	7486
f 	643	884	915
f 	643	915	914
f 	643	914	642
f 	4479	4473	4474
f 	4479	4474	4476
f 	4479	4476	4478
f 	5746	5747	5741
f 	5746	5741	5743
f 	5746	5743	5745
f 	2154	2155	2152
f 	2154	2152	2151
f 	2154	2151	2153
f 	3131	3132	3133
f 	3131	3133	3129
f 	3131	3129	3127
f 	7175	7147	7146
f 	7175	7146	7176
f 	7175	7176	7177
f 	1809	1854	1855
f 	1809	1855	1856
f 	1809	1856	1811
f 	545	547	535
f 	545	535	543
f 	545	543	544
f 	421	422	423
f 	421	423	419
f 	421	419	417
f 	7401	7397	7398
f 	7401	7398	7399
f 	7401	7399	7400
f 	1709	1710	1711
f 	1709	1711	1707
f 	1709	1707	1705
f 	16886	16874	16887
f 	16871	17031	16905
f 	13513	13514	13520
f 	13513	13520	13521
f 	13517	13516	13492
f 	13517	13492	13518
f 	14144	13991	13992
f 	14144	13992	14011
f 	14138	14147	14074
f 	14138	14074	14075
f 	13499	13497	13500
f 	13499	13500	13501
f 	13617	13618	13619
f 	13617	13619	13616
f 	14004	14010	14000
f 	14004	14000	13998
f 	14178	14182	14185
f 	14178	14185	14179
f 	13507	13491	13490
f 	13507	13490	13508
f 	13511	13512	13600
f 	13511	13600	13578
f 	14006	13993	14019
f 	14006	14019	14018
f 	14150	14102	14072
f 	14150	14072	14073
f 	13603	13524	13525
f 	13603	13525	13604
f 	14183	14181	14180
f 	14183	14180	14169
f 	13496	13585	13584
f 	13496	13584	13494
f 	13997	14008	14007
f 	13997	14007	13995
f 	13493	13505	13504
f 	13493	13504	13495
f 	13994	14005	14003
f 	13994	14003	13996
f 	13616	13619	13620
f 	13616	13620	13602
f 	14179	14185	14184
f 	14179	14184	14168
f 	13499	13501	13586
f 	13499	13586	13498
f 	13617	13603	13604
f 	13617	13604	13618
f 	14000	14010	14009
f 	14000	14009	13999
f 	14181	14182	14178
f 	14181	14178	14180
f 	13577	13510	13511
f 	13577	13511	13578
f 	13490	13510	13577
f 	13490	13577	13508
f 	14103	14044	14072
f 	14103	14072	14102
f 	14103	14018	14019
f 	14103	14019	14044
f 	13515	13516	13517
f 	13515	13517	13519
f 	13520	13514	13515
f 	13520	13515	13519
f 	14144	14140	14076
f 	14144	14076	13991
f 	14138	14075	14076
f 	14138	14076	14140
f 	13498	13586	13585
f 	13498	13585	13496
f 	13999	14009	14008
f 	13999	14008	13997
f 	13493	13491	13507
f 	13493	13507	13505
f 	13600	13512	13526
f 	13600	13526	13601
f 	14006	14005	13994
f 	14006	13994	13993
f 	14150	14073	14154
f 	14150	14154	14149
f 	13497	13495	13504
f 	13497	13504	13500
f 	14003	14004	13998
f 	14003	13998	13996
f 	13524	13523	13522
f 	13524	13522	13525
f 	14148	14183	14169
f 	14148	14169	14155
f 	13526	13602	13620
f 	13526	13620	13601
f 	14184	14149	14154
f 	14184	14154	14168
f 	13522	13523	13513
f 	13522	13513	13521
f 	13492	13494	13584
f 	13492	13584	13518
f 	14007	14011	13992
f 	14007	13992	13995
f 	14148	14155	14074
f 	14148	14074	14147
f 	12209	12237	12211
f 	13165	13089	13166
f 	13691	12237	13692
f 	12250	12264	12263
f 	13092	13107	13106
f 	17208	17683	16809
f 	17206	17699	16811
f 	16783	16784	16788
f 	8280	8288	8642
f 	8280	8642	8281
f 	13414	13403	13658
f 	13410	13413	13659
f 	13839	13872	13870
f 	13873	13801	13871
f 	12148	12147	12146
f 	8277	8280	8279
f 	8277	8279	8278
f 	11937	11946	10597
f 	10391	11972	11971
f 	16324	16312	16311
f 	16352	16372	16370
f 	7729	7839	7872
f 	7592	7593	7594
f 	7592	7594	7595
f 	7599	7598	7596
f 	7599	7596	7597
f 	7600	7601	7602
f 	7600	7602	7603
f 	7607	7606	7604
f 	7607	7604	7605
f 	7608	7609	7610
f 	7608	7610	7611
f 	7615	7614	7612
f 	7615	7612	7613
f 	7616	7617	7618
f 	7616	7618	7619
f 	7623	7622	7620
f 	7623	7620	7621
f 	7624	7625	7626
f 	7624	7626	7627
f 	7640	7641	7642
f 	7640	7642	7643
f 	7647	7646	7644
f 	7647	7644	7645
f 	7631	7630	7628
f 	7631	7628	7629
f 	7632	7633	7634
f 	7632	7634	7635
f 	7639	7638	7636
f 	7639	7636	7637
f 	17110	16919	17109
f 	16920	17038	17036
f 	4237	4418	4417
f 	5475	5648	5647
f 	762	761	752
f 	1921	1920	1938
f 	582	577	583
f 	2094	1962	2093
f 	4387	4219	4388
f 	5617	5457	5618
f 	3170	3571	3171
f 	7314	7259	7313
f 	3515	3514	3529
f 	7231	7163	7162
f 	7226	7174	7173
f 	3505	3504	3538
f 	740	737	749
f 	1777	1774	1934
f 	4238	4242	4241
f 	5476	5480	5479
f 	863	862	773
f 	1912	1911	1948
f 	4235	4413	4412
f 	5473	5643	5642
f 	3179	3569	3180
f 	7310	7261	7309
f 	3139	3325	3140
f 	7322	7255	7321
f 	621	580	622
f 	2098	1960	2097
f 	4391	4221	4392
f 	5621	5459	5622
f 	7318	7257	7317
f 	3155	3573	3156
f 	712	711	702
f 	1758	1757	1767
f 	4245	4151	4161
f 	5483	5485	5484
f 	7225	7184	7183
f 	3495	3494	3541
f 	3485	3484	3557
f 	7221	7194	7193
f 	575	565	574
f 	2090	1964	2089
f 	4383	4217	4384
f 	5613	5455	5614
f 	429	562	430
f 	1717	1966	1718
f 	4379	4215	4380
f 	5609	5453	5610
f 	8325	8324	8317
f 	8325	8317	8326
f 	11991	11977	11978
f 	11991	11978	10682
f 	11991	10682	10681
f 	11991	10681	10680
f 	11991	10680	10679
f 	11991	10679	10678
f 	11991	10678	10677
f 	11991	10677	10676
f 	11991	10676	10675
f 	11991	10675	10674
f 	11991	10674	10673
f 	11991	10673	10672
f 	11991	10672	10671
f 	11991	10671	10670
f 	11991	10670	11979
f 	11991	11979	11980
f 	11991	11980	11981
f 	11991	11981	11982
f 	11991	11982	11983
f 	11991	11983	11984
f 	11991	11984	11985
f 	11991	11985	11986
f 	11991	11986	11987
f 	11991	11987	11988
f 	11991	11988	11989
f 	11991	11989	11990
f 	9248	9231	9233
f 	17050	17048	17047
f 	8643	8277	8281
f 	8643	8281	8444
f 	10573	10574	11925
f 	10573	11925	11924
f 	11953	11954	10417
f 	11953	10417	10418
f 	17099	16971	17040
f 	16949	17102	16950
f 	7955	7950	7953
f 	7955	7953	7957
f 	7954	7956	7952
f 	7954	7952	7951
f 	16375	16354	16356
f 	16307	16305	16308
f 	8257	8256	8247
f 	8257	8247	8248
f 	80	83	81
f 	80	81	73
f 	75	67	68
f 	75	68	76
f 	664	456	665
f 	1792	1744	1791
f 	4429	4271	4430
f 	5660	5691	5661
f 	3400	3215	3399
f 	7136	7070	7135
f 	3404	3213	3403
f 	7132	7072	7131
f 	3408	3211	3407
f 	7128	7074	7127
f 	391	378	390
f 	1679	1666	1678
f 	4317	4318	4316
f 	5725	5562	5585
f 	659	454	660
f 	1797	1742	1796
f 	4442	4273	4443
f 	5865	5693	5864
f 	3286	3273	3285
f 	6905	6906	6904
f 	3395	3217	3394
f 	7141	7068	7140
f 	4450	4277	4451
f 	5857	5697	5856
f 	651	450	652
f 	1805	1738	1804
f 	655	452	656
f 	1801	1740	1800
f 	4446	4275	4447
f 	5861	5695	5860
f 	8230	8239	8238
f 	8230	8238	8229
f 	10769	10768	10745
f 	11257	11256	10748
f 	12332	12267	12333
f 	12342	12341	12340
f 	2291	2356	2290
f 	6142	6144	6145
f 	2313	2308	2311
f 	6094	6096	6117
f 	2706	2714	2703
f 	6458	6463	6462
f 	2747	2788	2748
f 	6599	6598	6597
f 	782	824	780
f 	1869	1870	1888
f 	4229	4401	4227
f 	5467	5631	5465
f 	3442	3443	3461
f 	7269	7280	7267
f 	73	81	82
f 	73	82	74
f 	71	69	67
f 	71	67	75
f 	79	84	83
f 	79	83	80
f 	76	68	86
f 	76	86	77
f 	17174	17175	17652
f 	17174	17652	17649
f 	17597	17596	17447
f 	17597	17447	17446
f 	17490	17489	17478
f 	17490	17478	17486
f 	16849	17595	17594
f 	16849	17594	16850
f 	16764	16766	16777
f 	16764	16777	16786
f 	17570	17569	17561
f 	17570	17561	17562
f 	16813	17349	17348
f 	16813	17348	16814
f 	17630	17631	17467
f 	17630	17467	17466
f 	17560	17559	17526
f 	17560	17526	17553
f 	16817	17627	17626
f 	16817	17626	16818
f 	17629	17628	17465
f 	17629	17465	17464
f 	16763	16756	16787
f 	16763	16787	17677
f 	17507	17501	17502
f 	17507	17502	17506
f 	16841	17603	17602
f 	16841	17602	16842
f 	17605	17604	17451
f 	17605	17451	17450
f 	17178	17179	17665
f 	17178	17665	17662
f 	17516	17515	17503
f 	17516	17503	17510
f 	16837	17607	17606
f 	16837	17606	16838
f 	17609	17608	17453
f 	17609	17453	17452
f 	17180	16754	16752
f 	17180	16752	17667
f 	17542	17529	17524
f 	17542	17524	17538
f 	17619	17618	17461
f 	17619	17461	17460
f 	16825	17621	17620
f 	16825	17620	16826
f 	16759	16760	17686
f 	16759	17686	17690
f 	17584	17585	17441
f 	17584	17441	17440
f 	17168	17169	17635
f 	17168	17635	17634
f 	17472	17571	16876
f 	17472	16876	16877
f 	16861	17583	17582
f 	16861	17582	16862
f 	17473	17475	17471
f 	17473	17471	17470
f 	16857	17587	17586
f 	16857	17586	16858
f 	17589	17588	17443
f 	17589	17443	17442
f 	17170	17171	17642
f 	17170	17642	17639
f 	16761	16762	17679
f 	16761	17679	17685
f 	17552	17527	17528
f 	17552	17528	17546
f 	16821	17623	17622
f 	16821	17622	16822
f 	17625	17624	17463
f 	17625	17463	17462
f 	16742	16743	16744
f 	16742	16744	16741
f 	17535	17523	17517
f 	17535	17517	17518
f 	16833	17611	17610
f 	16833	17610	16834
f 	17613	17612	17455
f 	17613	17455	17454
f 	17176	17177	17657
f 	17176	17657	17655
f 	17500	17499	17491
f 	17500	17491	17493
f 	16845	17599	17598
f 	16845	17598	16846
f 	17601	17600	17449
f 	17601	17449	17448
f 	17534	17530	17525
f 	17534	17525	17533
f 	16829	17615	17614
f 	16829	17614	16830
f 	17617	17616	17457
f 	17617	17457	17456
f 	16757	16758	17691
f 	16757	17691	17695
f 	17482	17476	17477
f 	17482	17477	17481
f 	16853	17591	17590
f 	16853	17590	16854
f 	17593	17592	17445
f 	17593	17445	17444
f 	17172	17173	17647
f 	17172	17647	17644
f 	73	74	72
f 	73	72	71
f 	73	71	75
f 	73	75	76
f 	73	76	77
f 	73	77	78
f 	73	78	79
f 	73	79	80
f 	71	72	70
f 	71	70	69
f 	86	85	78
f 	86	78	77
f 	85	84	79
f 	85	79	78
f 	72	74	82
f 	72	82	70
f 	16423	16420	16419
f 	16423	16419	16422
f 	16423	16424	16421
f 	16423	16421	16420
f 	16455	16459	16460
f 	16455	16460	16456
f 	16417	16418	16421
f 	16417	16421	16424
f 	16461	16459	16455
f 	16461	16455	16458
f 	16457	16462	16461
f 	16457	16461	16458
f 	11274	11270	10747
f 	11269	10781	10746
f 	11949	11939	11948
f 	13172	13268	13169
f 	13349	13348	13103
f 	13777	13776	12260
f 	13698	13807	13695
f 	11945	11940	11942
f 	11945	11942	11944
f 	11943	11941	11936
f 	11943	11936	11935
f 	11965	11960	11966
f 	11965	11966	11967
f 	11969	11968	11962
f 	11969	11962	11963
f 	10701	10821	10558
f 	10394	10393	10398
f 	10394	10398	10402
f 	12226	12227	12239
f 	12226	12239	12240
f 	12198	12199	13163
f 	12198	13163	12197
f 	10309	10325	10327
f 	10324	10366	10326
f 	14619	14620	14614
f 	14648	14650	14651
f 	7769	7771	7772
f 	7769	7772	7766
f 	7769	7766	7765
f 	7769	7765	7768
f 	12227	12214	12228
f 	12194	13163	13088
f 	12192	12197	12194
f 	12214	12226	12225
f 	11550	11558	11559
f 	11550	11559	11551
f 	8190	8455	8471
f 	8190	8471	8470
f 	8190	8470	8195
f 	8190	8195	8192
f 	8126	8111	8127
f 	8129	8114	8125
f 	8172	8157	8173
f 	8175	8160	8171
f 	10551	10549	10479
f 	10551	10479	10478
f 	10474	10554	10553
f 	10474	10553	10476
f 	9458	9455	9454
f 	9458	9454	9457
f 	9560	9557	9556
f 	9560	9556	9559
f 	9662	9659	9658
f 	9662	9658	9661
f 	9764	9761	9760
f 	9764	9760	9763
f 	9866	9863	9862
f 	9866	9862	9865
f 	9863	9866	9868
f 	9863	9868	9864
f 	9862	9861	9867
f 	9862	9867	9865
f 	9761	9764	9766
f 	9761	9766	9762
f 	9659	9662	9664
f 	9659	9664	9660
f 	9557	9560	9562
f 	9557	9562	9558
f 	9658	9657	9663
f 	9658	9663	9661
f 	9760	9759	9765
f 	9760	9765	9763
f 	9556	9555	9561
f 	9556	9561	9559
f 	9455	9458	9460
f 	9455	9460	9456
f 	9454	9453	9459
f 	9454	9459	9457
f 	8507	8527	8526
f 	8507	8526	8283
f 	8507	8283	17736
f 	8507	17736	8506
f 	9250	9249	9248
f 	9255	9260	9253
f 	7779	7775	7780
f 	17164	17143	17149
f 	17164	17149	17165
f 	801	809	784
f 	2101	2105	1956
f 	4225	4398	4397
f 	5463	5628	5627
f 	3424	3428	3565
f 	7265	7292	7291
f 	12375	12333	12334
f 	12340	12339	12336
f 	12436	12335	12423
f 	12290	12292	12736
f 	12312	12311	12272
f 	8293	8564	8562
f 	8293	8562	8563
f 	8293	8563	8294
f 	17056	17058	17095
f 	17056	17095	17092
f 	17056	17092	17091
f 	677	462	678
f 	1601	1610	1609
f 	4165	4164	4072
f 	5678	5674	5677
f 	3386	3221	3385
f 	7150	7064	7149
f 	673	460	674
f 	1749	1614	1613
f 	4264	4263	4158
f 	5673	5670	5672
f 	3390	3219	3389
f 	7146	7066	7145
f 	681	464	682
f 	1598	1618	2044
f 	4078	4077	4058
f 	5682	5679	5508
f 	7153	7062	7008
f 	3374	3223	3382
f 	7014	7013	6994
f 	3371	3225	3637
f 	669	458	670
f 	1780	1746	1787
f 	4435	4269	4258
f 	5668	5667	5664
f 	13135	13137	13138
f 	13135	13138	13136
f 	13130	13131	13132
f 	13130	13132	13133
f 	13156	13158	13159
f 	13156	13159	13157
f 	13146	13147	13148
f 	13146	13148	13149
f 	16410	16414	16411
f 	16450	16466	16451
f 	13125	13127	13128
f 	13125	13128	13126
f 	13121	13129	13134
f 	13121	13134	13124
f 	13144	13145	13150
f 	13144	13150	13151
f 	13152	13153	13155
f 	13152	13155	13154
f 	12274	12271	12272
f 	14795	14798	14796
f 	14795	14796	14788
f 	14889	14892	14890
f 	14889	14890	14882
f 	14790	14782	14783
f 	14790	14783	14791
f 	14884	14876	14877
f 	14884	14877	14885
f 	7795	7794	7798
f 	7795	7798	7799
f 	7795	7799	7800
f 	7795	7800	7801
f 	7776	7775	7773
f 	10101	10035	10030
f 	10101	10030	10085
f 	10101	10085	10086
f 	9259	9253	9260
f 	14786	14784	14782
f 	14786	14782	14790
f 	14880	14878	14876
f 	14880	14876	14884
f 	14794	14799	14798
f 	14794	14798	14795
f 	14888	14893	14892
f 	14888	14892	14889
f 	14791	14783	14804
f 	14791	14804	14792
f 	14885	14877	14898
f 	14885	14898	14886
f 	14788	14796	14797
f 	14788	14797	14789
f 	14882	14890	14891
f 	14882	14891	14883
f 	10475	10823	10700
f 	10475	10700	10472
f 	10480	10550	10552
f 	10480	10552	10477
f 	862	765	870
f 	862	870	871
f 	1911	1910	1947
f 	1911	1947	1946
f 	4413	4414	4640
f 	4413	4640	4431
f 	5643	5644	5898
f 	5643	5898	5662
f 	795	794	621
f 	795	621	636
f 	2117	2118	2098
f 	2117	2098	1818
f 	4542	4532	4392
f 	4542	4392	4543
f 	5947	5816	5622
f 	5947	5622	5948
f 	7278	7276	7281
f 	7278	7281	7280
f 	3444	3443	3433
f 	3444	3433	3445
f 	575	590	589
f 	575	589	588
f 	7317	7364	7365
f 	7317	7365	7357
f 	3155	3154	3629
f 	3155	3629	3628
f 	305	322	499
f 	305	499	498
f 	7325	7338	7339
f 	7325	7339	7336
f 	7300	7118	7106
f 	7300	7106	7301
f 	6956	6957	6954
f 	6956	6954	6943
f 	895	896	897
f 	895	897	886
f 	3312	3142	3317
f 	3312	3317	3318
f 	3596	3595	3597
f 	3596	3597	3419
f 	3719	3653	3727
f 	3719	3727	3726
f 	761	742	760
f 	761	760	759
f 	7184	7473	7471
f 	7184	7471	7171
f 	3494	3493	3549
f 	3494	3549	3548
f 	2090	2136	2156
f 	2090	2156	2157
f 	4384	4498	4499
f 	4384	4499	4493
f 	5614	5770	5771
f 	5614	5771	5763
f 	7205	7218	7484
f 	7205	7484	7191
f 	3475	3474	3631
f 	3475	3631	3630
f 	552	432	555
f 	552	555	556
f 	2021	2008	2030
f 	2021	2030	2029
f 	4091	4117	4115
f 	4091	4115	4105
f 	5406	5407	5404
f 	5406	5404	5393
f 	2113	2112	1844
f 	2113	1844	1850
f 	5939	5847	5835
f 	5939	5835	5940
f 	4596	4582	4591
f 	4596	4591	4595
f 	380	379	540
f 	380	540	529
f 	833	843	844
f 	833	844	842
f 	7271	7213	7211
f 	7271	7211	7202
f 	3452	3464	3465
f 	3452	3465	3463
f 	368	383	524
f 	368	524	518
f 	1920	1779	1928
f 	1920	1928	1929
f 	4418	4424	4423
f 	4418	4423	4259
f 	5648	5655	5654
f 	5648	5654	5653
f 	7418	7419	7417
f 	7418	7417	7408
f 	3275	3274	3688
f 	3275	3688	3682
f 	7442	7090	7309
f 	7442	7309	7440
f 	3618	3619	3179
f 	3618	3179	3194
f 	792	793	582
f 	792	582	613
f 	6924	7433	7432
f 	6924	7432	7420
f 	3263	3278	3699
f 	3263	3699	3679
f 	7378	7370	7313
f 	7378	7313	7377
f 	3623	3624	3170
f 	3623	3170	3169
f 	6941	6940	7045
f 	6941	7045	7036
f 	737	716	735
f 	737	735	738
f 	7174	7468	7466
f 	7174	7466	7160
f 	3650	3243	3706
f 	3650	3706	3661
f 	3504	3503	3534
f 	3504	3534	3536
f 	2067	1720	2080
f 	2067	2080	2081
f 	4366	4375	4376
f 	4366	4376	4373
f 	5590	5605	5606
f 	5590	5606	5597
f 	1668	1667	2060
f 	1668	2060	1972
f 	4336	4351	4361
f 	4336	4361	4337
f 	5445	5446	5571
f 	5445	5571	5561
f 	1879	1891	1892
f 	1879	1892	1890
f 	4404	4405	4627
f 	4404	4627	4618
f 	5634	5635	5892
f 	5634	5892	5884
f 	1656	1671	2056
f 	1656	2056	1975
f 	4193	4348	4347
f 	4193	4347	4333
f 	5441	5442	5570
f 	5441	5570	5558
f 	7289	7287	7121
f 	7289	7121	7291
f 	806	801	805
f 	806	805	807
f 	319	349	504
f 	319	504	503
f 	7321	7351	7352
f 	7321	7352	7344
f 	3425	3424	3416
f 	3425	3416	3426
f 	3139	3138	3576
f 	3139	3576	3575
f 	711	714	710
f 	711	710	709
f 	7163	7463	7461
f 	7163	7461	7009
f 	3514	3373	3523
f 	3514	3523	3524
f 	2166	2167	2094
f 	2166	2094	2121
f 	5784	5776	5618
f 	5784	5618	5783
f 	4510	4504	4388
f 	4510	4388	4509
f 	1774	1760	1772
f 	1774	1772	1775
f 	4242	4252	4250
f 	4242	4250	4159
f 	5480	5978	5979
f 	5480	5979	5965
f 	429	428	568
f 	429	568	567
f 	698	687	695
f 	698	695	697
f 	6999	7000	6997
f 	6999	6997	6987
f 	3367	3364	3365
f 	3367	3365	3366
f 	2005	1636	2034
f 	2005	2034	2016
f 	2103	2101	1847
f 	2103	1847	1861
f 	5391	5390	5435
f 	5391	5435	5424
f 	5928	5923	5850
f 	5928	5850	5627
f 	4557	4558	4556
f 	4557	4556	4397
f 	4103	4102	4132
f 	4103	4132	4121
f 	1757	1600	1761
f 	1757	1761	1762
f 	4151	4152	4149
f 	4151	4149	4073
f 	5485	5983	5984
f 	5485	5984	5956
f 	1717	1716	2165
f 	1717	2165	2164
f 	5610	5757	5758
f 	5610	5758	5750
f 	4380	4487	4488
f 	4380	4488	4482
f 	7194	7480	7478
f 	7194	7478	7181
f 	6966	6967	6964
f 	6966	6964	6962
f 	3484	3483	3556
f 	3484	3556	3555
f 	3673	3669	3670
f 	3673	3670	3672
f 	7411	7436	7334
f 	7411	7334	7333
f 	3292	3291	3694
f 	3292	3694	3695
f 	7305	7103	7093
f 	7305	7093	7306
f 	397	396	542
f 	397	542	541
f 	3611	3612	3191
f 	3611	3191	3607
f 	298	294	293
f 	298	293	297
f 	904	905	633
f 	904	633	903
f 	1594	1591	1592
f 	1594	1592	1593
f 	5491	5492	5493
f 	5491	5493	5495
f 	4063	4064	4061
f 	4063	4061	4051
f 	825	824	814
f 	825	814	826
f 	1685	1684	2073
f 	1685	2073	2074
f 	5577	5586	5587
f 	5577	5587	5579
f 	4354	4362	4363
f 	4354	4363	4357
f 	1988	1989	1987
f 	1988	1987	1986
f 	5380	5381	5382
f 	5380	5382	5384
f 	4030	4031	4027
f 	4030	4027	4026
f 	1826	1825	1815
f 	1826	1815	1828
f 	4546	4548	4534
f 	4546	4534	4544
f 	5941	5832	5818
f 	5941	5818	5942
f 	346	371	523
f 	346	523	510
f 	1871	1870	1858
f 	1871	1858	1872
f 	4612	4604	4400
f 	4612	4400	4401
f 	5914	5909	5630
f 	5914	5630	5631
f 	6931	6932	6929
f 	6931	6929	6921
f 	3240	3266	3702
f 	3240	3702	3676
f 	1633	1659	2052
f 	1633	2052	1978
f 	4124	4203	4201
f 	4124	4201	4190
f 	5427	5438	5554
f 	5427	5554	5544
f 	854	853	881
f 	854	881	880
f 	6983	6984	6981
f 	6983	6981	6970
f 	487	475	484
f 	487	484	486
f 	3351	3347	3348
f 	3351	3348	3350
f 	1902	1901	2177
f 	1902	2177	2176
f 	4408	4409	4629
f 	4408	4629	4621
f 	5638	5639	5894
f 	5638	5894	5875
f 	1578	1574	1575
f 	1578	1575	1577
f 	4047	4048	4045
f 	4047	4045	4034
f 	5501	5510	5511
f 	5501	5511	5513
f 	14788	14789	14787
f 	14788	14787	14786
f 	14788	14786	14790
f 	14788	14790	14791
f 	14788	14791	14792
f 	14788	14792	14793
f 	14788	14793	14794
f 	14788	14794	14795
f 	14882	14883	14881
f 	14882	14881	14880
f 	14882	14880	14884
f 	14882	14884	14885
f 	14882	14885	14886
f 	14882	14886	14887
f 	14882	14887	14888
f 	14882	14888	14889
f 	14787	14789	14797
f 	14787	14797	14785
f 	14881	14883	14891
f 	14881	14891	14879
f 	14800	14799	14794
f 	14800	14794	14793
f 	14894	14893	14888
f 	14894	14888	14887
f 	14804	14800	14793
f 	14804	14793	14792
f 	14898	14894	14887
f 	14898	14887	14886
f 	14786	14787	14785
f 	14786	14785	14784
f 	14880	14881	14879
f 	14880	14879	14878
f 	9231	9248	9249
f 	14230	14485	14229
f 	14230	14229	14228
f 	14221	14239	14238
f 	14221	14238	14222
f 	14230	14231	14486
f 	14230	14486	14485
f 	14227	14239	14221
f 	14227	14221	14220
f 	14227	14220	14226
f 	14227	14226	14225
f 	8351	8329	8328
f 	8351	8328	8338
f 	12000	12003	12006
f 	12000	12006	12001
f 	10277	10276	10241
f 	10277	10241	10242
f 	14626	14629	14641
f 	14626	14641	14642
f 	14626	14642	14645
f 	14626	14645	14625
f 	14630	14631	14639
f 	14630	14639	14640
f 	14630	14640	14641
f 	14630	14641	14629
f 	10361	10281	10282
f 	10361	10282	10362
f 	10361	10362	10317
f 	10361	10317	10319
f 	14632	14633	14636
f 	14632	14636	14637
f 	14632	14637	14639
f 	14632	14639	14631
f 	10279	10278	10277
f 	10279	10277	10242
f 	10279	10242	10243
f 	10279	10243	10244
f 	14633	14634	14527
f 	14633	14527	14529
f 	14633	14529	14635
f 	14633	14635	14636
f 	10321	10318	10319
f 	10321	10319	10317
f 	10321	10317	10316
f 	10321	10316	10320
f 	14623	14625	14645
f 	14623	14645	14646
f 	14623	14646	14648
f 	14623	14648	14620
f 	14525	14523	14524
f 	14525	14524	14528
f 	14525	14528	14529
f 	14525	14529	14527
f 	10281	10280	10279
f 	10281	10279	10244
f 	10281	10244	10245
f 	10281	10245	10282
f 	10325	10323	10321
f 	10325	10321	10320
f 	10325	10320	10322
f 	10325	10322	10324
f 	6116	6098	6115
f 	2343	2346	2315
f 	6484	6594	6483
f 	2778	2781	2750
f 	12134	12173	12136
f 	12172	12163	12164
f 	12132	12173	12134
f 	11271	10781	10787
f 	17053	17052	17046
f 	17053	17046	17049
f 	14548	14549	14550
f 	14548	14550	14551
f 	10376	10377	10378
f 	10376	10378	10375
f 	12130	12173	12132
f 	10340	10373	10372
f 	10340	10372	10341
f 	10340	10341	10339
f 	10340	10339	10338
f 	14545	14546	14553
f 	14545	14553	14554
f 	14545	14554	14555
f 	14545	14555	14544
f 	14613	14614	14651
f 	14613	14651	14657
f 	14613	14657	14658
f 	14613	14658	14611
f 	14610	14611	14658
f 	14610	14658	14660
f 	14610	14660	14542
f 	14610	14542	14557
f 	10374	10375	10378
f 	10374	10378	10379
f 	10374	10379	10372
f 	10374	10372	10373
f 	14547	14548	14551
f 	14547	14551	14552
f 	14547	14552	14553
f 	14547	14553	14546
f 	10339	10337	10335
f 	10339	10335	10334
f 	10339	10334	10336
f 	10339	10336	10338
f 	14555	14556	14557
f 	14555	14557	14542
f 	14555	14542	14543
f 	14555	14543	14544
f 	10331	10329	10327
f 	10331	10327	10326
f 	10331	10326	10328
f 	10331	10328	10330
f 	10335	10333	10331
f 	10335	10331	10330
f 	10335	10330	10332
f 	10335	10332	10334
f 	7782	7811	7812
f 	7782	7812	7813
f 	7782	7813	7810
f 	7782	7810	7809
f 	10910	10911	10908
f 	10910	10908	10693
f 	10910	10693	10695
f 	10910	10695	10909
f 	8125	8112	8111
f 	8114	8129	8128
f 	8171	8158	8157
f 	8160	8175	8174
f 	9991	9998	9997
f 	1708	1707	1711
f 	1708	1711	1714
f 	4477	4480	4478
f 	4477	4478	4476
f 	5744	5748	5745
f 	5744	5745	5743
f 	2010	2002	2003
f 	2010	2003	2014
f 	4110	4182	4181
f 	4110	4181	4111
f 	5398	5420	5419
f 	5398	5419	5399
f 	3129	3133	3136
f 	3129	3136	3130
f 	4589	4594	4593
f 	4589	4593	4590
f 	1835	1834	1836
f 	1835	1836	1839
f 	5830	5841	5840
f 	5830	5840	5831
f 	4132	4133	4130
f 	4132	4130	4121
f 	1636	2036	2035
f 	1636	2035	2034
f 	5424	5435	5436
f 	5424	5436	5433
f 	3236	3237	3249
f 	3236	3249	3245
f 	420	419	423
f 	420	423	426
f 	323	315	316
f 	323	316	327
f 	7399	7349	7348
f 	7399	7348	7400
f 	908	911	907
f 	908	907	906
f 	4115	4116	4113
f 	4115	4113	4105
f 	2030	2008	2031
f 	2030	2031	2032
f 	5404	5405	5402
f 	5404	5402	5393
f 	4539	4532	4542
f 	4539	4542	4541
f 	2115	2116	2117
f 	2115	2117	1818
f 	5944	5816	5947
f 	5944	5947	5946
f 	3436	3435	3440
f 	3436	3440	3439
f 	3721	3720	3725
f 	3721	3725	3724
f 	3605	3603	3604
f 	3605	3604	3600
f 	4485	4373	4376
f 	4485	4376	4486
f 	2082	2083	2080
f 	2082	2080	1720
f 	5755	5597	5606
f 	5755	5606	5756
f 	4055	4650	4651
f 	4055	4651	4056
f 	2048	2046	2047
f 	2048	2047	2050
f 	5505	5950	5951
f 	5505	5951	5506
f 	504	349	506
f 	504	506	505
f 	7042	7041	7491
f 	7042	7491	7490
f 	3161	3160	3164
f 	3161	3164	3167
f 	3733	3732	3735
f 	3733	3735	3737
f 	4198	4197	4327
f 	4198	4327	4326
f 	1649	1652	1653
f 	1649	1653	1650
f 	5736	5735	5551
f 	5736	5551	5550
f 	4612	4613	4610
f 	4612	4610	4604
f 	1873	1871	1872
f 	1873	1872	1875
f 	5914	5915	5912
f 	5914	5912	5909
f 	4500	4501	4493
f 	4500	4493	4499
f 	4507	4506	4524
f 	4507	4524	4523
f 	2139	2142	2140
f 	2139	2140	2133
f 	2159	2156	2136
f 	2159	2136	2158
f 	5772	5773	5763
f 	5772	5763	5771
f 	5781	5780	5808
f 	5781	5808	5807
f 	3260	3257	3256
f 	3260	3256	3259
f 	4608	4603	4602
f 	4608	4602	4609
f 	1882	1881	1886
f 	1882	1886	1885
f 	5908	5906	5905
f 	5908	5905	5907
f 	4512	4504	4510
f 	4512	4510	4511
f 	2169	2168	2166
f 	2169	2166	2121
f 	5786	5776	5784
f 	5786	5784	5785
f 	4342	4333	4347
f 	4342	4347	4344
f 	2057	2058	2056
f 	2057	2056	1671
f 	5567	5558	5570
f 	5567	5570	5569
f 	1822	1821	2172
f 	1822	2172	2175
f 	4530	4538	4537
f 	4530	4537	4531
f 	5814	5823	5822
f 	5814	5822	5815
f 	3195	3205	3206
f 	3195	3206	3196
f 	3380	3377	3376
f 	3380	3376	3381
f 	4167	4166	4070
f 	4167	4070	4069
f 	1607	1604	1603
f 	1607	1603	1608
f 	5960	5959	5954
f 	5960	5954	5953
f 	4423	4421	4420
f 	4423	4420	4259
f 	1928	1779	1930
f 	1928	1930	1931
f 	5654	5651	5650
f 	5654	5650	5653
f 	4266	4265	4156
f 	4266	4156	4155
f 	1753	1754	1752
f 	1753	1752	1751
f 	5969	5968	5963
f 	5969	5963	5962
f 	3521	3519	3518
f 	3521	3518	3522
f 	4630	4631	4621
f 	4630	4621	4629
f 	2178	2177	1901
f 	2178	1901	2179
f 	5895	5896	5875
f 	5895	5875	5894
f 	4061	4062	4059
f 	4061	4059	4051
f 	1592	1591	1588
f 	1592	1588	1587
f 	5493	5494	5496
f 	5493	5496	5495
f 	3477	3481	3480
f 	3477	3480	3478
f 	4617	4616	4624
f 	4617	4624	4623
f 	1907	1905	1904
f 	1907	1904	1908
f 	5888	5883	5882
f 	5888	5882	5889
f 	4034	4045	4046
f 	4034	4046	4043
f 	1574	1573	1576
f 	1574	1576	1575
f 	1691	1689	1680
f 	1691	1680	1688
f 	4313	4314	4312
f 	4313	4312	4311
f 	5513	5511	5512
f 	5513	5512	5514
f 	5723	5584	5583
f 	5723	5583	5722
f 	4190	4201	4202
f 	4190	4202	4199
f 	1659	2053	2054
f 	1659	2054	2052
f 	5544	5554	5555
f 	5544	5555	5552
f 	7341	7336	7339
f 	7341	7339	7340
f 	3319	3320	3317
f 	3319	3317	3142
f 	499	322	500
f 	499	500	501
f 	1924	1923	1927
f 	1924	1927	1926
f 	4427	4645	4644
f 	4427	4644	4428
f 	3498	3497	3501
f 	3498	3501	3500
f 	5658	5871	5870
f 	5658	5870	5659
f 	4490	4482	4488
f 	4490	4488	4489
f 	2163	2162	2165
f 	2163	2165	1716
f 	5760	5750	5758
f 	5760	5758	5759
f 	4149	4150	4148
f 	4149	4148	4073
f 	1761	1600	1763
f 	1761	1763	1764
f 	5984	5985	5986
f 	5984	5986	5956
f 	797	796	795
f 	797	795	636
f 	4640	4641	4642
f 	4640	4642	4431
f 	1944	1947	1910
f 	1944	1910	1945
f 	5899	5900	5662
f 	5899	5662	5898
f 	4250	4251	4249
f 	4250	4249	4159
f 	1772	1760	1771
f 	1772	1771	1773
f 	5979	5980	5981
f 	5979	5981	5965
f 	7447	7451	7450
f 	7447	7450	7448
f 	4337	4361	4360
f 	4337	4360	4358
f 	1667	2061	2062
f 	1667	2062	2060
f 	5561	5571	5572
f 	5561	5572	5573
f 	3509	3508	3512
f 	3509	3512	3511
f 	4255	4437	4436
f 	4255	4436	4256
f 	1783	1782	1786
f 	1783	1786	1785
f 	5971	5977	5976
f 	5971	5976	5972
f 	3711	3716	3715
f 	3711	3715	3712
f 	7028	7027	7488
f 	7028	7488	7487
f 	7102	7101	7112
f 	7102	7112	7111
f 	557	558	555
f 	557	555	432
f 	690	689	916
f 	690	916	918
f 	4636	4635	4639
f 	4636	4639	4638
f 	1914	1918	1917
f 	1914	1917	1915
f 	3487	3491	3490
f 	3487	3490	3488
f 	5874	5873	5879
f 	5874	5879	5878
f 	4517	4516	4521
f 	4517	4521	4520
f 	2124	2129	2131
f 	2124	2131	2125
f 	5792	5791	5799
f 	5792	5799	5798
f 	1995	1994	2039
f 	1995	2039	2041
f 	4039	4084	4083
f 	4039	4083	4040
f 	5520	5530	5532
f 	5520	5532	5521
f 	3175	3176	3186
f 	3175	3186	3182
f 	7405	7375	7374
f 	7405	7374	7406
f 	3298	3296	3287
f 	3298	3287	3295
f 	6991	7494	7495
f 	6991	7495	6992
f 	3621	3622	3623
f 	3621	3623	3169
f 	7380	7370	7378
f 	7380	7378	7379
f 	3280	3270	3279
f 	3280	3279	3282
f 	364	365	362
f 	364	362	361
f 	825	826	829
f 	825	829	827
f 	3627	3626	3629
f 	3627	3629	3154
f 	586	585	589
f 	586	589	590
f 	7357	7365	7366
f 	7357	7366	7367
f 	604	608	611
f 	604	611	605
f 	1673	1663	1672
f 	1673	1672	1675
f 	4647	4648	4341
f 	4647	4341	4340
f 	5739	5738	5566
f 	5739	5566	5565
f 	4566	4571	4570
f 	4566	4570	4567
f 	1863	1862	1867
f 	1863	1867	1866
f 	5922	5920	5919
f 	5922	5919	5921
f 	6920	6925	6918
f 	6920	6918	6917
f 	836	835	840
f 	836	840	839
f 	789	791	792
f 	789	792	613
f 	525	526	524
f 	525	524	383
f 	4627	4628	4625
f 	4627	4625	4618
f 	1892	1891	1894
f 	1892	1894	1893
f 	5892	5893	5890
f 	5892	5890	5884
f 	638	637	646
f 	638	646	647
f 	3455	3454	3459
f 	3455	3459	3458
f 	7085	7088	7082
f 	7085	7082	7081
f 	7155	7154	7006
f 	7155	7006	7005
f 	730	728	727
f 	730	727	731
f 	7471	7472	7470
f 	7471	7470	7171
f 	760	742	757
f 	760	757	756
f 	3549	3493	3546
f 	3549	3546	3545
f 	4580	4577	4576
f 	4580	4576	4579
f 	1852	1851	1856
f 	1852	1856	1855
f 	5846	5943	5843
f 	5846	5843	5842
f 	3423	3422	3613
f 	3423	3613	3614
f 	721	719	718
f 	721	718	722
f 	7166	7165	7158
f 	7166	7158	7157
f 	4095	4180	4179
f 	4095	4179	4096
f 	2024	2023	2028
f 	2024	2028	2027
f 	5413	5525	5524
f 	5413	5524	5414
f 	878	881	853
f 	878	853	879
f 	6995	6987	6997
f 	6995	6997	6998
f 	3365	3364	3361
f 	3365	3361	3360
f 	695	687	694
f 	695	694	696
f 	7201	7200	7208
f 	7201	7208	7207
f 	859	857	856
f 	859	856	860
f 	475	483	485
f 	475	485	484
f 	403	401	392
f 	403	392	400
f 	6970	6981	6982
f 	6970	6982	6979
f 	3347	3346	3349
f 	3347	3349	3348
f 	371	521	520
f 	371	520	523
f 	4357	4363	4371
f 	4357	4371	4370
f 	1684	2072	2071
f 	1684	2071	2073
f 	5579	5587	5595
f 	5579	5595	5594
f 	7179	7187	7186
f 	7179	7186	7180
f 	767	766	770
f 	767	770	769
f 	7354	7344	7352
f 	7354	7352	7353
f 	3577	3578	3576
f 	3577	3576	3138
f 	1698	1702	2075
f 	1698	2075	1699
f 	4301	4302	4300
f 	4301	4300	4299
f 	5717	5602	5601
f 	5717	5601	5716
f 	569	570	568
f 	569	568	428
f 	7461	7462	7460
f 	7461	7460	7009
f 	710	714	707
f 	710	707	706
f 	3523	3373	3525
f 	3523	3525	3526
f 	4582	4596	4597
f 	4582	4597	4598
f 	1850	2109	2111
f 	1850	2111	2113
f 	5847	5939	5938
f 	5847	5938	5937
f 	3304	3308	3311
f 	3304	3311	3305
f 	870	765	873
f 	870	873	872
f 	3727	3653	3728
f 	3727	3728	3729
f 	6954	6955	6952
f 	6954	6952	6943
f 	7466	7467	7465
f 	7466	7465	7160
f 	3534	3503	3533
f 	3534	3533	3535
f 	735	716	734
f 	735	734	736
f 	3655	3647	3648
f 	3655	3648	3659
f 	7090	7442	7441
f 	7090	7441	7443
f 	3194	3616	3617
f 	3194	3617	3618
f 	379	538	537
f 	379	537	540
f 	7168	7177	7176
f 	7168	7176	7169
f 	745	744	748
f 	745	748	747
f 	4027	4028	4029
f 	4027	4029	4026
f 	1987	1989	1984
f 	1987	1984	1983
f 	5382	5383	5385
f 	5382	5385	5384
f 	4547	4548	4546
f 	4547	4546	4545
f 	1829	1827	1826
f 	1829	1826	1828
f 	5933	5832	5941
f 	5933	5941	5934
f 	6976	6975	7020
f 	6976	7020	7019
f 	4129	4128	4186
f 	4129	4186	4185
f 	1629	1630	1642
f 	1629	1642	1638
f 	5432	5431	5540
f 	5432	5540	5539
f 	7190	7189	7197
f 	7190	7197	7196
f 	865	869	868
f 	865	868	866
f 	3631	3474	3633
f 	3631	3633	3632
f 	7484	7485	7483
f 	7484	7483	7191
f 	3146	3145	3149
f 	3146	3149	3152
f 	617	618	628
f 	617	628	624
f 	478	477	471
f 	478	471	470
f 	3556	3483	3554
f 	3556	3554	3553
f 	7478	7479	7477
f 	7478	7477	7181
f 	7386	7385	7392
f 	7386	7392	7391
f 	3274	3687	3686
f 	3274	3686	3688
f 	7408	7417	7414
f 	7408	7414	7412
f 	3698	3697	3699
f 	3698	3699	3278
f 	7427	7420	7432
f 	7427	7432	7429
f 	4557	4559	4561
f 	4557	4561	4558
f 	2103	1861	2106
f 	2103	2106	2104
f 	5928	5929	5926
f 	5928	5926	5923
f 	6901	6902	6900
f 	6901	6900	6899
f 	7438	7439	7426
f 	7438	7426	7425
f 	385	375	384
f 	385	384	387
f 	818	817	822
f 	818	822	821
f 	3445	3448	3446
f 	3445	3446	3444
f 	7276	7278	7279
f 	7276	7279	7277
f 	3465	3464	3467
f 	3465	3467	3466
f 	7211	7212	7209
f 	7211	7209	7202
f 	845	844	843
f 	845	843	846
f 	7454	7458	7457
f 	7454	7457	7455
f 	890	889	914
f 	890	914	915
f 	7117	7486	7114
f 	7117	7114	7113
f 	310	309	331
f 	310	331	330
f 	396	544	543
f 	396	543	542
f 	410	414	549
f 	410	549	411
f 	886	892	894
f 	886	894	895
f 	6889	6890	6888
f 	6889	6888	6887
f 	6921	6929	6930
f 	6921	6930	6927
f 	3266	3701	3703
f 	3266	3703	3702
f 	2151	2152	2147
f 	2151	2147	2146
f 	4526	4496	4495
f 	4526	4495	4527
f 	5804	5768	5767
f 	5804	5767	5805
f 	6948	7032	7031
f 	6948	7031	6949
f 	3609	3610	3611
f 	3609	3611	3607
f 	7303	7103	7305
f 	7303	7305	7304
f 	293	294	295
f 	293	295	296
f 	3670	3669	3668
f 	3670	3668	3671
f 	6964	6965	6963
f 	6964	6963	6962
f 	901	902	904
f 	901	904	903
f 	342	343	354
f 	342	354	350
f 	7289	7290	7288
f 	7289	7288	7287
f 	7362	7361	7403
f 	7362	7403	7402
f 	3425	3426	3429
f 	3425	3429	3427
f 	3706	3243	3705
f 	3706	3705	3707
f 	7045	7046	7043
f 	7045	7043	7036
f 	3693	3692	3694
f 	3693	3694	3291
f 	7330	7333	7334
f 	7330	7334	7331
f 	806	807	810
f 	806	810	808
f 	597	598	592
f 	597	592	591
f 	16886	16919	16885
f 	8205	8206	8200
f 	8205	8200	8204
f 	47	48	49
f 	47	49	50
f 	47	50	51
f 	47	51	52
f 	47	52	53
f 	47	53	54
f 	47	54	55
f 	47	55	56
f 	60	61	59
f 	60	59	57
f 	60	57	58
f 	60	58	62
f 	60	62	63
f 	60	63	64
f 	60	64	65
f 	60	65	66
f 	12065	12006	12058
f 	12065	12058	12060
f 	6584	6585	6579
f 	2803	2801	2770
f 	2354	2352	2335
f 	6107	6101	6102
f 	2807	2762	2808
f 	6472	6471	6468
f 	2358	2327	2359
f 	6138	6133	6137
f 	2800	2782	2773
f 	6589	6590	6588
f 	2359	2326	2320
f 	6122	6134	6138
f 	2755	2757	2754
f 	2808	2761	2755
f 	6474	6473	6472
f 	6477	6476	6474
f 	2352	2350	2337
f 	6109	6100	6101
f 	2801	2800	2772
f 	6587	6588	6585
f 	2350	2347	2338
f 	6110	6099	6100
f 	2320	2322	2319
f 	6120	6124	6122
f 	12290	12291	12292
f 	8317	8366	8364
f 	8148	8149	8146
f 	8148	8146	8140
f 	8148	8140	8147
f 	8102	8103	8100
f 	8102	8100	8094
f 	8102	8094	8101
f 	8121	8118	8110
f 	8121	8110	8123
f 	8167	8164	8156
f 	8167	8156	8169
f 	10401	10406	10402
f 	3120	3134	3122
f 	6879	7346	6877
f 	433	424	416
f 	1721	1712	1704
f 	4291	4472	4289
f 	5711	5752	5709
f 	1689	1690	1681
f 	1689	1681	1680
f 	3163	3166	3167
f 	3163	3167	3164
f 	3296	3297	3288
f 	3296	3288	3287
f 	3258	3268	3259
f 	3258	3259	3256
f 	2141	2134	2133
f 	2141	2133	2140
f 	1651	1661	1652
f 	1651	1652	1649
f 	4311	4312	4310
f 	4311	4310	4309
f 	5722	5583	5582
f 	5722	5582	5721
f 	392	401	402
f 	392	402	393
f 	1853	1852	1855
f 	1853	1855	1854
f 	3133	3132	3135
f 	3133	3135	3136
f 	3414	3423	3614
f 	3414	3614	3415
f 	1711	1710	1713
f 	1711	1713	1714
f 	2013	2011	2010
f 	2013	2010	2014
f 	3157	3579	3577
f 	3157	3577	3138
f 	7356	7344	7354
f 	7356	7354	7355
f 	7407	7406	7374
f 	7407	7374	7373
f 	4502	4503	4493
f 	4502	4493	4501
f 	587	586	590
f 	587	590	614
f 	2160	2158	2136
f 	2160	2136	2135
f 	5774	5775	5763
f 	5774	5763	5773
f 	6897	6899	6900
f 	6897	6900	6898
f 	573	571	569
f 	573	569	428
f 	4492	4482	4490
f 	4492	4490	4491
f 	5762	5750	5760
f 	5762	5760	5761
f 	2149	2161	2163
f 	2149	2163	1716
f 	6914	6918	6925
f 	6914	6925	6915
f 	7368	7369	7357
f 	7368	7357	7367
f 	3625	3627	3154
f 	3625	3154	3172
f 	1839	1838	1842
f 	1839	1842	1835
f 	4522	4524	4506
f 	4522	4506	4505
f 	607	610	611
f 	607	611	608
f 	5809	5808	5780
f 	5809	5780	5779
f 	2051	2049	2048
f 	2051	2048	2050
f 	3736	3734	3733
f 	3736	3733	3737
f 	4324	4327	4197
f 	4324	4197	4196
f 	5737	5736	5550
f 	5737	5550	5549
f 	363	373	364
f 	363	364	361
f 	3206	3204	3197
f 	3206	3197	3196
f 	3489	3482	3488
f 	3489	3488	3490
f 	2174	1823	1822
f 	2174	1822	2175
f 	3513	3519	3521
f 	3513	3521	3520
f 	3728	3653	3652
f 	3728	3652	3730
f 	6952	6953	6944
f 	6952	6944	6943
f 	797	636	635
f 	797	635	798
f 	4539	4540	4533
f 	4539	4533	4532
f 	5944	5945	5817
f 	5944	5817	5816
f 	2115	1818	1817
f 	2115	1817	2114
f 	3246	3245	3249
f 	3246	3249	3248
f 	3369	3377	3380
f 	3369	3380	3378
f 	1906	1899	1905
f 	1906	1905	1907
f 	4574	4573	4577
f 	4574	4577	4580
f 	5845	5852	5943
f 	5845	5943	5846
f 	883	890	915
f 	883	915	884
f 	7400	7348	7347
f 	7400	7347	7401
f 	7116	7123	7486
f 	7116	7486	7117
f 	423	422	425
f 	423	425	426
f 	4478	4480	4483
f 	4478	4483	4479
f 	5745	5748	5753
f 	5745	5753	5746
f 	1596	1604	1607
f 	1596	1607	1605
f 	7296	7119	7118
f 	7296	7118	7297
f 	3590	3591	3419
f 	3590	3419	3418
f 	7342	7343	7336
f 	7342	7336	7341
f 	3322	3319	3142
f 	3322	3142	3141
f 	326	324	323
f 	326	323	327
f 	4183	4182	4110
f 	4183	4110	4109
f 	5421	5420	5398
f 	5421	5398	5397
f 	4121	4130	4131
f 	4121	4131	4122
f 	349	348	507
f 	349	507	506
f 	1636	1635	2037
f 	1636	2037	2036
f 	5424	5433	5434
f 	5424	5434	5425
f 	4484	4481	4373
f 	4484	4373	4485
f 	560	557	432
f 	560	432	431
f 	5754	5749	5597
f 	5754	5597	5755
f 	2085	2082	1720
f 	2085	1720	1719
f 	1919	1924	1926
f 	1919	1926	1925
f 	3492	3498	3500
f 	3492	3500	3499
f 	3502	3509	3511
f 	3502	3511	3510
f 	1783	1785	1784
f 	1783	1784	1776
f 	4113	4114	4106
f 	4113	4106	4105
f 	500	322	321
f 	500	321	502
f 	2031	2008	2007
f 	2031	2007	2033
f 	5402	5403	5394
f 	5402	5394	5393
f 	907	911	910
f 	907	910	913
f 	4588	4592	4594
f 	4588	4594	4589
f 	5829	5838	5841
f 	5829	5841	5830
f 	3713	3712	3715
f 	3713	3715	3714
f 	917	691	690
f 	917	690	918
f 	4649	4650	4055
f 	4649	4055	4054
f 	5949	5950	5505
f 	5949	5505	5504
f 	4370	4368	4369
f 	4370	4369	4357
f 	544	396	546
f 	544	546	545
f 	294	302	300
f 	294	300	295
f 	4026	4029	4097
f 	4026	4097	4089
f 	1984	1989	2019
f 	1984	2019	1985
f 	5385	5387	5410
f 	5385	5410	5384
f 	2070	2069	2072
f 	2070	2072	1684
f 	3609	3607	3606
f 	3609	3606	3608
f 	7303	7302	7104
f 	7303	7104	7103
f 	5579	5594	5592
f 	5579	5592	5593
f 	7493	7494	6991
f 	7493	6991	6990
f 	789	613	623
f 	789	623	790
f 	4512	4513	4514
f 	4512	4514	4504
f 	2169	2121	2120
f 	2169	2120	2170
f 	5786	5787	5788
f 	5786	5788	5776
f 	371	370	522
f 	371	522	521
f 	4190	4199	4200
f 	4190	4200	4191
f 	1659	1658	2055
f 	1659	2055	2053
f 	5544	5552	5553
f 	5544	5553	5545
f 	3668	3669	3667
f 	3668	3667	3666
f 	6963	6961	6960
f 	6963	6960	6962
f 	3186	3185	3183
f 	3186	3183	3182
f 	1673	1674	1664
f 	1673	1664	1663
f 	7082	7088	7087
f 	7082	7087	7083
f 	1865	1864	1863
f 	1865	1863	1866
f 	3438	3437	3436
f 	3438	3436	3439
f 	3621	3169	3181
f 	3621	3181	3620
f 	7380	7381	7382
f 	7380	7382	7370
f 	1909	1915	1917
f 	1909	1917	1916
f 	7288	7286	7285
f 	7288	7285	7287
f 	3429	3426	3430
f 	3429	3430	3431
f 	1996	1995	2041
f 	1996	2041	2040
f 	3280	3281	3271
f 	3280	3271	3270
f 	2131	2128	2126
f 	2131	2126	2125
f 	7195	7197	7189
f 	7195	7189	7188
f 	4342	4343	4334
f 	4342	4334	4333
f 	525	383	382
f 	525	382	527
f 	5567	5568	5559
f 	5567	5559	5558
f 	2057	1671	1670
f 	2057	1670	2059
f 	7330	7328	7329
f 	7330	7329	7333
f 	3315	3691	3693
f 	3315	3693	3291
f 	4536	4538	4530
f 	4536	4530	4529
f 	5821	5823	5814
f 	5821	5814	5813
f 	645	639	638
f 	645	638	647
f 	3658	3656	3655
f 	3658	3655	3659
f 	1754	1753	1756
f 	1754	1756	1755
f 	539	538	379
f 	539	379	399
f 	4359	4356	4337
f 	4359	4337	4358
f 	2063	2061	1667
f 	2063	1667	1687
f 	5574	5575	5561
f 	5574	5561	5573
f 	3533	3503	3516
f 	3533	3516	3532
f 	7465	7464	7161
f 	7465	7161	7160
f 	7156	7164	7166
f 	7156	7166	7157
f 	3472	3478	3480
f 	3472	3480	3479
f 	3361	3364	3362
f 	3361	3362	3359
f 	6995	6996	6988
f 	6995	6988	6987
f 	694	687	686
f 	694	686	693
f 	4059	4060	4052
f 	4059	4052	4051
f 	1588	1591	1589
f 	1588	1589	1586
f 	5496	5498	5499
f 	5496	5499	5495
f 	7040	7492	7491
f 	7040	7491	7041
f 	3456	3455	3458
f 	3456	3458	3457
f 	1883	1882	1885
f 	1883	1885	1884
f 	7004	7012	7155
f 	7004	7155	7005
f 	5882	5881	5887
f 	5882	5887	5889
f 	858	851	857
f 	858	857	859
f 	4622	4624	4616
f 	4622	4616	4615
f 	3723	3722	3721
f 	3723	3721	3724
f 	4148	4147	4074
f 	4148	4074	4073
f 	707	714	725
f 	707	725	708
f 	723	728	730
f 	723	730	729
f 	4068	4076	4167
f 	4068	4167	4069
f 	5952	5958	5960
f 	5952	5960	5953
f 	1763	1600	1599
f 	1763	1599	1765
f 	5986	5987	5957
f 	5986	5957	5956
f 	763	767	769
f 	763	769	768
f 	5657	5666	5871
f 	5657	5871	5658
f 	4432	4431	4642
f 	4432	4642	4643
f 	764	772	873
f 	764	873	765
f 	4426	4434	4645
f 	4426	4645	4427
f 	7182	7181	7477
f 	7182	7477	7476
f 	3496	3551	3554
f 	3496	3554	3483
f 	7178	7185	7187
f 	7178	7187	7179
f 	5663	5662	5900
f 	5663	5900	5901
f 	1922	1942	1945
f 	1922	1945	1910
f 	7167	7175	7177
f 	7167	7177	7168
f 	742	741	758
f 	742	758	757
f 	4259	4420	4422
f 	4259	4422	4260
f 	1779	1778	1932
f 	1779	1932	1930
f 	5653	5650	5652
f 	5653	5652	5974
f 	4255	4254	4262
f 	4255	4262	4437
f 	5971	5970	5975
f 	5971	5975	5977
f 	7171	7470	7469
f 	7171	7469	7172
f 	745	747	746
f 	745	746	739
f 	3493	3506	3547
f 	3493	3547	3546
f 	3598	3600	3604
f 	3598	3604	3602
f 	7460	7459	7010
f 	7460	7010	7009
f 	3527	3525	3373
f 	3527	3373	3372
f 	1702	1701	2076
f 	1702	2076	2075
f 	2026	2025	2024
f 	2026	2024	2027
f 	3243	3242	3704
f 	3243	3704	3705
f 	7036	7043	7044
f 	7036	7044	7037
f 	4159	4249	4248
f 	4159	4248	4160
f 	716	715	732
f 	716	732	734
f 	1760	1759	1770
f 	1760	1770	1771
f 	5965	5981	5982
f 	5965	5982	5966
f 	3308	3307	3310
f 	3308	3310	3311
f 	6974	7021	7020
f 	6974	7020	6975
f 	3149	3148	3151
f 	3149	3151	3152
f 	1639	1638	1642
f 	1639	1642	1641
f 	3616	3194	3193
f 	3616	3193	3615
f 	7443	7444	7091
f 	7443	7091	7090
f 	3698	3278	3277
f 	3698	3277	3696
f 	7427	7428	7421
f 	7427	7421	7420
f 	7392	7385	7384
f 	7392	7384	7389
f 	5739	5565	5564
f 	5739	5564	5740
f 	385	386	376
f 	385	376	375
f 	4647	4340	4339
f 	4647	4339	4646
f 	4569	4571	4566
f 	4569	4566	4565
f 	5917	5920	5922
f 	5917	5922	5918
f 	820	819	818
f 	820	818	821
f 	7449	7451	7447
f 	7449	7447	7446
f 	4633	4621	4631
f 	4633	4631	4632
f 	864	876	879
f 	864	879	853
f 	5876	5875	5896
f 	5876	5896	5897
f 	1913	2182	2179
f 	1913	2179	1901
f 	7192	7191	7483
f 	7192	7483	7482
f 	3486	3636	3633
f 	3486	3633	3474
f 	4634	4637	4639
f 	4634	4639	4635
f 	5872	5877	5879
f 	5872	5879	5873
f 	861	866	868
f 	861	868	867
f 	3346	3347	3345
f 	3346	3345	3344
f 	6979	6980	6971
f 	6979	6971	6970
f 	483	475	474
f 	483	474	482
f 	4043	4044	4035
f 	4043	4035	4034
f 	5514	5516	5517
f 	5514	5517	5513
f 	1573	1574	1572
f 	1573	1572	1571
f 	5519	5529	5530
f 	5519	5530	5520
f 	472	478	470
f 	472	470	469
f 	4038	4085	4084
f 	4038	4084	4039
f 	7438	7425	7424
f 	7438	7424	7437
f 	4521	4516	4515
f 	4521	4515	4519
f 	5799	5791	5790
f 	5799	5790	5796
f 	628	627	625
f 	628	625	624
f 	7033	7032	6948
f 	7033	6948	6947
f 	719	721	720
f 	719	720	713
f 	4155	4154	4163
f 	4155	4163	4266
f 	5962	5961	5967
f 	5962	5967	5969
f 	4598	4599	4583
f 	4598	4583	4582
f 	892	886	885
f 	892	885	891
f 	2109	1850	1849
f 	2109	1849	2108
f 	5937	5936	5848
f 	5937	5848	5847
f 	2152	2155	2148
f 	2152	2148	2147
f 	850	849	846
f 	850	846	843
f 	4619	4618	4625
f 	4619	4625	4626
f 	1898	1897	1894
f 	1898	1894	1891
f 	5885	5884	5890
f 	5885	5890	5891
f 	7199	7206	7208
f 	7199	7208	7200
f 	3471	3470	3467
f 	3471	3467	3464
f 	7203	7202	7209
f 	7203	7209	7210
f 	901	903	900
f 	901	900	899
f 	4547	4549	4550
f 	4547	4550	4548
f 	1829	1828	1831
f 	1829	1831	1830
f 	5933	5932	5833
f 	5933	5833	5832
f 	3687	3274	3294
f 	3687	3294	3685
f 	7412	7413	7409
f 	7412	7409	7408
f 	829	826	830
f 	829	830	831
f 	4610	4611	4605
f 	4610	4605	4604
f 	1875	1872	1876
f 	1875	1876	1877
f 	5912	5913	5910
f 	5912	5910	5909
f 	3448	3445	3449
f 	3448	3449	3450
f 	7277	7275	7274
f 	7277	7274	7276
f 	7453	7456	7458
f 	7453	7458	7454
f 	4601	4607	4609
f 	4601	4609	4602
f 	5904	5903	5906
f 	5904	5906	5908
f 	837	836	839
f 	837	839	838
f 	7489	7488	7027
f 	7489	7027	7026
f 	7100	7109	7112
f 	7100	7112	7101
f 	414	413	550
f 	414	550	549
f 	4299	4300	4298
f 	4299	4298	4297
f 	5716	5601	5600
f 	5716	5600	5715
f 	4178	4180	4095
f 	4178	4095	4094
f 	332	311	310
f 	332	310	330
f 	5526	5525	5413
f 	5526	5413	5412
f 	6887	6888	6886
f 	6887	6886	6885
f 	7403	7361	7360
f 	7403	7360	7404
f 	4127	4187	4186
f 	4127	4186	4128
f 	5430	5541	5540
f 	5430	5540	5431
f 	351	350	354
f 	351	354	353
f 	4561	4560	4562
f 	4561	4562	4558
f 	810	807	811
f 	810	811	812
f 	2106	1861	1860
f 	2106	1860	2107
f 	5926	5927	5924
f 	5926	5924	5923
f 	4527	4495	4494
f 	4527	4494	4525
f 	5805	5767	5766
f 	5805	5766	5806
f 	598	601	593
f 	598	593	592
f 	6921	6927	6928
f 	6921	6928	6922
f 	3266	3265	3700
f 	3266	3700	3701
f 	13261	13245	13246
f 	13261	13246	13260
f 	13949	13950	13989
f 	13949	13989	13990
f 	3461	3452	3462
f 	7215	7271	7269
f 	3462	3475	3560
f 	7217	7205	7215
f 	778	854	776
f 	1889	1902	1951
f 	4233	4408	4231
f 	5471	5638	5469
f 	4231	4404	4229
f 	5469	5634	5467
f 	780	833	778
f 	1888	1879	1889
f 	8283	17733	8287
f 	8070	8071	8072
f 	8070	8072	8073
f 	13117	13108	13110
f 	10471	10466	10470
f 	10701	10822	10821
f 	8690	8692	8699
f 	8696	8698	8700
f 	12151	12150	12149
f 	8582	8299	8298
f 	8582	8298	8583
f 	8099	8107	8104
f 	8099	8104	8101
f 	8099	8101	8094
f 	8145	8153	8150
f 	8145	8150	8147
f 	8145	8147	8140
f 	8117	8096	8095
f 	8117	8095	8118
f 	8117	8118	8119
f 	8163	8142	8141
f 	8163	8141	8164
f 	8163	8164	8165
f 	8364	8331	8324
f 	8364	8324	8317
f 	7783	7779	7782
f 	16674	16692	16693
f 	16674	16693	16691
f 	16697	16696	16712
f 	16697	16712	16673
f 	16645	16644	16653
f 	16645	16653	16608
f 	16609	16654	16643
f 	16609	16643	16642
f 	12058	12054	12052
f 	12058	12052	12053
f 	12058	12053	12059
f 	12058	12059	12057
f 	10033	10034	10028
f 	10033	10028	10031
f 	10033	10031	10030
f 	10033	10030	10035
f 	10033	10035	10036
f 	10033	10036	10037
f 	8323	8312	8223
f 	9991	9997	9996
f 	13267	13172	13174
f 	13348	13347	13343
f 	13808	13698	13700
f 	13776	13778	13885
f 	17681	17680	17684
f 	17681	17684	17683
f 	17681	17683	17682
f 	17675	17676	17678
f 	17675	17678	17699
f 	17675	17699	17700
f 	16780	16779	16785
f 	16780	16785	16784
f 	16780	16784	16782
f 	17181	17182	17185
f 	17181	17185	17183
f 	16747	16745	17701
f 	16747	17701	16750
f 	17646	17645	17670
f 	17646	17670	17648
f 	17651	17650	17669
f 	17651	17669	17653
f 	17693	17696	17697
f 	17693	17697	17694
f 	17659	17658	17661
f 	17659	17661	17660
f 	17664	17663	17668
f 	17664	17668	17666
f 	17641	17640	17672
f 	17641	17672	17643
f 	17637	17636	17237
f 	17637	17237	17236
f 	17551	17549	17548
f 	17551	17548	17547
f 	17514	17513	17512
f 	17514	17512	17511
f 	17520	17519	17522
f 	17520	17522	17521
f 	17687	17692	17698
f 	17687	17698	17688
f 	17479	17484	17483
f 	17479	17483	17480
f 	17488	17437	17438
f 	17488	17438	17487
f 	17531	17537	17536
f 	17531	17536	17532
f 	17498	17497	17496
f 	17498	17496	17495
f 	17504	17509	17508
f 	17504	17508	17505
f 	17474	17581	17468
f 	17474	17468	17469
f 	17580	17573	17572
f 	17580	17572	17579
f 	17555	17554	17558
f 	17555	17558	17557
f 	17555	17557	17556
f 	17564	17563	17568
f 	17564	17568	17566
f 	17564	17566	17565
f 	17541	17539	17545
f 	17541	17545	17544
f 	17541	17544	17543
f 	11974	10390	11975
f 	17054	17050	17055
f 	17150	17154	17155
f 	8690	8689	8692
f 	8691	8698	8696
f 	12124	9984	12125
f 	12327	12229	12249
f 	16312	16310	16311
f 	16352	16373	16372
f 	16938	16946	16927
f 	16973	16972	16945
f 	13016	13040	13039
f 	13021	13024	13022
f 	13003	12998	13000
f 	13641	13642	13643
f 	13641	13643	13644
f 	13641	13644	13632
f 	13641	13632	13589
f 	13641	13589	13588
f 	13641	13588	13590
f 	13641	13590	13591
f 	13641	13591	13592
f 	13641	13592	13593
f 	13641	13593	13595
f 	13641	13595	13645
f 	13641	13645	13646
f 	13641	13646	13647
f 	13641	13647	13648
f 	13641	13648	13633
f 	13641	13633	13634
f 	13641	13634	13635
f 	13641	13635	13636
f 	13641	13636	13637
f 	13641	13637	13638
f 	13641	13638	13639
f 	13641	13639	13640
f 	14124	14125	14126
f 	14124	14126	14127
f 	14124	14127	14128
f 	14124	14128	14015
f 	14124	14015	14014
f 	14124	14014	14017
f 	14124	14017	14109
f 	14124	14109	14110
f 	14124	14110	14111
f 	14124	14111	14112
f 	14124	14112	14113
f 	14124	14113	14114
f 	14124	14114	14129
f 	14124	14129	14130
f 	14124	14130	14116
f 	14124	14116	14117
f 	14124	14117	14118
f 	14124	14118	14119
f 	14124	14119	14120
f 	14124	14120	14121
f 	14124	14121	14122
f 	14124	14122	14123
f 	15316	15372	15371
f 	15316	15371	15308
f 	15481	15466	15467
f 	15481	15467	15469
f 	15306	15307	15305
f 	15306	15305	15304
f 	15468	15460	15461
f 	15468	15461	15478
f 	13672	13664	13665
f 	13672	13665	13673
f 	14211	14202	14203
f 	14211	14203	14212
f 	13406	13407	13408
f 	13406	13408	13405
f 	13804	13805	13869
f 	13804	13869	13803
f 	13104	13168	13407
f 	13104	13407	13406
f 	13404	13409	13410
f 	13404	13410	13403
f 	12261	13694	13805
f 	12261	13805	13804
f 	13802	13868	13839
f 	13802	13839	13801
f 	13165	13166	13106
f 	13165	13106	13107
f 	13691	13692	12263
f 	13691	12263	12264
f 	13105	13167	13168
f 	13105	13168	13104
f 	13403	13410	13659
f 	13403	13659	13658
f 	12262	13693	13694
f 	12262	13694	12261
f 	13801	13839	13870
f 	13801	13870	13871
f 	13162	13165	13107
f 	13162	13107	13160
f 	12235	13691	12264
f 	12235	12264	12236
f 	13405	13408	13409
f 	13405	13409	13404
f 	13803	13869	13868
f 	13803	13868	13802
f 	13166	13167	13105
f 	13166	13105	13106
f 	13692	13693	12262
f 	13692	12262	12263
f 	13675	13672	13673
f 	13675	13673	13674
f 	14214	14211	14212
f 	14214	14212	14213
f 	13664	13658	13659
f 	13664	13659	13665
f 	14202	13871	13870
f 	14202	13870	14203
f 	10745	10746	10747
f 	10745	10747	10748
f 	14852	14853	14854
f 	14852	14854	14855
f 	14852	14855	14856
f 	14852	14856	14857
f 	14852	14857	14858
f 	14852	14858	14859
f 	14852	14859	14860
f 	14852	14860	14861
f 	14865	14866	14864
f 	14865	14864	14862
f 	14865	14862	14863
f 	14865	14863	14867
f 	14865	14867	14868
f 	14865	14868	14869
f 	14865	14869	14870
f 	14865	14870	14871
f 	14758	14759	14760
f 	14758	14760	14761
f 	14758	14761	14762
f 	14758	14762	14763
f 	14758	14763	14764
f 	14758	14764	14765
f 	14758	14765	14766
f 	14758	14766	14767
f 	14770	14768	14769
f 	14770	14769	14773
f 	14770	14773	14774
f 	14770	14774	14775
f 	14770	14775	14776
f 	14770	14776	14777
f 	14770	14777	14771
f 	14770	14771	14772
f 	8252	8260	8215
f 	8252	8215	8253
f 	12250	12263	12262
f 	13092	13106	13105
f 	13166	13089	13167
f 	13692	12237	13693
f 	10138	10139	10156
f 	10138	10156	10158
f 	10204	10205	10203
f 	10204	10203	10174
f 	12031	12097	14487
f 	12031	14487	14488
f 	12012	14606	14607
f 	12012	14607	12083
f 	10152	10142	10143
f 	10152	10143	10150
f 	14491	12093	12091
f 	14491	12091	14492
f 	14506	12088	12086
f 	14506	12086	14507
f 	10218	10181	10182
f 	10218	10182	10220
f 	14589	12023	12025
f 	14589	12025	14591
f 	14586	14584	12018
f 	14586	12018	12020
f 	10201	10169	10168
f 	10201	10168	10202
f 	10211	10210	10176
f 	10211	10176	10177
f 	12016	14583	14604
f 	12016	14604	12015
f 	12084	14608	14508
f 	12084	14508	12085
f 	10215	10179	10180
f 	10215	10180	10216
f 	14587	12022	12023
f 	14587	12023	14589
f 	10218	10216	10180
f 	10218	10180	10181
f 	14586	12020	12022
f 	14586	12022	14587
f 	10205	10201	10202
f 	10205	10202	10203
f 	10210	10209	10175
f 	10210	10175	10176
f 	12097	12096	14489
f 	12097	14489	14487
f 	12028	12029	14595
f 	12028	14595	14594
f 	10139	10140	10154
f 	10139	10154	10156
f 	10184	10185	10186
f 	10184	10186	10223
f 	12083	14607	14608
f 	12083	14608	12084
f 	12015	14604	14605
f 	12015	14605	12014
f 	10211	10177	10178
f 	10211	10178	10213
f 	14591	12025	12027
f 	14591	12027	14593
f 	10220	10182	10183
f 	10220	10183	10222
f 	10167	10147	10168
f 	10167	10168	10169
f 	14490	12095	12093
f 	14490	12093	14491
f 	10153	10141	10142
f 	10153	10142	10152
f 	10151	10149	10148
f 	10151	10148	10166
f 	14493	14492	12091
f 	14493	12091	12089
f 	10150	10143	10149
f 	10150	10149	10151
f 	14493	12089	12088
f 	14493	12088	14506
f 	10140	10141	10153
f 	10140	10153	10154
f 	10183	10184	10223
f 	10183	10223	10222
f 	12096	12095	14490
f 	12096	14490	14489
f 	12027	12028	14594
f 	12027	14594	14593
f 	10166	10148	10147
f 	10166	10147	10167
f 	10215	10213	10178
f 	10215	10178	10179
f 	14583	12016	12018
f 	14583	12018	14584
f 	14508	14507	12086
f 	14508	12086	12085
f 	10185	10138	10158
f 	10185	10158	10186
f 	10209	10204	10174
f 	10209	10174	10175
f 	12029	12031	14488
f 	12029	14488	14595
f 	12014	14605	14606
f 	12014	14606	12012
f 	16374	16354	16375
f 	16308	16305	16309
f 	10739	10736	11211
f 	10739	11211	11728
f 	11727	10737	11210
f 	11727	11210	11729
f 	10727	10731	10732
f 	10727	10732	10728
f 	10738	11725	11726
f 	10738	11726	11209
f 	12125	9984	12128
f 	8681	8682	8683
f 	8681	8683	8684
f 	8685	8687	8688
f 	8685	8688	8686
f 	10470	14670	14668
f 	10470	14668	10471
f 	10828	10824	10825
f 	10828	10825	10826
f 	10827	10821	10822
f 	10827	10822	10829
f 	10843	10844	10845
f 	10843	10845	10837
f 	10840	10850	10830
f 	10840	10830	10841
f 	10848	10849	10851
f 	10848	10851	10839
f 	10838	10853	10847
f 	10838	10847	10846
f 	14667	14669	14671
f 	14667	14671	10469
f 	14666	14678	14679
f 	14666	14679	14665
f 	14687	14684	14683
f 	14687	14683	14675
f 	14690	14691	14680
f 	14690	14680	14677
f 	14688	14676	14682
f 	14688	14682	14689
f 	17151	17150	16878
f 	17151	16878	16881
f 	16879	17153	17152
f 	16879	17152	16880
f 	12130	12131	12129
f 	12130	12129	12128
f 	12162	12163	9994
f 	12162	9994	10006
f 	12125	12126	12123
f 	12125	12123	12124
f 	9997	9998	10000
f 	9997	10000	10002
f 	9416	9421	9420
f 	12128	12129	12127
f 	12128	12127	12126
f 	12128	12126	12125
f 	9996	9997	10002
f 	9996	10002	10003
f 	9996	10003	10004
f 	8585	8584	8591
f 	8585	8591	8590
f 	8585	8590	8571
f 	8585	8571	8592
f 	8585	8592	8593
f 	8585	8593	8594
f 	8585	8594	8595
f 	8585	8595	8596
f 	10233	10240	10241
f 	10276	10247	10232
f 	14517	14530	14524
f 	2717	2716	2710
f 	6572	6625	6633
f 	2227	2230	2225
f 	6150	6068	6165
f 	2743	2840	2839
f 	6504	6503	6501
f 	2261	2257	2255
f 	6082	6055	6081
f 	10408	10406	10407
f 	9991	9996	9983
f 	416	415	407
f 	1704	1703	1695
f 	4292	4294	4291
f 	5712	5598	5711
f 	3122	3126	3124
f 	6880	6882	6879
f 	407	395	406
f 	1695	1683	1694
f 	4306	4305	4292
f 	5719	5580	5712
f 	3124	3290	3301
f 	6894	6893	6880
f 	3227	3229	3640
f 	6978	7017	7015
f 	466	335	467
f 	1620	1622	1992
f 	4042	4081	4079
f 	5502	5533	5683
f 	12234	12235	12236
f 	12234	12236	12233
f 	13161	13162	13160
f 	13161	13160	13115
f 	13164	13161	13115
f 	13164	13115	13116
f 	16114	16115	16116
f 	16114	16116	16117
f 	16114	16117	16118
f 	16114	16118	16119
f 	16114	16119	16120
f 	16114	16120	16121
f 	16114	16121	16122
f 	16114	16122	16123
f 	16114	16123	16124
f 	16114	16124	16125
f 	16114	16125	16126
f 	16114	16126	16127
f 	16114	16127	16128
f 	16114	16128	16129
f 	16114	16129	16078
f 	16114	16078	16079
f 	16114	16079	16080
f 	16114	16080	16081
f 	16114	16081	16082
f 	16114	16082	16083
f 	16114	16083	16084
f 	16114	16084	16085
f 	16114	16085	16086
f 	16114	16086	16087
f 	16114	16087	16088
f 	16114	16088	16089
f 	16114	16089	16090
f 	16114	16090	16091
f 	16114	16091	16092
f 	16114	16092	16093
f 	16114	16093	16094
f 	16114	16094	16095
f 	16114	16095	16096
f 	16114	16096	16097
f 	16114	16097	16098
f 	16114	16098	16099
f 	16114	16099	16100
f 	16114	16100	16101
f 	16114	16101	16102
f 	16114	16102	16103
f 	16114	16103	16104
f 	16114	16104	16105
f 	16114	16105	16106
f 	16114	16106	16107
f 	16114	16107	16108
f 	16114	16108	16109
f 	16114	16109	16110
f 	16114	16110	16111
f 	16114	16111	16112
f 	16114	16112	16113
f 	16162	16163	16164
f 	16162	16164	16165
f 	16162	16165	16166
f 	16162	16166	16167
f 	16162	16167	16168
f 	16162	16168	16169
f 	16162	16169	16170
f 	16162	16170	16171
f 	16162	16171	16172
f 	16162	16172	16173
f 	16162	16173	16174
f 	16162	16174	16175
f 	16162	16175	16176
f 	16162	16176	16177
f 	16162	16177	16131
f 	16162	16131	16130
f 	16162	16130	16178
f 	16162	16178	16179
f 	16162	16179	16180
f 	16162	16180	16181
f 	16162	16181	16132
f 	16162	16132	16133
f 	16162	16133	16134
f 	16162	16134	16135
f 	16162	16135	16136
f 	16162	16136	16137
f 	16162	16137	16138
f 	16162	16138	16139
f 	16162	16139	16140
f 	16162	16140	16141
f 	16162	16141	16142
f 	16162	16142	16143
f 	16162	16143	16144
f 	16162	16144	16145
f 	16162	16145	16146
f 	16162	16146	16147
f 	16162	16147	16148
f 	16162	16148	16149
f 	16162	16149	16150
f 	16162	16150	16151
f 	16162	16151	16152
f 	16162	16152	16153
f 	16162	16153	16154
f 	16162	16154	16155
f 	16162	16155	16156
f 	16162	16156	16157
f 	16162	16157	16158
f 	16162	16158	16159
f 	16162	16159	16160
f 	16162	16160	16161
f 	15799	15800	15801
f 	15799	15801	15802
f 	15799	15802	15803
f 	15799	15803	15804
f 	15799	15804	15805
f 	15799	15805	15806
f 	15799	15806	15807
f 	15799	15807	15808
f 	15799	15808	15809
f 	15799	15809	15810
f 	15799	15810	15811
f 	15799	15811	15812
f 	15799	15812	15813
f 	15799	15813	15814
f 	15799	15814	15815
f 	15799	15815	15816
f 	15799	15816	15817
f 	15799	15817	15766
f 	15799	15766	15767
f 	15799	15767	15768
f 	15799	15768	15769
f 	15799	15769	15770
f 	15799	15770	15771
f 	15799	15771	15772
f 	15799	15772	15773
f 	15799	15773	15774
f 	15799	15774	15775
f 	15799	15775	15776
f 	15799	15776	15777
f 	15799	15777	15778
f 	15799	15778	15779
f 	15799	15779	15780
f 	15799	15780	15781
f 	15799	15781	15782
f 	15799	15782	15783
f 	15799	15783	15784
f 	15799	15784	15785
f 	15799	15785	15786
f 	15799	15786	15787
f 	15799	15787	15788
f 	15799	15788	15789
f 	15799	15789	15790
f 	15799	15790	15791
f 	15799	15791	15792
f 	15799	15792	15793
f 	15799	15793	15794
f 	15799	15794	15795
f 	15799	15795	15796
f 	15799	15796	15797
f 	15799	15797	15798
f 	15819	15818	15820
f 	15819	15820	15821
f 	15819	15821	15822
f 	15819	15822	15823
f 	15819	15823	15824
f 	15819	15824	15825
f 	15819	15825	15826
f 	15819	15826	15827
f 	15819	15827	15828
f 	15819	15828	15829
f 	15819	15829	15830
f 	15819	15830	15831
f 	15819	15831	15832
f 	15819	15832	15833
f 	15819	15833	15834
f 	15819	15834	15835
f 	15819	15835	15836
f 	15819	15836	15837
f 	15819	15837	15838
f 	15819	15838	15841
f 	15819	15841	15842
f 	15819	15842	15843
f 	15819	15843	15844
f 	15819	15844	15845
f 	15819	15845	15846
f 	15819	15846	15847
f 	15819	15847	15848
f 	15819	15848	15849
f 	15819	15849	15850
f 	15819	15850	15851
f 	15819	15851	15852
f 	15819	15852	15853
f 	15819	15853	15854
f 	15819	15854	15855
f 	15819	15855	15856
f 	15819	15856	15857
f 	15819	15857	15858
f 	15819	15858	15859
f 	15819	15859	15860
f 	15819	15860	15861
f 	15819	15861	15862
f 	15819	15862	15863
f 	15819	15863	15864
f 	15819	15864	15865
f 	15819	15865	15866
f 	15819	15866	15867
f 	15819	15867	15868
f 	15819	15868	15869
f 	15819	15869	15839
f 	15819	15839	15840
f 	16206	16207	16208
f 	16206	16208	16209
f 	16206	16209	16210
f 	16206	16210	16211
f 	16206	16211	16212
f 	16206	16212	16213
f 	16206	16213	16214
f 	16206	16214	16215
f 	16206	16215	16216
f 	16206	16216	16217
f 	16206	16217	16218
f 	16206	16218	16219
f 	16206	16219	16220
f 	16206	16220	16221
f 	16206	16221	16222
f 	16206	16222	16223
f 	16206	16223	16224
f 	16206	16224	16225
f 	16206	16225	16226
f 	16206	16226	16227
f 	16206	16227	16228
f 	16206	16228	16229
f 	16206	16229	16230
f 	16206	16230	16231
f 	16206	16231	16232
f 	16206	16232	16233
f 	16206	16233	16182
f 	16206	16182	16183
f 	16206	16183	16184
f 	16206	16184	16185
f 	16206	16185	16186
f 	16206	16186	16187
f 	16206	16187	16188
f 	16206	16188	16189
f 	16206	16189	16190
f 	16206	16190	16191
f 	16206	16191	16192
f 	16206	16192	16193
f 	16206	16193	16194
f 	16206	16194	16195
f 	16206	16195	16196
f 	16206	16196	16197
f 	16206	16197	16198
f 	16206	16198	16199
f 	16206	16199	16200
f 	16206	16200	16201
f 	16206	16201	16202
f 	16206	16202	16203
f 	16206	16203	16204
f 	16206	16204	16205
f 	16243	16244	16245
f 	16243	16245	16246
f 	16243	16246	16247
f 	16243	16247	16248
f 	16243	16248	16249
f 	16243	16249	16250
f 	16243	16250	16251
f 	16243	16251	16252
f 	16243	16252	16253
f 	16243	16253	16254
f 	16243	16254	16255
f 	16243	16255	16256
f 	16243	16256	16257
f 	16243	16257	16258
f 	16243	16258	16259
f 	16243	16259	16260
f 	16243	16260	16261
f 	16243	16261	16262
f 	16243	16262	16263
f 	16243	16263	16264
f 	16243	16264	16265
f 	16243	16265	16266
f 	16243	16266	16267
f 	16243	16267	16268
f 	16243	16268	16269
f 	16243	16269	16270
f 	16243	16270	16271
f 	16243	16271	16272
f 	16243	16272	16273
f 	16243	16273	16274
f 	16243	16274	16275
f 	16243	16275	16276
f 	16243	16276	16277
f 	16243	16277	16278
f 	16243	16278	16279
f 	16243	16279	16280
f 	16243	16280	16281
f 	16243	16281	16235
f 	16243	16235	16234
f 	16243	16234	16282
f 	16243	16282	16283
f 	16243	16283	16284
f 	16243	16284	16285
f 	16243	16285	16236
f 	16243	16236	16237
f 	16243	16237	16238
f 	16243	16238	16239
f 	16243	16239	16240
f 	16243	16240	16241
f 	16243	16241	16242
f 	15899	15900	15901
f 	15899	15901	15902
f 	15899	15902	15903
f 	15899	15903	15904
f 	15899	15904	15905
f 	15899	15905	15906
f 	15899	15906	15907
f 	15899	15907	15908
f 	15899	15908	15909
f 	15899	15909	15910
f 	15899	15910	15911
f 	15899	15911	15912
f 	15899	15912	15913
f 	15899	15913	15914
f 	15899	15914	15915
f 	15899	15915	15916
f 	15899	15916	15917
f 	15899	15917	15918
f 	15899	15918	15919
f 	15899	15919	15920
f 	15899	15920	15921
f 	15899	15921	15870
f 	15899	15870	15871
f 	15899	15871	15872
f 	15899	15872	15873
f 	15899	15873	15874
f 	15899	15874	15875
f 	15899	15875	15876
f 	15899	15876	15877
f 	15899	15877	15878
f 	15899	15878	15879
f 	15899	15879	15880
f 	15899	15880	15881
f 	15899	15881	15882
f 	15899	15882	15883
f 	15899	15883	15884
f 	15899	15884	15885
f 	15899	15885	15886
f 	15899	15886	15887
f 	15899	15887	15888
f 	15899	15888	15889
f 	15899	15889	15890
f 	15899	15890	15891
f 	15899	15891	15892
f 	15899	15892	15893
f 	15899	15893	15894
f 	15899	15894	15895
f 	15899	15895	15896
f 	15899	15896	15897
f 	15899	15897	15898
f 	15968	15969	15970
f 	15968	15970	15971
f 	15968	15971	15972
f 	15968	15972	15973
f 	15968	15973	15943
f 	15968	15943	15944
f 	15968	15944	15923
f 	15968	15923	15922
f 	15968	15922	15924
f 	15968	15924	15925
f 	15968	15925	15926
f 	15968	15926	15927
f 	15968	15927	15928
f 	15968	15928	15929
f 	15968	15929	15930
f 	15968	15930	15931
f 	15968	15931	15932
f 	15968	15932	15933
f 	15968	15933	15934
f 	15968	15934	15935
f 	15968	15935	15936
f 	15968	15936	15937
f 	15968	15937	15938
f 	15968	15938	15939
f 	15968	15939	15940
f 	15968	15940	15941
f 	15968	15941	15942
f 	15968	15942	15945
f 	15968	15945	15946
f 	15968	15946	15947
f 	15968	15947	15948
f 	15968	15948	15949
f 	15968	15949	15950
f 	15968	15950	15951
f 	15968	15951	15952
f 	15968	15952	15953
f 	15968	15953	15954
f 	15968	15954	15955
f 	15968	15955	15956
f 	15968	15956	15957
f 	15968	15957	15958
f 	15968	15958	15959
f 	15968	15959	15960
f 	15968	15960	15961
f 	15968	15961	15962
f 	15968	15962	15963
f 	15968	15963	15964
f 	15968	15964	15965
f 	15968	15965	15966
f 	15968	15966	15967
f 	10582	10575	10587
f 	8223	8323	8320
f 	8223	8320	8219
f 	8223	8219	8220
f 	8223	8220	8221
f 	14522	14525	14526
f 	3840	3841	3842
f 	5180	5181	5182
f 	148	147	149
f 	192	193	191
f 	1413	1412	1414
f 	1457	1458	1456
f 	3924	3926	3925
f 	5264	5266	5265
f 	6406	6407	6405
f 	2554	2555	2556
f 	2596	2598	2597
f 	6348	6347	6349
f 	134	135	136
f 	178	180	179
f 	1399	1400	1401
f 	1443	1445	1444
f 	3854	3853	3855
f 	3912	3913	3911
f 	5194	5193	5195
f 	5252	5253	5251
f 	6369	6371	6370
f 	2534	2532	2533
f 	2579	2578	2577
f 	6386	6387	6388
f 	3875	3877	3876
f 	5215	5217	5216
f 	114	112	113
f 	161	160	159
f 	1379	1377	1378
f 	1426	1425	1424
f 	3892	3893	3894
f 	5232	5233	5234
f 	6278	6332	6280
f 	6421	6422	6420
f 	2433	2525	2435
f 	2611	2613	2612
f 	149	105	150
f 	193	195	194
f 	1414	1370	1415
f 	1458	1460	1459
f 	3839	3836	3840
f 	3927	3928	3926
f 	5179	5176	5180
f 	5267	5268	5266
f 	2532	2531	2526
f 	2577	2574	2576
f 	6372	6373	6371
f 	6385	6383	6386
f 	127	126	125
f 	174	172	173
f 	1392	1391	1390
f 	1439	1437	1438
f 	3863	3864	3862
f 	3906	3905	3907
f 	5203	5204	5202
f 	5246	5245	5247
f 	6401	6402	6403
f 	2549	2547	2548
f 	2594	2593	2592
f 	6352	6356	6351
f 	129	130	134
f 	176	178	177
f 	1394	1395	1399
f 	1441	1443	1442
f 	3855	3856	3857
f 	3910	3911	3909
f 	5195	5196	5197
f 	5250	5251	5249
f 	112	111	106
f 	159	156	158
f 	1377	1376	1371
f 	1424	1421	1423
f 	3878	3879	3877
f 	3891	3889	3892
f 	5218	5219	5217
f 	5231	5229	5232
f 	6357	6358	6356
f 	6400	6399	6401
f 	2547	2546	2545
f 	2592	2590	2591
f 	2549	2550	2554
f 	2594	2596	2595
f 	6349	6350	6351
f 	6404	6405	6403
f 	6280	6335	6336
f 	2568	2567	2433
f 	2610	2611	2609
f 	6418	6420	6419
f 	129	127	128
f 	176	175	174
f 	1394	1392	1393
f 	1441	1440	1439
f 	3858	3862	3857
f 	3907	3908	3909
f 	5198	5202	5197
f 	5247	5248	5249
f 	8649	8650	8651
f 	8649	8651	8652
f 	8649	8652	8653
f 	8649	8653	8654
f 	8649	8654	8655
f 	8649	8655	8656
f 	8649	8656	8657
f 	8649	8657	8658
f 	8649	8658	8659
f 	8649	8659	8660
f 	8649	8660	8661
f 	8649	8661	8645
f 	8649	8645	8644
f 	8649	8644	8648
f 	8646	8665	8666
f 	8646	8666	8667
f 	8646	8667	8668
f 	8646	8668	8669
f 	8646	8669	8670
f 	8646	8670	8671
f 	8646	8671	8672
f 	8646	8672	8673
f 	8646	8673	8674
f 	8646	8674	8675
f 	8646	8675	8663
f 	8646	8663	8664
f 	8646	8664	8662
f 	8646	8662	8647
f 	8154	8152	8153
f 	8154	8153	8145
f 	8154	8145	8155
f 	8108	8106	8107
f 	8108	8107	8099
f 	8108	8099	8109
f 	8124	8113	8117
f 	8124	8117	8122
f 	8170	8159	8163
f 	8170	8163	8168
f 	12128	9984	12130
f 	8371	8372	8374
f 	8371	8374	8373
f 	8371	8373	8318
f 	8371	8318	8319
f 	8370	8367	8368
f 	8370	8368	8321
f 	8370	8321	8366
f 	8370	8366	8369
f 	17684	16809	17683
f 	16811	17699	17678
f 	16785	16788	16784
f 	2357	2330	2358
f 	6137	6130	6136
f 	2355	2354	2332
f 	6104	6102	6103
f 	2805	2803	2767
f 	6581	6579	6465
f 	6468	6467	6464
f 	2713	2765	2807
f 	2782	2781	2776
f 	6593	6594	6590
f 	2319	2345	2317
f 	6118	6127	6120
f 	6481	6480	6477
f 	2754	2780	2752
f 	6113	6098	6099
f 	2347	2346	2341
f 	15076	15077	15078
f 	15076	15078	15079
f 	15076	15079	15080
f 	15076	15080	15081
f 	15076	15081	15082
f 	15076	15082	15083
f 	15076	15083	15084
f 	15076	15084	15072
f 	15076	15072	15068
f 	15076	15068	15069
f 	15076	15069	15070
f 	15076	15070	15071
f 	15076	15071	15073
f 	15076	15073	15074
f 	15076	15074	15075
f 	10664	11235	11532
f 	10664	11532	11718
f 	10664	11718	11724
f 	10664	11724	11531
f 	10664	11531	10638
f 	10836	10852	10854
f 	10836	10854	10842
f 	14674	14681	14685
f 	14674	14685	14686
f 	13018	13032	13019
f 	13055	13041	13043
f 	17091	17056	17093
f 	17091	17093	17094
f 	12232	12233	12249
f 	13676	13675	13674
f 	13676	13674	13677
f 	14215	14214	14213
f 	14215	14213	14216
f 	12336	12337	12334
f 	10004	10007	10005
f 	9437	9415	9438
f 	8272	8269	8217
f 	8272	8217	8218
f 	10467	10466	10464
f 	10701	10557	10820
f 	8287	8320	8322
f 	9213	9216	9215
f 	9216	9213	9217
f 	8112	8125	8114
f 	8128	8127	8111
f 	8158	8171	8160
f 	8174	8173	8157
f 	12277	12279	12280
f 	10005	10007	10006
f 	8575	8300	8299
f 	8575	8299	8582
f 	8575	8582	8576
f 	13211	13423	13212
f 	13738	13913	13739
f 	13213	13205	13191
f 	13968	13731	13717
f 	12152	12131	12133
f 	8287	8545	8544
f 	12152	12133	12135
f 	17674	17645	16796
f 	16750	16748	16747
f 	17693	17694	16806
f 	17185	17182	16804
f 	17671	17668	17663
f 	17671	17663	16802
f 	17237	17636	16792
f 	16780	16778	16779
f 	17676	17675	16789
f 	16803	17664	17666
f 	16807	17698	17692
f 	17637	17236	16793
f 	17640	16794	17638
f 	17640	17638	17672
f 	16808	17687	17688
f 	16746	17701	16745
f 	16799	17651	17653
f 	16801	17659	17660
f 	17658	16800	17673
f 	17658	17673	17661
f 	16753	17181	17183
f 	17648	16797	17646
f 	17485	17669	17650
f 	17485	17650	16798
f 	17681	16810	17680
f 	17373	17505	17508
f 	17548	17394	17547
f 	17398	17554	17555
f 	17537	17531	17388
f 	17521	17522	17384
f 	17377	17511	17512
f 	16795	17641	17643
f 	17580	17439	17573
f 	17509	17504	17376
f 	17572	17427	17579
f 	17468	17428	17469
f 	17483	17432	17480
f 	17696	16805	17732
f 	17696	17732	17697
f 	17520	17381	17519
f 	17437	17488	17368
f 	17497	17498	17372
f 	17369	17495	17496
f 	17513	17514	17380
f 	17484	17479	17435
f 	17436	17487	17438
f 	17549	17551	17397
f 	17402	17563	17564
f 	17474	17431	17581
f 	17385	17532	17536
f 	12162	10007	12161
f 	12152	12135	12137
f 	2703	2714	2713
f 	2786	2788	2747
f 	6464	6463	6458
f 	6597	6598	6596
f 	2290	2356	2357
f 	6136	6144	6142
f 	2349	2308	2313
f 	6117	6096	6097
f 	8253	8381	8380
f 	8253	8380	8377
f 	8253	8377	8205
f 	17405	17689	17566
f 	17405	17566	17568
f 	17557	17558	17401
f 	17557	17401	17567
f 	17393	17550	17544
f 	17393	17544	17545
f 	8257	8252	8256
f 	12208	12237	12234
f 	13017	13036	13018
f 	13058	13040	13041
f 	13051	13043	13026
f 	13019	13029	13020
f 	9226	9312	9311
f 	9312	9226	9222
f 	8544	8545	8540
f 	8544	8540	8541
f 	9250	9248	9255
f 	9250	9255	9253
f 	9254	9256	9247
f 	9254	9247	9252
f 	9263	9246	9262
f 	9263	9262	9257
f 	12439	12438	12473
f 	12439	12473	12472
f 	12383	12386	12734
f 	12383	12734	12384
f 	12386	12428	12427
f 	12386	12427	12734
f 	12438	12420	12433
f 	12438	12433	12473
f 	12377	12383	12384
f 	12377	12384	12378
f 	12379	12439	12472
f 	12379	12472	12380
f 	9151	9163	9154
f 	12157	12154	12153
f 	12174	12156	12155
f 	15240	15241	15242
f 	15240	15242	15243
f 	15240	15243	15244
f 	15240	15244	15245
f 	15240	15245	15231
f 	15240	15231	15227
f 	15240	15227	15226
f 	15240	15226	15228
f 	15240	15228	15229
f 	15240	15229	15230
f 	15240	15230	15232
f 	15240	15232	15233
f 	15240	15233	15234
f 	15240	15234	15235
f 	15240	15235	15236
f 	15240	15236	15237
f 	15240	15237	15238
f 	15240	15238	15239
f 	15240	15239	15223
f 	15240	15223	15224
f 	15240	15224	15225
f 	12117	10575	12114
f 	12248	12251	12252
f 	12248	12252	12247
f 	13091	13090	13093
f 	13091	13093	13094
f 	17014	16925	16926
f 	17014	16926	17019
f 	8195	8196	8193
f 	8195	8193	8192
f 	10559	10558	10561
f 	10559	10561	10560
f 	10473	10468	10563
f 	10473	10563	10562
f 	16934	16933	16932
f 	17118	16991	16992
f 	17040	17041	17066
f 	17108	16950	17107
f 	17040	17068	17069
f 	17106	16950	17105
f 	2524	2523	2526
f 	2575	2574	2573
f 	6372	6334	6333
f 	6382	6383	6384
f 	3878	3838	3837
f 	5218	5178	5177
f 	104	103	106
f 	157	156	155
f 	1369	1368	1371
f 	1422	1421	1420
f 	3888	3889	3890
f 	5228	5229	5230
f 	2315	2317	2343
f 	6115	6118	6116
f 	2750	2752	2778
f 	6483	6481	6484
f 	8295	8294	8573
f 	8295	8573	8572
f 	17028	17006	17009
f 	17028	17009	17018
f 	7780	7775	7781
f 	8541	8283	8542
f 	12272	12311	12309
f 	12336	12335	12436
f 	12250	12262	12261
f 	13092	13105	13104
f 	13167	13089	13168
f 	13693	12237	13694
f 	10032	10030	10031
f 	10032	10031	10028
f 	10032	10028	10023
f 	10232	10257	10195
f 	14522	14565	14513
f 	10236	10233	10194
f 	14534	14517	14514
f 	9230	9231	9225
f 	9166	9207	9206
f 	9166	9206	9205
f 	8835	8795	8794
f 	8835	8794	8836
f 	8928	9060	9059
f 	8928	9059	8929
f 	12053	12052	12054
f 	12053	12054	12055
f 	12053	12055	12056
f 	16038	16039	16040
f 	16038	16040	16041
f 	16038	16041	16042
f 	16038	16042	16043
f 	16038	16043	16044
f 	16038	16044	16045
f 	16038	16045	16046
f 	16038	16046	16049
f 	16038	16049	16050
f 	16038	16050	16051
f 	16038	16051	16052
f 	16038	16052	16053
f 	16038	16053	16054
f 	16038	16054	16055
f 	16038	16055	16056
f 	16038	16056	16057
f 	16038	16057	16058
f 	16038	16058	16059
f 	16038	16059	16060
f 	16038	16060	16061
f 	16038	16061	16062
f 	16038	16062	16063
f 	16038	16063	16064
f 	16038	16064	16065
f 	16038	16065	16066
f 	16038	16066	16067
f 	16038	16067	16068
f 	16038	16068	16069
f 	16038	16069	16070
f 	16038	16070	16071
f 	16038	16071	16072
f 	16038	16072	16073
f 	16038	16073	16074
f 	16038	16074	16075
f 	16038	16075	16076
f 	16038	16076	16077
f 	16038	16077	16047
f 	16038	16047	16048
f 	16038	16048	16027
f 	16038	16027	16026
f 	16038	16026	16028
f 	16038	16028	16029
f 	16038	16029	16030
f 	16038	16030	16031
f 	16038	16031	16032
f 	16038	16032	16033
f 	16038	16033	16034
f 	16038	16034	16035
f 	16038	16035	16036
f 	16038	16036	16037
f 	15988	15989	15990
f 	15988	15990	15991
f 	15988	15991	15992
f 	15988	15992	15993
f 	15988	15993	15994
f 	15988	15994	15995
f 	15988	15995	15996
f 	15988	15996	15997
f 	15988	15997	15998
f 	15988	15998	15999
f 	15988	15999	16000
f 	15988	16000	16001
f 	15988	16001	16002
f 	15988	16002	16003
f 	15988	16003	16004
f 	15988	16004	16005
f 	15988	16005	16006
f 	15988	16006	16007
f 	15988	16007	16008
f 	15988	16008	16009
f 	15988	16009	16010
f 	15988	16010	16011
f 	15988	16011	16012
f 	15988	16012	16013
f 	15988	16013	16014
f 	15988	16014	16015
f 	15988	16015	16016
f 	15988	16016	16017
f 	15988	16017	16018
f 	15988	16018	16019
f 	15988	16019	16020
f 	15988	16020	16021
f 	15988	16021	16022
f 	15988	16022	16023
f 	15988	16023	16024
f 	15988	16024	16025
f 	15988	16025	15974
f 	15988	15974	15975
f 	15988	15975	15976
f 	15988	15976	15977
f 	15988	15977	15978
f 	15988	15978	15979
f 	15988	15979	15980
f 	15988	15980	15981
f 	15988	15981	15982
f 	15988	15982	15983
f 	15988	15983	15984
f 	15988	15984	15985
f 	15988	15985	15986
f 	15988	15986	15987
f 	15676	15677	15678
f 	15676	15678	15679
f 	15676	15679	15680
f 	15676	15680	15681
f 	15676	15681	15682
f 	15676	15682	15683
f 	15676	15683	15684
f 	15676	15684	15685
f 	15676	15685	15686
f 	15676	15686	15687
f 	15676	15687	15688
f 	15676	15688	15689
f 	15676	15689	15690
f 	15676	15690	15691
f 	15676	15691	15692
f 	15676	15692	15693
f 	15676	15693	15694
f 	15676	15694	15695
f 	15676	15695	15696
f 	15676	15696	15697
f 	15676	15697	15698
f 	15676	15698	15699
f 	15676	15699	15700
f 	15676	15700	15701
f 	15676	15701	15702
f 	15676	15702	15703
f 	15676	15703	15704
f 	15676	15704	15705
f 	15676	15705	15706
f 	15676	15706	15707
f 	15676	15707	15708
f 	15676	15708	15709
f 	15676	15709	15710
f 	15676	15710	15711
f 	15676	15711	15712
f 	15676	15712	15713
f 	15676	15713	15662
f 	15676	15662	15663
f 	15676	15663	15664
f 	15676	15664	15665
f 	15676	15665	15666
f 	15676	15666	15667
f 	15676	15667	15668
f 	15676	15668	15669
f 	15676	15669	15670
f 	15676	15670	15671
f 	15676	15671	15672
f 	15676	15672	15673
f 	15676	15673	15674
f 	15676	15674	15675
f 	15726	15727	15728
f 	15726	15728	15729
f 	15726	15729	15730
f 	15726	15730	15731
f 	15726	15731	15732
f 	15726	15732	15733
f 	15726	15733	15734
f 	15726	15734	15737
f 	15726	15737	15738
f 	15726	15738	15739
f 	15726	15739	15740
f 	15726	15740	15741
f 	15726	15741	15742
f 	15726	15742	15743
f 	15726	15743	15744
f 	15726	15744	15745
f 	15726	15745	15746
f 	15726	15746	15747
f 	15726	15747	15748
f 	15726	15748	15749
f 	15726	15749	15750
f 	15726	15750	15751
f 	15726	15751	15752
f 	15726	15752	15753
f 	15726	15753	15754
f 	15726	15754	15755
f 	15726	15755	15756
f 	15726	15756	15757
f 	15726	15757	15758
f 	15726	15758	15759
f 	15726	15759	15760
f 	15726	15760	15761
f 	15726	15761	15762
f 	15726	15762	15763
f 	15726	15763	15764
f 	15726	15764	15765
f 	15726	15765	15735
f 	15726	15735	15736
f 	15726	15736	15715
f 	15726	15715	15714
f 	15726	15714	15716
f 	15726	15716	15717
f 	15726	15717	15718
f 	15726	15718	15719
f 	15726	15719	15720
f 	15726	15720	15721
f 	15726	15721	15722
f 	15726	15722	15723
f 	15726	15723	15724
f 	15726	15724	15725
f 	8848	8782	8781
f 	8848	8781	8849
f 	8941	9047	9046
f 	8941	9046	8942
f 	8817	8729	8728
f 	8817	8728	8818
f 	8907	8996	8995
f 	8907	8995	8908
f 	9179	9205	9168
f 	8830	8716	8715
f 	8830	8715	8831
f 	8920	8983	8982
f 	8920	8982	8921
f 	9166	9141	9167
f 	9149	9168	9167
f 	9149	9167	9141
f 	9149	9141	9144
f 	9149	9144	9143
f 	13115	13114	12234
f 	8698	8691	8690
f 	8699	8692	8700
f 	10834	10559	10558
f 	10834	10558	10835
f 	14672	14673	10468
f 	14672	10468	10563
f 	9166	9167	9207
f 	10832	10561	10560
f 	10832	10560	10833
f 	14662	10562	10473
f 	14662	10473	14663
f 	13092	13108	13107
f 	12193	12198	12191
f 	12204	12241	12240
f 	14338	14340	14341
f 	14338	14341	14339
f 	14338	14339	14337
f 	14338	14337	14336
f 	14325	14373	14372
f 	14325	14372	14349
f 	14342	14343	14362
f 	14342	14362	14361
f 	14344	14363	14362
f 	14344	14362	14343
f 	14350	14368	14367
f 	14350	14367	14348
f 	14371	14356	14353
f 	14371	14353	14351
f 	14370	14369	14352
f 	14370	14352	14354
f 	14357	14370	14354
f 	14357	14354	14355
f 	14376	14375	14360
f 	14376	14360	14359
f 	14347	14366	14365
f 	14347	14365	14346
f 	14356	14357	14355
f 	14356	14355	14353
f 	14346	14365	14364
f 	14346	14364	14345
f 	14374	14376	14359
f 	14374	14359	14358
f 	14331	14332	14333
f 	14331	14333	14326
f 	14334	14335	14332
f 	14334	14332	14331
f 	14340	14374	14358
f 	14340	14358	14341
f 	14345	14364	14363
f 	14345	14363	14344
f 	14348	14367	14366
f 	14348	14366	14347
f 	14375	14342	14361
f 	14375	14361	14360
f 	14336	14337	14335
f 	14336	14335	14334
f 	14326	14333	14373
f 	14326	14373	14325
f 	14372	14371	14351
f 	14372	14351	14349
f 	14369	14368	14350
f 	14369	14350	14352
f 	16428	16429	16430
f 	16428	16430	16431
f 	16428	16431	16432
f 	16428	16432	16433
f 	16470	16471	16472
f 	16470	16472	16473
f 	16470	16473	16474
f 	16470	16474	16475
f 	16478	16479	16480
f 	16478	16480	16477
f 	16478	16477	16476
f 	16478	16476	16481
f 	16434	16436	16437
f 	16434	16437	16438
f 	16434	16438	16439
f 	16434	16439	16435
f 	9168	9205	9206
f 	17037	17032	17031
f 	17037	17031	17035
f 	17037	17035	17036
f 	17034	17033	17039
f 	17034	17039	17038
f 	17123	17109	16886
f 	17123	16886	17122
f 	17112	17110	17124
f 	17112	17124	17125
f 	10240	10239	10251
f 	10240	10251	10249
f 	10255	10237	10236
f 	10255	10236	10342
f 	10357	10260	10262
f 	10357	10262	10358
f 	10345	10344	10267
f 	10345	10267	10274
f 	10353	10366	10365
f 	10353	10365	10354
f 	10350	10369	10368
f 	10350	10368	10351
f 	10348	10347	10360
f 	10348	10360	10371
f 	10254	10238	10237
f 	10254	10237	10255
f 	10354	10365	10364
f 	10354	10364	10355
f 	10363	10314	10315
f 	10363	10315	10356
f 	10314	10246	10250
f 	10314	10250	10315
f 	10343	10258	10260
f 	10343	10260	10357
f 	10347	10346	10275
f 	10347	10275	10360
f 	10351	10368	10367
f 	10351	10367	10352
f 	10344	10359	10264
f 	10344	10264	10267
f 	10349	10370	10369
f 	10349	10369	10350
f 	10349	10348	10371
f 	10349	10371	10370
f 	10358	10262	10264
f 	10358	10264	10359
f 	10352	10367	10366
f 	10352	10366	10353
f 	10346	10345	10274
f 	10346	10274	10275
f 	10342	10236	10258
f 	10342	10258	10343
f 	10246	10240	10249
f 	10246	10249	10250
f 	10364	10363	10356
f 	10364	10356	10355
f 	10239	10238	10254
f 	10239	10254	10251
f 	17117	17118	16992
f 	16932	16933	16931
f 	11942	11941	11943
f 	11942	11943	11944
f 	11966	11968	11969
f 	11966	11969	11967
f 	8124	8122	8120
f 	8124	8120	8121
f 	8124	8121	8123
f 	8170	8168	8166
f 	8170	8166	8167
f 	8170	8167	8169
f 	8106	8108	8103
f 	8106	8103	8102
f 	8106	8102	8105
f 	8152	8154	8149
f 	8152	8149	8148
f 	8152	8148	8151
f 	8689	8690	8691
f 	8696	8700	8692
f 	13021	13025	13024
f 	13003	13000	13004
f 	10410	10409	10411
f 	10576	12116	10578
f 	11954	10668	10667
f 	11954	10667	10417
f 	10574	10577	11926
f 	10574	11926	11925
f 	5124	5171	5172
f 	5124	5172	5122
f 	1324	1321	1323
f 	1324	1323	1325
f 	5118	5117	5085
f 	5118	5085	5084
f 	1357	1358	1276
f 	1357	1276	1277
f 	3792	3789	3791
f 	3792	3791	3793
f 	3825	3826	3744
f 	3825	3744	3745
f 	7540	7587	7588
f 	7540	7588	7538
f 	7534	7533	7501
f 	7534	7501	7500
f 	3775	3818	3819
f 	3775	3819	3774
f 	7528	7513	7511
f 	7528	7511	7529
f 	5115	5090	5088
f 	5115	5088	5116
f 	1354	1353	1355
f 	1354	1355	1356
f 	3822	3821	3823
f 	3822	3823	3824
f 	7531	7506	7504
f 	7531	7504	7532
f 	5104	5106	5165
f 	5104	5165	5163
f 	3810	3806	3807
f 	3810	3807	3811
f 	1342	1338	1339
f 	1342	1339	1343
f 	7520	7522	7581
f 	7520	7581	7579
f 	3812	3810	3811
f 	3812	3811	3813
f 	7522	7523	7525
f 	7522	7525	7581
f 	3816	3808	3815
f 	3816	3815	3817
f 	7518	7516	7527
f 	7518	7527	7526
f 	5139	5104	5163
f 	5139	5163	5164
f 	1338	1337	1336
f 	1338	1336	1339
f 	3773	3820	3821
f 	3773	3821	3822
f 	7530	7508	7506
f 	7530	7506	7531
f 	3809	3812	3813
f 	3809	3813	3814
f 	3796	3798	3799
f 	3796	3799	3797
f 	3799	3798	3800
f 	3799	3800	3801
f 	3827	3829	3830
f 	3827	3830	3828
f 	3829	3831	3832
f 	3829	3832	3830
f 	5107	5105	5108
f 	5107	5108	5109
f 	5114	5092	5090
f 	5114	5090	5115
f 	5106	5107	5109
f 	5106	5109	5165
f 	5168	5169	5129
f 	5168	5129	5132
f 	7523	7521	7524
f 	7523	7524	7525
f 	7584	7548	7550
f 	7584	7550	7583
f 	7584	7585	7545
f 	7584	7545	7548
f 	7589	7590	7591
f 	7589	7591	7537
f 	7590	7535	7536
f 	7590	7536	7591
f 	1344	1342	1343
f 	1344	1343	1345
f 	1341	1344	1345
f 	1341	1345	1346
f 	1305	1352	1353
f 	1305	1353	1354
f 	1328	1330	1331
f 	1328	1331	1329
f 	5173	5174	5175
f 	5173	5175	5121
f 	5174	5119	5120
f 	5174	5120	5175
f 	1359	1361	1362
f 	1359	1362	1360
f 	1361	1363	1364
f 	1361	1364	1362
f 	3806	3805	3804
f 	3806	3804	3807
f 	7555	7520	7579
f 	7555	7579	7580
f 	5102	5100	5111
f 	5102	5111	5110
f 	1348	1340	1347
f 	1348	1347	1349
f 	5169	5170	5127
f 	5169	5127	5129
f 	1326	1328	1329
f 	1326	1329	1327
f 	5111	5100	5097
f 	5111	5097	5112
f 	1348	1349	1350
f 	1348	1350	1307
f 	5164	5166	5136
f 	5164	5136	5139
f 	1334	1336	1337
f 	1334	1337	1335
f 	5113	5095	5092
f 	5113	5092	5114
f 	5168	5132	5134
f 	5168	5134	5167
f 	3774	3819	3820
f 	3774	3820	3773
f 	7529	7511	7508
f 	7529	7508	7530
f 	1306	1351	1352
f 	1306	1352	1305
f 	1331	1330	1332
f 	1331	1332	1333
f 	3794	3796	3797
f 	3794	3797	3795
f 	7585	7586	7543
f 	7585	7543	7545
f 	5172	5173	5121
f 	5172	5121	5122
f 	3831	3793	3791
f 	3831	3791	3832
f 	1363	1325	1323
f 	1363	1323	1364
f 	7588	7589	7537
f 	7588	7537	7538
f 	3801	3800	3802
f 	3801	3802	3803
f 	7583	7550	7552
f 	7583	7552	7582
f 	5112	5097	5095
f 	5112	5095	5113
f 	1307	1350	1351
f 	1307	1351	1306
f 	5105	5102	5110
f 	5105	5110	5108
f 	1340	1341	1346
f 	1340	1346	1347
f 	3808	3809	3814
f 	3808	3814	3815
f 	7521	7518	7526
f 	7521	7526	7524
f 	3802	3804	3805
f 	3802	3805	3803
f 	7580	7582	7552
f 	7580	7552	7555
f 	3824	3823	3825
f 	3824	3825	3745
f 	7532	7504	7501
f 	7532	7501	7533
f 	3789	3792	3794
f 	3789	3794	3795
f 	7587	7540	7543
f 	7587	7543	7586
f 	3816	3817	3818
f 	3816	3818	3775
f 	7527	7516	7513
f 	7527	7513	7528
f 	5116	5088	5085
f 	5116	5085	5117
f 	1356	1355	1357
f 	1356	1357	1277
f 	5171	5124	5127
f 	5171	5127	5170
f 	1321	1324	1326
f 	1321	1326	1327
f 	5167	5134	5136
f 	5167	5136	5166
f 	1333	1332	1334
f 	1333	1334	1335
f 	5119	5118	5084
f 	5119	5084	5120
f 	1358	1359	1360
f 	1358	1360	1276
f 	3826	3827	3828
f 	3826	3828	3744
f 	7535	7534	7500
f 	7535	7500	7536
f 	9211	9213	9215
f 	9211	9215	9214
f 	9161	9152	9212
f 	9161	9212	9160
f 	9221	9216	9217
f 	9221	9217	9220
f 	13109	13110	13108
f 	9154	9161	9160
f 	9152	9153	9212
f 	13039	13017	13016
f 	14392	14391	14304
f 	14392	14304	14393
f 	14392	14393	14397
f 	14392	14397	14396
f 	14303	14304	14391
f 	14303	14391	14307
f 	9154	9153	9148
f 	9154	9148	9151
f 	14396	14397	14463
f 	14396	14463	14464
f 	14307	14308	14305
f 	14307	14305	14303
f 	14464	14463	14305
f 	14464	14305	14308
f 	9152	9148	9153
f 	9238	9261	9239
f 	8644	8645	8646
f 	8644	8646	8647
f 	9233	9234	9235
f 	9238	9239	9237
f 	9235	9234	9236
f 	16713	16714	16715
f 	16713	16715	16716
f 	16713	16716	16717
f 	16713	16717	16718
f 	16722	16723	16721
f 	16722	16721	16719
f 	16722	16719	16720
f 	16722	16720	16724
f 	16725	16729	16730
f 	16725	16730	16731
f 	16725	16731	16732
f 	16725	16732	16726
f 	16735	16736	16734
f 	16735	16734	16733
f 	16735	16733	16728
f 	16735	16728	16727
f 	8253	8256	8252
f 	8115	8134	8135
f 	8115	8135	8116
f 	8161	8180	8181
f 	8161	8181	8162
f 	9228	9225	9227
f 	9303	9304	9309
f 	17092	17091	17094
f 	17092	17094	17096
f 	16748	16749	16751
f 	16748	16751	16746
f 	17382	17383	17384
f 	17382	17384	17381
f 	17391	17392	17393
f 	17391	17393	17390
f 	16808	17209	17210
f 	16808	17210	16807
f 	17366	17367	17368
f 	17366	17368	17436
f 	16799	17217	17218
f 	16799	17218	16798
f 	17370	17371	17372
f 	17370	17372	17369
f 	16801	17215	17216
f 	16801	17216	16800
f 	17395	17396	17397
f 	17395	17397	17394
f 	16810	17207	17208
f 	16810	17208	16809
f 	16806	17211	17212
f 	16806	17212	16805
f 	17386	17387	17388
f 	17386	17388	17385
f 	17574	17578	17426
f 	17574	17426	17427
f 	17574	17427	17439
f 	17234	17633	17223
f 	17234	17223	16793
f 	17234	16793	16792
f 	17433	17434	17435
f 	17433	17435	17432
f 	16797	17219	17220
f 	16797	17220	16796
f 	17429	17430	17431
f 	17429	17431	17428
f 	16795	17221	17222
f 	16795	17222	16794
f 	16789	17205	17206
f 	16789	17206	16811
f 	17399	17400	17401
f 	17399	17401	17398
f 	17374	17375	17376
f 	17374	17376	17373
f 	16803	17213	17214
f 	16803	17214	16802
f 	17403	17404	17405
f 	17403	17405	17402
f 	16778	16781	16783
f 	16778	16783	16788
f 	17378	17379	17380
f 	17378	17380	17377
f 	16753	17184	17186
f 	16753	17186	16804
f 	16755	16766	16765
f 	8557	8541	8542
f 	8557	8542	8559
f 	16422	16419	16412
f 	16422	16412	16411
f 	16410	16406	16418
f 	16410	16418	16417
f 	16456	16460	16450
f 	16456	16450	16449
f 	16448	16451	16462
f 	16448	16462	16457
f 	16411	16410	16406
f 	16411	16406	16412
f 	16451	16450	16449
f 	16451	16449	16448
f 	8252	8195	8446
f 	8252	8446	8447
f 	9260	9304	9303
f 	12200	12193	12201
f 	115	114	113
f 	162	160	161
f 	1380	1379	1378
f 	1427	1425	1426
f 	3875	3876	3874
f 	3894	3893	3895
f 	5215	5216	5214
f 	5234	5233	5235
f 	2537	2535	2536
f 	2582	2581	2580
f 	6367	6368	6366
f 	6389	6390	6391
f 	2542	2541	2540
f 	2587	2585	2586
f 	6362	6363	6361
f 	6395	6394	6396
f 	122	121	120
f 	169	167	168
f 	1387	1386	1385
f 	1434	1432	1433
f 	3868	3869	3867
f 	5208	5209	5207
f 	3901	3900	3902
f 	5241	5240	5242
f 	2564	2565	2566
f 	2606	2608	2607
f 	6337	6338	6339
f 	6416	6417	6415
f 	119	117	118
f 	166	165	164
f 	1384	1382	1383
f 	1431	1430	1429
f 	3871	3872	3870
f 	3897	3898	3899
f 	5211	5212	5210
f 	5237	5238	5239
f 	146	147	148
f 	190	192	191
f 	1411	1412	1413
f 	1455	1457	1456
f 	3842	3841	3843
f 	3924	3925	3923
f 	5182	5181	5183
f 	5264	5265	5263
f 	2541	2539	2540
f 	2586	2585	2584
f 	6362	6364	6363
f 	6393	6394	6395
f 	6339	6340	6341
f 	2563	2562	2564
f 	2605	2606	2604
f 	3845	3846	3847
f 	3919	3921	3920
f 	5185	5186	5187
f 	5259	5261	5260
f 	6413	6415	6414
f 	143	142	144
f 	187	188	186
f 	1408	1407	1409
f 	1452	1453	1451
f 	141	142	143
f 	185	187	186
f 	1406	1407	1408
f 	1450	1452	1451
f 	3847	3846	3848
f 	3919	3920	3918
f 	5187	5186	5188
f 	5259	5260	5258
f 	6341	6340	6342
f 	2561	2562	2563
f 	2603	2605	2604
f 	6413	6414	6412
f 	2556	2555	2557
f 	2598	2599	2597
f 	6346	6347	6348
f 	6406	6408	6407
f 	136	135	137
f 	180	181	179
f 	1401	1400	1402
f 	1445	1446	1444
f 	3852	3853	3854
f 	3912	3914	3913
f 	5192	5193	5194
f 	5252	5254	5253
f 	2544	2542	2543
f 	2589	2588	2587
f 	6396	6397	6398
f 	6360	6361	6359
f 	2566	2567	2568
f 	2608	2610	2609
f 	6336	6335	6337
f 	6418	6419	6417
f 	124	122	123
f 	171	170	169
f 	1389	1387	1388
f 	1436	1435	1434
f 	3866	3867	3865
f 	3902	3903	3904
f 	5206	5207	5205
f 	5242	5243	5244
f 	3873	3874	3872
f 	3895	3896	3897
f 	5213	5214	5212
f 	5235	5236	5237
f 	117	115	116
f 	164	163	162
f 	1382	1380	1381
f 	1429	1428	1427
f 	126	124	125
f 	173	172	171
f 	1391	1389	1390
f 	1438	1437	1436
f 	3863	3865	3864
f 	3904	3905	3906
f 	5203	5205	5204
f 	5244	5245	5246
f 	3843	3844	3845
f 	3922	3923	3921
f 	5183	5184	5185
f 	5262	5263	5261
f 	144	145	146
f 	188	190	189
f 	1409	1410	1411
f 	1453	1455	1454
f 	139	140	141
f 	183	185	184
f 	1404	1405	1406
f 	1448	1450	1449
f 	3848	3849	3850
f 	3917	3918	3916
f 	5188	5189	5190
f 	5257	5258	5256
f 	6365	6366	6364
f 	6391	6392	6393
f 	2539	2537	2538
f 	2584	2583	2582
f 	2535	2534	2533
f 	2580	2578	2579
f 	6369	6370	6368
f 	6388	6387	6389
f 	3868	3870	3869
f 	5208	5210	5209
f 	121	119	120
f 	168	167	166
f 	1386	1384	1385
f 	1433	1432	1431
f 	3899	3900	3901
f 	5239	5240	5241
f 	6342	6343	6344
f 	6411	6412	6410
f 	2559	2560	2561
f 	2601	2603	2602
f 	2557	2558	2559
f 	2599	2601	2600
f 	6344	6345	6346
f 	6409	6410	6408
f 	137	138	139
f 	181	183	182
f 	1402	1403	1404
f 	1446	1448	1447
f 	3850	3851	3852
f 	3915	3916	3914
f 	5190	5191	5192
f 	5255	5256	5254
f 	2546	2544	2545
f 	2591	2590	2589
f 	6357	6359	6358
f 	6398	6399	6400
f 	8576	8582	8583
f 	8576	8583	8584
f 	8576	8584	8585
f 	8576	8585	8586
f 	8576	8586	8587
f 	8576	8587	8581
f 	8576	8581	8577
f 	7950	7951	7952
f 	7950	7952	7953
f 	7955	7957	7956
f 	7955	7956	7954
f 	16390	16391	16386
f 	16390	16386	16387
f 	16390	16387	16388
f 	16390	16388	16389
f 	16330	16331	16332
f 	16330	16332	16333
f 	16330	16333	16334
f 	16330	16334	16335
f 	16336	16338	16339
f 	16336	16339	16340
f 	16336	16340	16341
f 	16336	16341	16337
f 	16397	16394	16395
f 	16397	16395	16396
f 	16397	16396	16393
f 	16397	16393	16392
f 	17081	17041	17080
f 	13212	13191	13205
f 	13212	13205	13211
f 	13739	13717	13731
f 	13739	13731	13738
f 	19	20	21
f 	19	21	22
f 	19	22	23
f 	19	23	24
f 	19	24	18
f 	14946	14947	14948
f 	14946	14948	14949
f 	14946	14949	14950
f 	14946	14950	14951
f 	14946	14951	14945
f 	2	3	4
f 	2	4	5
f 	2	5	6
f 	2	6	7
f 	2	7	1
f 	14929	14930	14931
f 	14929	14931	14932
f 	14929	14932	14933
f 	14929	14933	14934
f 	14929	14934	14928
f 	12189	12190	12188
f 	12189	12188	12187
f 	12224	12242	12243
f 	12224	12243	12223
f 	12225	12226	12240
f 	12225	12240	12241
f 	12198	12197	12192
f 	12198	12192	12191
f 	12160	12165	12164
f 	12160	12164	12161
f 	12138	12139	12137
f 	12138	12137	12136
f 	17119	16998	16929
f 	17119	16929	17120
f 	17116	17115	17002
f 	17116	17002	16997
f 	10467	10464	10465
f 	10467	10465	10555
f 	10556	11923	10820
f 	10556	10820	10557
f 	16675	16674	16691
f 	16675	16691	16690
f 	16560	16559	16576
f 	16560	16576	16575
f 	16646	16645	16608
f 	16646	16608	16607
f 	16533	16532	16493
f 	16533	16493	16492
f 	12129	10057	12127
f 	10003	10008	10004
f 	10828	10826	10827
f 	10828	10827	10829
f 	14668	14670	14671
f 	14668	14671	14669
f 	10013	10014	10015
f 	10013	10015	10012
f 	9980	12122	10432
f 	9980	10432	9981
f 	10465	10566	10564
f 	10465	10564	10555
f 	10565	10567	11923
f 	10565	11923	10556
f 	8283	8536	8396
f 	8283	8396	17736
f 	8543	8544	8558
f 	8543	8558	8560
f 	8136	8137	8138
f 	8136	8138	8139
f 	8090	8091	8092
f 	8090	8092	8093
f 	10579	10583	10586
f 	10579	10586	10580
f 	17011	17008	16916
f 	17011	16916	16915
f 	15257	15256	15268
f 	15257	15268	15278
f 	15273	15264	15249
f 	15273	15249	15262
f 	15261	15260	15275
f 	15261	15275	15274
f 	15258	15277	15276
f 	15258	15276	15259
f 	10002	10009	10003
f 	10056	12126	12127
f 	9433	9434	9432
f 	9431	9440	9424
f 	9423	9424	9440
f 	9441	9432	9434
f 	12464	12465	12466
f 	12464	12466	12467
f 	12464	12467	12468
f 	12464	12468	12469
f 	12464	12469	12636
f 	12464	12636	12640
f 	12464	12640	12641
f 	12464	12641	12642
f 	12464	12642	12654
f 	12464	12654	12655
f 	12464	12655	12656
f 	12464	12656	12657
f 	12464	12657	12658
f 	12464	12658	12646
f 	12464	12646	12647
f 	12464	12647	12648
f 	12464	12648	12649
f 	12464	12649	12650
f 	12464	12650	12651
f 	12464	12651	12652
f 	12464	12652	12653
f 	12464	12653	12463
f 	12411	12412	12413
f 	12411	12413	12414
f 	12411	12414	12415
f 	12411	12415	12416
f 	12411	12416	12874
f 	12411	12874	12879
f 	12411	12879	12880
f 	12411	12880	12881
f 	12411	12881	12894
f 	12411	12894	12895
f 	12411	12895	12896
f 	12411	12896	12897
f 	12411	12897	12898
f 	12411	12898	12886
f 	12411	12886	12887
f 	12411	12887	12888
f 	12411	12888	12889
f 	12411	12889	12890
f 	12411	12890	12891
f 	12411	12891	12892
f 	12411	12892	12893
f 	12411	12893	12410
f 	12701	12702	12703
f 	12701	12703	12704
f 	12701	12704	12690
f 	12701	12690	12688
f 	12701	12688	12689
f 	12701	12689	12693
f 	12701	12693	12694
f 	12701	12694	12696
f 	12701	12696	12697
f 	12701	12697	12699
f 	12701	12699	12700
f 	12701	12700	12687
f 	12701	12687	12510
f 	12701	12510	12511
f 	12701	12511	12512
f 	12701	12512	12513
f 	12701	12513	12514
f 	12701	12514	12515
f 	12701	12515	12516
f 	12701	12516	12517
f 	12701	12517	12705
f 	12701	12705	12706
f 	12956	12957	12958
f 	12956	12958	12959
f 	12956	12959	12946
f 	12956	12946	12945
f 	12956	12945	12943
f 	12956	12943	12944
f 	12956	12944	12949
f 	12956	12949	12951
f 	12956	12951	12952
f 	12956	12952	12954
f 	12956	12954	12955
f 	12956	12955	12942
f 	12956	12942	12770
f 	12956	12770	12771
f 	12956	12771	12772
f 	12956	12772	12773
f 	12956	12773	12774
f 	12956	12774	12775
f 	12956	12775	12776
f 	12956	12776	12777
f 	12956	12777	12960
f 	12956	12960	12961
f 	13305	13306	13307
f 	13305	13307	13308
f 	13305	13308	13297
f 	13305	13297	13298
f 	13305	13298	13299
f 	13305	13299	13300
f 	13305	13300	13288
f 	13305	13288	13289
f 	13305	13289	13290
f 	13305	13290	13291
f 	13305	13291	13292
f 	13305	13292	13293
f 	13305	13293	13294
f 	13305	13294	13295
f 	13305	13295	13296
f 	13305	13296	13216
f 	13305	13216	13217
f 	13305	13217	13263
f 	13305	13263	13301
f 	13305	13301	13302
f 	13305	13302	13303
f 	13305	13303	13304
f 	13380	13381	13382
f 	13380	13382	13383
f 	13380	13383	13373
f 	13380	13373	13374
f 	13380	13374	13362
f 	13380	13362	13363
f 	13380	13363	13364
f 	13380	13364	13365
f 	13380	13365	13366
f 	13380	13366	13367
f 	13380	13367	13368
f 	13380	13368	13369
f 	13380	13369	13370
f 	13380	13370	13371
f 	13380	13371	13372
f 	13380	13372	13341
f 	13380	13341	13342
f 	13380	13342	13375
f 	13380	13375	13376
f 	13380	13376	13377
f 	13380	13377	13378
f 	13380	13378	13379
f 	13879	13878	13877
f 	13879	13877	13876
f 	13879	13876	13875
f 	13879	13875	13874
f 	13879	13874	13897
f 	13879	13897	13898
f 	13879	13898	13899
f 	13879	13899	13900
f 	13879	13900	13901
f 	13879	13901	13902
f 	13879	13902	13903
f 	13879	13903	13904
f 	13879	13904	13767
f 	13879	13767	13766
f 	13879	13766	13765
f 	13879	13765	13763
f 	13879	13763	13764
f 	13879	13764	13884
f 	13879	13884	13883
f 	13879	13883	13882
f 	13879	13882	13881
f 	13879	13881	13880
f 	13818	13819	13820
f 	13818	13820	13821
f 	13818	13821	13822
f 	13818	13822	13823
f 	13818	13823	13824
f 	13818	13824	13838
f 	13818	13838	13842
f 	13818	13842	13844
f 	13818	13844	13846
f 	13818	13846	13848
f 	13818	13848	13849
f 	13818	13849	13851
f 	13818	13851	13853
f 	13818	13853	13854
f 	13818	13854	13856
f 	13818	13856	13857
f 	13818	13857	13812
f 	13818	13812	13813
f 	13818	13813	13814
f 	13818	13814	13815
f 	13818	13815	13816
f 	13818	13816	13817
f 	2315	2349	2313
f 	6117	6097	6116
f 	2750	2786	2747
f 	6597	6596	6484
f 	2356	2355	2357
f 	6136	6103	6144
f 	2714	2805	2713
f 	6464	6465	6463
f 	10240	10239	10252
f 	10240	10252	10247
f 	10236	10257	10256
f 	10236	10256	10237
f 	10262	10263	10261
f 	10262	10261	10260
f 	10271	10266	10267
f 	10271	10267	10274
f 	10365	10310	10309
f 	10365	10309	10366
f 	10368	10307	10306
f 	10368	10306	10369
f 	10303	10304	10360
f 	10303	10360	10371
f 	10237	10256	10253
f 	10237	10253	10238
f 	10364	10311	10310
f 	10364	10310	10365
f 	10363	10314	10313
f 	10363	10313	10312
f 	10314	10246	10248
f 	10314	10248	10313
f 	10260	10261	10259
f 	10260	10259	10258
f 	10304	10272	10275
f 	10304	10275	10360
f 	10367	10308	10307
f 	10367	10307	10368
f 	10266	10265	10264
f 	10266	10264	10267
f 	10369	10306	10305
f 	10369	10305	10370
f 	10305	10303	10371
f 	10305	10371	10370
f 	10264	10265	10263
f 	10264	10263	10262
f 	10366	10309	10308
f 	10366	10308	10367
f 	10272	10271	10274
f 	10272	10274	10275
f 	10258	10259	10257
f 	10258	10257	10236
f 	10246	10240	10247
f 	10246	10247	10248
f 	10364	10363	10312
f 	10364	10312	10311
f 	10239	10238	10253
f 	10239	10253	10252
f 	17426	17326	17325
f 	17426	17325	17574
f 	17234	17235	17233
f 	17234	17233	17223
f 	17040	17057	17099
f 	17103	16950	17102
f 	10736	10735	11212
f 	10736	11212	11211
f 	8364	8331	8330
f 	8364	8330	8354
f 	3882	3881	3880
f 	3885	3884	3887
f 	5222	5221	5220
f 	5225	5224	5227
f 	107	108	109
f 	154	153	152
f 	1372	1373	1374
f 	1419	1418	1417
f 	6376	6375	6374
f 	2527	2528	2529
f 	2572	2571	2570
f 	6379	6378	6381
f 	2552	2550	2551
f 	2615	2614	2595
f 	6353	6350	6354
f 	6404	6423	6424
f 	132	130	131
f 	197	196	177
f 	1397	1395	1396
f 	1462	1461	1442
f 	3859	3856	3860
f 	3910	3929	3930
f 	5199	5196	5200
f 	5250	5269	5270
f 	12172	9994	12163
f 	17057	17050	17047
f 	17150	17103	16878
f 	8433	8428	8432
f 	7774	7775	7778
f 	8197	8561	8306
f 	8197	8306	8195
f 	10131	10129	10132
f 	10131	10132	10133
f 	12004	12008	12009
f 	12004	12009	12005
f 	12002	12007	12008
f 	12002	12008	12004
f 	10130	10131	10133
f 	10130	10133	10134
f 	2377	2378	2379
f 	2377	2379	2380
f 	6186	6187	6188
f 	6186	6188	6189
f 	8371	8319	8321
f 	8371	8321	8368
f 	2355	2331	2357
f 	6136	6129	6103
f 	6464	6466	6465
f 	2805	2766	2713
f 	10405	10401	10400
f 	10405	10400	10404
f 	12113	10575	10572
f 	12113	10572	12112
f 	17541	17390	17540
f 	17541	17540	17539
f 	8287	8323	8320
f 	8567	8568	8569
f 	8567	8569	8570
f 	8567	8570	8571
f 	8567	8571	8572
f 	8567	8572	8573
f 	8567	8573	8563
f 	8567	8563	8562
f 	8567	8562	8565
f 	8567	8565	8566
f 	8287	8322	8546
f 	2418	2417	2419
f 	2418	2419	2420
f 	6198	6199	6197
f 	6198	6197	6196
f 	2381	2383	2384
f 	2381	2384	2382
f 	6232	6234	6235
f 	6232	6235	6233
f 	2392	2391	2393
f 	2392	2393	2394
f 	2405	2403	2404
f 	2405	2404	2406
f 	6212	6210	6211
f 	6212	6211	6213
f 	6224	6225	6223
f 	6224	6223	6222
f 	2411	2412	2413
f 	2411	2413	2414
f 	6204	6205	6203
f 	6204	6203	6202
f 	2401	2400	2399
f 	2401	2399	2402
f 	2411	2409	2410
f 	2411	2410	2412
f 	6206	6205	6204
f 	6206	6204	6207
f 	6216	6214	6215
f 	6216	6215	6217
f 	2390	2389	2391
f 	2390	2391	2392
f 	2403	2401	2402
f 	2403	2402	2404
f 	2419	2421	2422
f 	2419	2422	2420
f 	6194	6196	6197
f 	6194	6197	6195
f 	6214	6212	6213
f 	6214	6213	6215
f 	6226	6227	6225
f 	6226	6225	6224
f 	2383	2385	2386
f 	2383	2386	2384
f 	6230	6232	6233
f 	6230	6233	6231
f 	2396	2395	2397
f 	2396	2397	2398
f 	2409	2407	2408
f 	2409	2408	2410
f 	6208	6206	6207
f 	6208	6207	6209
f 	6220	6221	6219
f 	6220	6219	6218
f 	2422	2421	2423
f 	2422	2423	2424
f 	6194	6195	6193
f 	6194	6193	6192
f 	2413	2415	2416
f 	2413	2416	2414
f 	6200	6202	6203
f 	6200	6203	6201
f 	2378	2381	2382
f 	2378	2382	2379
f 	6234	6186	6189
f 	6234	6189	6235
f 	2407	2405	2406
f 	2407	2406	2408
f 	6210	6208	6209
f 	6210	6209	6211
f 	2394	2393	2395
f 	2394	2395	2396
f 	6222	6223	6221
f 	6222	6221	6220
f 	2416	2415	2417
f 	2416	2417	2418
f 	6200	6201	6199
f 	6200	6199	6198
f 	2388	2387	2389
f 	2388	2389	2390
f 	6228	6229	6227
f 	6228	6227	6226
f 	2397	2399	2400
f 	2397	2400	2398
f 	6217	6218	6219
f 	6217	6219	6216
f 	2385	2387	2388
f 	2385	2388	2386
f 	2423	2425	2426
f 	2423	2426	2424
f 	6190	6192	6193
f 	6190	6193	6191
f 	6228	6230	6231
f 	6228	6231	6229
f 	11534	11533	11535
f 	11534	11535	11536
f 	11539	11538	11537
f 	11539	11537	11540
f 	15478	15477	15468
f 	8194	8376	8377
f 	8194	8377	8378
f 	8194	8378	8379
f 	8194	8379	8375
f 	8194	8375	8265
f 	8194	8265	8191
f 	13004	13000	13005
f 	13020	13025	13021
f 	6100	6074	6073
f 	6100	6073	6101
f 	6078	6077	6097
f 	6078	6097	6096
f 	6097	6077	6076
f 	6097	6076	6098
f 	6144	6103	6071
f 	6144	6071	6070
f 	6118	6119	6090
f 	6118	6090	6116
f 	6092	6080	6093
f 	6092	6093	6094
f 	6120	6121	6119
f 	6120	6119	6118
f 	6137	6140	6139
f 	6137	6139	6138
f 	6122	6138	6139
f 	6122	6139	6123
f 	6147	6148	6149
f 	6147	6149	6151
f 	6145	6144	6070
f 	6145	6070	6146
f 	6142	6147	6151
f 	6142	6151	6143
f 	2785	2787	2788
f 	2785	2788	2786
f 	6632	6631	6596
f 	6632	6596	6598
f 	2841	2745	2748
f 	2841	2748	2895
f 	6500	6502	6601
f 	6500	6601	6599
f 	2351	2350	2352
f 	2351	2352	2353
f 	2305	2349	2346
f 	2305	2346	2304
f 	2305	2306	2308
f 	2305	2308	2349
f 	2355	2356	2295
f 	2355	2295	2296
f 	2316	2317	2315
f 	2316	2315	2314
f 	6079	6078	6096
f 	6079	6096	6095
f 	6091	6092	6094
f 	6091	6094	6117
f 	6101	6073	6072
f 	6101	6072	6102
f 	2805	2714	2715
f 	2805	2715	2806
f 	6463	6465	6578
f 	6463	6578	6577
f 	2799	2800	2801
f 	2799	2801	2802
f 	6588	6628	6627
f 	6588	6627	6585
f 	2707	2702	2705
f 	2707	2705	2708
f 	6459	6575	6574
f 	6459	6574	6460
f 	2260	2310	2311
f 	2260	2311	2309
f 	6098	6076	6075
f 	6098	6075	6099
f 	6136	6141	6140
f 	6136	6140	6137
f 	2784	2782	2800
f 	2784	2800	2799
f 	6590	6629	6628
f 	6590	6628	6588
f 	2318	2319	2317
f 	2318	2317	2316
f 	2810	2807	2808
f 	2810	2808	2809
f 	6468	6490	6489
f 	6468	6489	6472
f 	2753	2754	2752
f 	2753	2752	2751
f 	6477	6487	6485
f 	6477	6485	6481
f 	2362	2358	2359
f 	2362	2359	2360
f 	2755	2754	2753
f 	2755	2753	2756
f 	2808	2755	2756
f 	2808	2756	2809
f 	6477	6474	6488
f 	6477	6488	6487
f 	6474	6472	6489
f 	6474	6489	6488
f 	2359	2320	2321
f 	2359	2321	2360
f 	2292	2289	2288
f 	2292	2288	2293
f 	6103	6102	6072
f 	6103	6072	6071
f 	6090	6091	6117
f 	6090	6117	6116
f 	6136	6142	6143
f 	6136	6143	6141
f 	2356	2291	2294
f 	2356	2294	2295
f 	2289	2290	2287
f 	2289	2287	2288
f 	2783	2781	2782
f 	2783	2782	2784
f 	6594	6630	6629
f 	6594	6629	6590
f 	2802	2801	2803
f 	2802	2803	2804
f 	6585	6627	6580
f 	6585	6580	6579
f 	6080	6079	6095
f 	6080	6095	6093
f 	6099	6075	6074
f 	6099	6074	6100
f 	2306	2259	2307
f 	2306	2307	2308
f 	2702	2703	2704
f 	2702	2704	2705
f 	2714	2706	2709
f 	2714	2709	2715
f 	6458	6459	6460
f 	6458	6460	6461
f 	6462	6463	6577
f 	6462	6577	6576
f 	2310	2312	2313
f 	2310	2313	2311
f 	2745	2746	2747
f 	2745	2747	2748
f 	2787	2842	2894
f 	2787	2894	2788
f 	6602	6632	6598
f 	6602	6598	6600
f 	6499	6500	6599
f 	6499	6599	6597
f 	2353	2352	2354
f 	2353	2354	2297
f 	6148	6145	6146
f 	6148	6146	6149
f 	6120	6122	6123
f 	6120	6123	6121
f 	2304	2346	2347
f 	2304	2347	2348
f 	2363	2357	2358
f 	2363	2358	2362
f 	2751	2752	2750
f 	2751	2750	2749
f 	6481	6485	6486
f 	6481	6486	6484
f 	2354	2355	2296
f 	2354	2296	2297
f 	2712	2713	2807
f 	2712	2807	2810
f 	6464	6491	6490
f 	6464	6490	6468
f 	2314	2315	2313
f 	2314	2313	2312
f 	2290	2357	2363
f 	2290	2363	2287
f 	2703	2713	2712
f 	2703	2712	2704
f 	2749	2750	2747
f 	2749	2747	2746
f 	6464	6458	6461
f 	6464	6461	6491
f 	6486	6499	6597
f 	6486	6597	6484
f 	2803	2805	2806
f 	2803	2806	2804
f 	6465	6579	6580
f 	6465	6580	6578
f 	2785	2786	2781
f 	2785	2781	2783
f 	6596	6631	6630
f 	6596	6630	6594
f 	2706	2707	2708
f 	2706	2708	2709
f 	6575	6462	6576
f 	6575	6576	6574
f 	2259	2260	2309
f 	2259	2309	2307
f 	2348	2347	2350
f 	2348	2350	2351
f 	2842	2841	2895
f 	2842	2895	2894
f 	6502	6602	6600
f 	6502	6600	6601
f 	2291	2292	2293
f 	2291	2293	2294
f 	2320	2319	2318
f 	2320	2318	2321
f 	17041	17078	17075
f 	12336	12334	12335
f 	10101	10090	10097
f 	10101	10097	10098
f 	10101	10098	10037
f 	10101	10037	10036
f 	10101	10036	10099
f 	10101	10099	10100
f 	12065	12066	12054
f 	12065	12054	12003
f 	12065	12003	12000
f 	12065	12000	12001
f 	12058	12060	12061
f 	12058	12061	12062
f 	12058	12062	12063
f 	12058	12063	12064
f 	12058	12064	12057
f 	13108	13117	13116
f 	13116	13117	13114
f 	10422	10421	10423
f 	10571	10569	10433
f 	15028	15029	15030
f 	15028	15030	15031
f 	15028	15031	15020
f 	15028	15020	15019
f 	15028	15019	15018
f 	15028	15018	15016
f 	15028	15016	15017
f 	15028	15017	15032
f 	15028	15032	15033
f 	15028	15033	15034
f 	15028	15034	15035
f 	15028	15035	15036
f 	15028	15036	15037
f 	15028	15037	15038
f 	15028	15038	15039
f 	15028	15039	15040
f 	15028	15040	15022
f 	15028	15022	15023
f 	15028	15023	15024
f 	15028	15024	15025
f 	15028	15025	15026
f 	15028	15026	15027
f 	15154	15155	15156
f 	15154	15156	15157
f 	15154	15157	15158
f 	15154	15158	15159
f 	15154	15159	15160
f 	15154	15160	15161
f 	15154	15161	15162
f 	15154	15162	15163
f 	15154	15163	15152
f 	15154	15152	15151
f 	15154	15151	15150
f 	15154	15150	15148
f 	15154	15148	15149
f 	15154	15149	15164
f 	15154	15164	15165
f 	15154	15165	15166
f 	15154	15166	15167
f 	15154	15167	15168
f 	15154	15168	15169
f 	15154	15169	15170
f 	15154	15170	15171
f 	15154	15171	15172
f 	16976	16975	16974
f 	10194	10162	10195
f 	14514	14501	14513
f 	10224	10233	10232
f 	14521	14517	14522
f 	229	230	232
f 	229	232	231
f 	269	271	272
f 	269	272	270
f 	3952	3950	3951
f 	3952	3951	3953
f 	5292	5290	5291
f 	5292	5291	5293
f 	1533	1535	1536
f 	1533	1536	1534
f 	5343	5342	5344
f 	5343	5344	5345
f 	1492	1493	1495
f 	1492	1495	1494
f 	4003	4002	4004
f 	4003	4004	4005
f 	2455	2456	2458
f 	2455	2458	2457
f 	6258	6256	6257
f 	6258	6257	6259
f 	6307	6306	6308
f 	6307	6308	6309
f 	2471	2472	2470
f 	2471	2470	2469
f 	6243	6242	6244
f 	6243	6244	6245
f 	6322	6320	6321
f 	6322	6321	6323
f 	224	223	226
f 	224	226	225
f 	264	265	266
f 	264	266	263
f 	3958	3956	3957
f 	3958	3957	3959
f 	5298	5296	5297
f 	5298	5297	5299
f 	1528	1529	1530
f 	1528	1530	1527
f 	5337	5336	5338
f 	5337	5338	5339
f 	1487	1486	1489
f 	1487	1489	1488
f 	3997	3996	3998
f 	3997	3998	3999
f 	2497	2499	2500
f 	2497	2500	2498
f 	2452	2451	2454
f 	2452	2454	2453
f 	6262	6260	6261
f 	6262	6261	6263
f 	6303	6302	6304
f 	6303	6304	6305
f 	244	242	241
f 	244	241	243
f 	283	284	282
f 	283	282	281
f 	3939	3938	3940
f 	3939	3940	3941
f 	5279	5278	5280
f 	5279	5280	5281
f 	1547	1548	1546
f 	1547	1546	1545
f 	5356	5354	5355
f 	5356	5355	5357
f 	1507	1505	1504
f 	1507	1504	1506
f 	4016	4014	4015
f 	4016	4015	4017
f 	2511	2513	2514
f 	2511	2514	2512
f 	2459	2457	2458
f 	2459	2458	2460
f 	6254	6255	6257
f 	6254	6257	6256
f 	6308	6310	6311
f 	6308	6311	6309
f 	2450	2451	2452
f 	2450	2452	2449
f 	6264	6265	6262
f 	6264	6262	6263
f 	6300	6302	6303
f 	6300	6303	6301
f 	209	211	212
f 	209	212	210
f 	157	250	252
f 	157	252	251
f 	3972	3973	3971
f 	3972	3971	3970
f 	5312	5313	5311
f 	5312	5311	5310
f 	1472	1474	1475
f 	1472	1475	1473
f 	1422	1514	1516
f 	1422	1516	1515
f 	3890	3984	3985
f 	3890	3985	3983
f 	5322	5324	5325
f 	5322	5325	5323
f 	2427	2428	2429
f 	2427	2429	2430
f 	6237	6238	6239
f 	6237	6239	6236
f 	6329	6327	6326
f 	6329	6326	6328
f 	2466	2464	2463
f 	2466	2463	2465
f 	6249	6248	6250
f 	6249	6250	6251
f 	6316	6314	6315
f 	6316	6315	6317
f 	2494	2495	2496
f 	2494	2496	2493
f 	2445	2447	2448
f 	2445	2448	2446
f 	6268	6269	6266
f 	6268	6266	6267
f 	6296	6298	6299
f 	6296	6299	6297
f 	229	227	228
f 	229	228	230
f 	268	267	269
f 	268	269	270
f 	3952	3953	3955
f 	3952	3955	3954
f 	5292	5293	5295
f 	5292	5295	5294
f 	1532	1531	1533
f 	1532	1533	1534
f 	5340	5342	5343
f 	5340	5343	5341
f 	1492	1490	1491
f 	1492	1491	1493
f 	4000	4002	4003
f 	4000	4003	4001
f 	238	236	235
f 	238	235	237
f 	277	278	276
f 	277	276	275
f 	3945	3944	3946
f 	3945	3946	3947
f 	5285	5284	5286
f 	5285	5286	5287
f 	1541	1542	1540
f 	1541	1540	1539
f 	5350	5348	5349
f 	5350	5349	5351
f 	1501	1499	1498
f 	1501	1498	1500
f 	4010	4008	4009
f 	4010	4009	4011
f 	2433	2434	2432
f 	2433	2432	2431
f 	6282	6283	6281
f 	6282	6281	6280
f 	6286	6331	6330
f 	6286	6330	6287
f 	242	240	239
f 	242	239	241
f 	281	282	280
f 	281	280	279
f 	3941	3940	3942
f 	3941	3942	3943
f 	5281	5280	5282
f 	5281	5282	5283
f 	1545	1546	1544
f 	1545	1544	1543
f 	2470	2468	2467
f 	2470	2467	2469
f 	5354	5352	5353
f 	5354	5353	5355
f 	6245	6244	6246
f 	6245	6246	6247
f 	1505	1503	1502
f 	1505	1502	1504
f 	4014	4012	4013
f 	4014	4013	4015
f 	6320	6318	6319
f 	6320	6319	6321
f 	246	244	243
f 	246	243	245
f 	285	286	284
f 	285	284	283
f 	3937	3936	3938
f 	3937	3938	3939
f 	5277	5276	5278
f 	5277	5278	5279
f 	1509	1507	1506
f 	1509	1506	1508
f 	1549	1550	1548
f 	1549	1548	1547
f 	4018	4016	4017
f 	4018	4017	4019
f 	5358	5356	5357
f 	5358	5357	5359
f 	2500	2499	2501
f 	2500	2501	2502
f 	216	215	217
f 	216	217	218
f 	257	255	256
f 	257	256	258
f 	1521	1519	1520
f 	1521	1520	1522
f 	3967	3965	3964
f 	3967	3964	3966
f 	5307	5305	5304
f 	5307	5304	5306
f 	5330	5331	5329
f 	5330	5329	5328
f 	1479	1478	1480
f 	1479	1480	1481
f 	3990	3991	3989
f 	3990	3989	3988
f 	2491	2492	2494
f 	2491	2494	2493
f 	245	199	202
f 	245	202	246
f 	287	288	286
f 	287	286	285
f 	3936	3937	3934
f 	3936	3934	3933
f 	5276	5277	5274
f 	5276	5274	5273
f 	1551	1552	1550
f 	1551	1550	1549
f 	5361	5358	5359
f 	5361	5359	5360
f 	1508	1464	1467
f 	1508	1467	1509
f 	4021	4018	4019
f 	4021	4019	4020
f 	2473	2427	2430
f 	2473	2430	2474
f 	6240	6241	6238
f 	6240	6238	6237
f 	6327	6324	6325
f 	6327	6325	6326
f 	2519	2520	2518
f 	2519	2518	2517
f 	2443	2445	2446
f 	2443	2446	2444
f 	6270	6271	6269
f 	6270	6269	6268
f 	6294	6296	6297
f 	6294	6297	6295
f 	249	193	292
f 	249	292	291
f 	203	205	206
f 	203	206	204
f 	3978	3979	3977
f 	3978	3977	3976
f 	5316	5317	5315
f 	5316	5315	5180
f 	1513	1512	1556
f 	1513	1556	1555
f 	5320	5365	5364
f 	5320	5364	5321
f 	3982	4025	4024
f 	3982	4024	3926
f 	1468	1414	1470
f 	1468	1470	1469
f 	214	213	215
f 	214	215	216
f 	255	253	254
f 	255	254	256
f 	3969	3967	3966
f 	3969	3966	3968
f 	5309	5307	5306
f 	5309	5306	5308
f 	1519	1517	1518
f 	1519	1518	1520
f 	5328	5329	5327
f 	5328	5327	5326
f 	1477	1476	1478
f 	1477	1478	1479
f 	3988	3989	3987
f 	3988	3987	3986
f 	203	204	201
f 	203	201	200
f 	292	290	289
f 	292	289	291
f 	2467	2468	2466
f 	2467	2466	2465
f 	3978	3932	3935
f 	3978	3935	3979
f 	5316	5272	5275
f 	5316	5275	5317
f 	6246	6248	6249
f 	6246	6249	6247
f 	1556	1554	1553
f 	1556	1553	1555
f 	5364	5365	5363
f 	5364	5363	5362
f 	1468	1469	1466
f 	1468	1466	1465
f 	4024	4025	4023
f 	4024	4023	4022
f 	6316	6317	6319
f 	6316	6319	6318
f 	2453	2454	2456
f 	2453	2456	2455
f 	6260	6258	6259
f 	6260	6259	6261
f 	6305	6304	6306
f 	6305	6306	6307
f 	239	240	238
f 	239	238	237
f 	277	279	280
f 	277	280	278
f 	3942	3944	3945
f 	3942	3945	3943
f 	5282	5284	5285
f 	5282	5285	5283
f 	1502	1503	1501
f 	1502	1501	1500
f 	1541	1543	1544
f 	1541	1544	1542
f 	4010	4011	4013
f 	4010	4013	4012
f 	5350	5351	5353
f 	5350	5353	5352
f 	2507	2508	2506
f 	2507	2506	2505
f 	231	232	234
f 	231	234	233
f 	271	273	274
f 	271	274	272
f 	3950	3949	3948
f 	3950	3948	3951
f 	5290	5289	5288
f 	5290	5288	5291
f 	1535	1537	1538
f 	1535	1538	1536
f 	5345	5344	5346
f 	5345	5346	5347
f 	1494	1495	1497
f 	1494	1497	1496
f 	4005	4004	4006
f 	4005	4006	4007
f 	222	223	224
f 	222	224	221
f 	261	262	264
f 	261	264	263
f 	1525	1526	1528
f 	1525	1528	1527
f 	3960	3961	3958
f 	3960	3958	3959
f 	5300	5301	5298
f 	5300	5298	5299
f 	5334	5336	5337
f 	5334	5337	5335
f 	1485	1486	1487
f 	1485	1487	1484
f 	3994	3996	3997
f 	3994	3997	3995
f 	225	226	228
f 	225	228	227
f 	265	267	268
f 	265	268	266
f 	3956	3954	3955
f 	3956	3955	3957
f 	5296	5294	5295
f 	5296	5295	5297
f 	1529	1531	1532
f 	1529	1532	1530
f 	5339	5338	5340
f 	5339	5340	5341
f 	1488	1489	1491
f 	1488	1491	1490
f 	3999	3998	4000
f 	3999	4000	4001
f 	2431	2432	2429
f 	2431	2429	2428
f 	6282	6236	6239
f 	6282	6239	6283
f 	6330	6331	6329
f 	6330	6329	6328
f 	2487	2488	2490
f 	2487	2490	2489
f 	2433	2435	2436
f 	2433	2436	2434
f 	6280	6281	6279
f 	6280	6279	6278
f 	6285	6286	6287
f 	6285	6287	6284
f 	2442	2441	2443
f 	2442	2443	2444
f 	6273	6271	6270
f 	6273	6270	6272
f 	6294	6295	6293
f 	6294	6293	6292
f 	2478	2477	2522
f 	2478	2522	2521
f 	205	207	208
f 	205	208	206
f 	247	248	193
f 	247	193	249
f 	3976	3977	3975
f 	3976	3975	3974
f 	5180	5315	5314
f 	5180	5314	5179
f 	1510	1511	1512
f 	1510	1512	1513
f 	5319	5320	5321
f 	5319	5321	5318
f 	1414	1415	1471
f 	1414	1471	1470
f 	3981	3982	3926
f 	3981	3926	3980
f 	2511	2512	2510
f 	2511	2510	2509
f 	2517	2518	2516
f 	2517	2516	2515
f 	2485	2486	2488
f 	2485	2488	2487
f 	2437	2439	2440
f 	2437	2440	2438
f 	6276	6277	6275
f 	6276	6275	6274
f 	6288	6290	6291
f 	6288	6291	6289
f 	2507	2509	2510
f 	2507	2510	2508
f 	2495	2497	2498
f 	2495	2498	2496
f 	211	213	214
f 	211	214	212
f 	251	252	254
f 	251	254	253
f 	3970	3971	3969
f 	3970	3969	3968
f 	5310	5311	5309
f 	5310	5309	5308
f 	1515	1516	1518
f 	1515	1518	1517
f 	5324	5326	5327
f 	5324	5327	5325
f 	1474	1476	1477
f 	1474	1477	1475
f 	3984	3986	3987
f 	3984	3987	3985
f 	207	209	210
f 	207	210	208
f 	250	157	248
f 	250	248	247
f 	3974	3975	3973
f 	3974	3973	3972
f 	5179	5314	5313
f 	5179	5313	5312
f 	1514	1422	1511
f 	1514	1511	1510
f 	5323	5319	5318
f 	5323	5318	5322
f 	1415	1472	1473
f 	1415	1473	1471
f 	3983	3981	3980
f 	3983	3980	3890
f 	2522	2520	2519
f 	2522	2519	2521
f 	2475	2476	2477
f 	2475	2477	2478
f 	2435	2437	2438
f 	2435	2438	2436
f 	6278	6279	6277
f 	6278	6277	6276
f 	6289	6285	6284
f 	6289	6284	6288
f 	2485	2483	2484
f 	2485	2484	2486
f 	2473	2474	2472
f 	2473	2472	2471
f 	6240	6242	6243
f 	6240	6243	6241
f 	6322	6323	6325
f 	6322	6325	6324
f 	2459	2460	2462
f 	2459	2462	2461
f 	6254	6253	6252
f 	6254	6252	6255
f 	6311	6310	6312
f 	6311	6312	6313
f 	220	219	222
f 	220	222	221
f 	261	259	260
f 	261	260	262
f 	1525	1523	1524
f 	1525	1524	1526
f 	3962	3961	3960
f 	3962	3960	3963
f 	5302	5301	5300
f 	5302	5300	5303
f 	5334	5335	5333
f 	5334	5333	5332
f 	1483	1482	1485
f 	1483	1485	1484
f 	3994	3995	3993
f 	3994	3993	3992
f 	218	217	219
f 	218	219	220
f 	259	257	258
f 	259	258	260
f 	3965	3962	3963
f 	3965	3963	3964
f 	5305	5302	5303
f 	5305	5303	5304
f 	1523	1521	1522
f 	1523	1522	1524
f 	5332	5333	5331
f 	5332	5331	5330
f 	1481	1480	1482
f 	1481	1482	1483
f 	3992	3993	3991
f 	3992	3991	3990
f 	2480	2479	2482
f 	2480	2482	2481
f 	199	200	201
f 	199	201	202
f 	289	290	288
f 	289	288	287
f 	1553	1554	1552
f 	1553	1552	1551
f 	3933	3934	3935
f 	3933	3935	3932
f 	5273	5274	5275
f 	5273	5275	5272
f 	5363	5361	5360
f 	5363	5360	5362
f 	1464	1465	1466
f 	1464	1466	1467
f 	4023	4021	4020
f 	4023	4020	4022
f 	2439	2441	2442
f 	2439	2442	2440
f 	6274	6275	6273
f 	6274	6273	6272
f 	6290	6292	6293
f 	6290	6293	6291
f 	235	236	233
f 	235	233	234
f 	273	275	276
f 	273	276	274
f 	3946	3948	3949
f 	3946	3949	3947
f 	5286	5288	5289
f 	5286	5289	5287
f 	1537	1539	1540
f 	1537	1540	1538
f 	5347	5346	5349
f 	5347	5349	5348
f 	1498	1499	1496
f 	1498	1496	1497
f 	4007	4006	4009
f 	4007	4009	4008
f 	2463	2464	2461
f 	2463	2461	2462
f 	6250	6252	6253
f 	6250	6253	6251
f 	6313	6312	6315
f 	6313	6315	6314
f 	2479	2480	2476
f 	2479	2476	2475
f 	2513	2515	2516
f 	2513	2516	2514
f 	2501	2503	2504
f 	2501	2504	2502
f 	2481	2482	2484
f 	2481	2484	2483
f 	2448	2447	2450
f 	2448	2450	2449
f 	6266	6265	6264
f 	6266	6264	6267
f 	6300	6301	6299
f 	6300	6299	6298
f 	2503	2505	2506
f 	2503	2506	2504
f 	12146	12145	12144
f 	2489	2490	2492
f 	2489	2492	2491
f 	12121	12119	12118
f 	12121	12118	12120
f 	10415	10416	10414
f 	10415	10414	10413
f 	12173	9984	9993
f 	10700	10822	10701
f 	10471	10472	10466
f 	9962	9966	9955
f 	9962	9955	9954
f 	8317	8318	8366
f 	17095	17058	17061
f 	17095	17061	17090
f 	10694	10472	10700
f 	9435	9415	9436
f 	9443	9422	9435
f 	9443	9435	9436
f 	16777	16767	16765
f 	16777	16765	16766
f 	17570	17569	16773
f 	17570	16773	16772
f 	116	115	113
f 	163	160	162
f 	1381	1380	1378
f 	1428	1425	1427
f 	3875	3874	3873
f 	3895	3893	3896
f 	5215	5214	5213
f 	5235	5233	5236
f 	2540	2539	2538
f 	2585	2583	2584
f 	6393	6392	6394
f 	6365	6364	6362
f 	125	124	123
f 	172	170	171
f 	1390	1389	1388
f 	1437	1435	1436
f 	3866	3865	3863
f 	3904	3903	3905
f 	5206	5205	5203
f 	5244	5243	5245
f 	6346	6345	6347
f 	2555	2558	2557
f 	2597	2599	2600
f 	6409	6408	6406
f 	135	138	137
f 	179	181	182
f 	1400	1403	1402
f 	1444	1446	1447
f 	3852	3851	3853
f 	3915	3914	3912
f 	5192	5191	5193
f 	5255	5254	5252
f 	120	119	118
f 	167	165	166
f 	1385	1384	1383
f 	1432	1430	1431
f 	3871	3870	3868
f 	5211	5210	5208
f 	3899	3898	3900
f 	5239	5238	5240
f 	3924	3923	3922
f 	5264	5263	5262
f 	145	147	146
f 	189	190	191
f 	1410	1412	1411
f 	1454	1455	1456
f 	3843	3841	3844
f 	5183	5181	5184
f 	140	142	141
f 	184	185	186
f 	1405	1407	1406
f 	1449	1450	1451
f 	3848	3846	3849
f 	3919	3918	3917
f 	5188	5186	5189
f 	5259	5258	5257
f 	2536	2535	2533
f 	2581	2578	2580
f 	6369	6368	6367
f 	6389	6387	6390
f 	142	145	144
f 	186	188	189
f 	1407	1410	1409
f 	1451	1453	1454
f 	3845	3844	3846
f 	3922	3921	3919
f 	5185	5184	5186
f 	5262	5261	5259
f 	6416	6415	6413
f 	2562	2565	2564
f 	2604	2606	2607
f 	6339	6338	6340
f 	123	122	120
f 	170	167	169
f 	1388	1387	1385
f 	1435	1432	1434
f 	3868	3867	3866
f 	3902	3900	3903
f 	5208	5207	5206
f 	5242	5240	5243
f 	2565	2567	2566
f 	2607	2608	2609
f 	6337	6335	6338
f 	6418	6417	6416
f 	2543	2542	2540
f 	2588	2585	2587
f 	6362	6361	6360
f 	6396	6394	6397
f 	2558	2560	2559
f 	2600	2601	2602
f 	6344	6343	6345
f 	6411	6410	6409
f 	6367	6366	6365
f 	2538	2537	2536
f 	2583	2581	2582
f 	6391	6390	6392
f 	3897	3896	3898
f 	5237	5236	5238
f 	118	117	116
f 	165	163	164
f 	1383	1382	1381
f 	1430	1428	1429
f 	3873	3872	3871
f 	5213	5212	5211
f 	2560	2562	2561
f 	2602	2603	2604
f 	6342	6340	6343
f 	6413	6412	6411
f 	2545	2544	2543
f 	2590	2588	2589
f 	6360	6359	6357
f 	6398	6397	6399
f 	138	140	139
f 	182	183	184
f 	1403	1405	1404
f 	1447	1448	1449
f 	3850	3849	3851
f 	3917	3916	3915
f 	5190	5189	5191
f 	5257	5256	5255
f 	9419	9415	9416
f 	9419	9416	9418
f 	12176	12177	12175
f 	12217	12216	12219
f 	12218	12171	12170
f 	12177	12176	12148
f 	12177	12148	12146
f 	12216	12217	12218
f 	12216	12218	12170
f 	12151	12149	12175
f 	12151	12175	12174
f 	12157	12171	12219
f 	12157	12219	12158
f 	9416	9422	9421
f 	8434	8224	8225
f 	8434	8225	8435
f 	8211	8403	8404
f 	8211	8404	8212
f 	8540	8283	8541
f 	17017	17005	16907
f 	17017	16907	17016
f 	8367	8370	8374
f 	8367	8374	8372
f 	9425	9417	9426
f 	9430	9414	9413
f 	13110	12234	13111
f 	17176	16755	17175
f 	17174	16755	17173
f 	17172	16755	17171
f 	17170	16755	17169
f 	16742	16755	16754
f 	17180	16755	17179
f 	17178	16755	17177
f 	16764	16755	16756
f 	8130	8125	8126
f 	8130	8126	8132
f 	8133	8127	8129
f 	8133	8129	8131
f 	8176	8171	8172
f 	8176	8172	8178
f 	8179	8173	8175
f 	8179	8175	8177
f 	9425	9426	9430
f 	9425	9430	9413
f 	9433	9432	9431
f 	9433	9431	9424
f 	9423	9440	9441
f 	9423	9441	9434
f 	16527	16526	16495
f 	16527	16495	16494
f 	16527	16494	16528
f 	16920	17036	17042
f 	8287	8544	8543
f 	9412	9413	9414
f 	9427	9426	9417
f 	16673	16672	16698
f 	16673	16698	16697
f 	16557	16583	16582
f 	16557	16582	16558
f 	16642	16641	16610
f 	16642	16610	16609
f 	17109	16919	16886
f 	9412	9414	9427
f 	9412	9427	9417
f 	8100	8092	8091
f 	8100	8091	8094
f 	8146	8138	8137
f 	8146	8137	8140
f 	15373	15316	15308
f 	14341	14358	14359
f 	14341	14359	14360
f 	14341	14360	14361
f 	14341	14361	14362
f 	14341	14362	14363
f 	14341	14363	14364
f 	14341	14364	14365
f 	14341	14365	14366
f 	14341	14366	14367
f 	14341	14367	14368
f 	14341	14368	14369
f 	14341	14369	14370
f 	14341	14370	14357
f 	14341	14357	14356
f 	14341	14356	14371
f 	14341	14371	14372
f 	14341	14372	14373
f 	14341	14373	14333
f 	14341	14333	14332
f 	14341	14332	14335
f 	14341	14335	14337
f 	14341	14337	14339
f 	10417	10404	10418
f 	8331	8323	8223
f 	8331	8223	8324
f 	9964	10814	9967
f 	17043	16871	17044
f 	16874	16884	16883
f 	13020	13027	13026
f 	10696	10700	10698
f 	10856	10700	10702
f 	8189	8191	8265
f 	8189	8265	8267
f 	8189	8267	8266
f 	8189	8266	8185
f 	8189	8185	8184
f 	8189	8184	8187
f 	12204	12239	12238
f 	12199	12193	12200
f 	6165	6068	6069
f 	6165	6069	6166
f 	6150	6163	6164
f 	6150	6164	6162
f 	6088	6089	6156
f 	6088	6156	6157
f 	6159	6154	6153
f 	6159	6153	6160
f 	6062	6063	6061
f 	6062	6061	6060
f 	6048	6049	6083
f 	6048	6083	6084
f 	6185	6165	6166
f 	6185	6166	6178
f 	6164	6163	6185
f 	6164	6185	6178
f 	6060	6061	6059
f 	6060	6059	6058
f 	6157	6156	6155
f 	6157	6155	6158
f 	6158	6155	6154
f 	6158	6154	6159
f 	6047	6048	6084
f 	6047	6084	6082
f 	6047	6082	6081
f 	6047	6081	6046
f 	6049	6050	6055
f 	6049	6055	6083
f 	6058	6059	6057
f 	6058	6057	6056
f 	6064	6065	6063
f 	6064	6063	6062
f 	6056	6057	6054
f 	6056	6054	6053
f 	2716	2717	2718
f 	2716	2718	2719
f 	6633	6625	6626
f 	6633	6626	6634
f 	6066	6067	6065
f 	6066	6065	6064
f 	6160	6153	6152
f 	6160	6152	6161
f 	6085	6086	6089
f 	6085	6089	6088
f 	6085	6046	6081
f 	6085	6081	6086
f 	6152	6150	6162
f 	6152	6162	6161
f 	6050	6053	6054
f 	6050	6054	6055
f 	6068	6067	6066
f 	6068	6066	6069
f 	2723	2722	2710
f 	2723	2710	2724
f 	2734	2733	2729
f 	2734	2729	2730
f 	2739	2740	2738
f 	2739	2738	2737
f 	6566	6497	6496
f 	6566	6496	6567
f 	6569	6494	6493
f 	6569	6493	6570
f 	6650	6643	6573
f 	6650	6573	6572
f 	2229	2230	2227
f 	2229	2227	2228
f 	2221	2223	2225
f 	2221	2225	2226
f 	2267	2266	2273
f 	2267	2273	2274
f 	2361	2365	2366
f 	2361	2366	2364
f 	2877	2876	2838
f 	2877	2838	2839
f 	6507	6508	6506
f 	6507	6506	6504
f 	2838	2744	2743
f 	2838	2743	2839
f 	2843	2878	2879
f 	2843	2879	2840
f 	6507	6504	6501
f 	6507	6501	6563
f 	6607	6604	6503
f 	6607	6503	6505
f 	2243	2244	2299
f 	2243	2299	2298
f 	2795	2797	2798
f 	2795	2798	2796
f 	6616	6615	6621
f 	6616	6621	6620
f 	2228	2227	2224
f 	2228	2224	2222
f 	2251	2252	2254
f 	2251	2254	2256
f 	2223	2221	2222
f 	2223	2222	2224
f 	2735	2736	2733
f 	2735	2733	2734
f 	6568	6495	6494
f 	6568	6494	6569
f 	2274	2273	2275
f 	2274	2275	2276
f 	2299	2244	2300
f 	2299	2300	2301
f 	2276	2275	2365
f 	2276	2365	2361
f 	2254	2252	2253
f 	2254	2253	2255
f 	2737	2738	2736
f 	2737	2736	2735
f 	6567	6496	6495
f 	6567	6495	6568
f 	2795	2796	2794
f 	2795	2794	2793
f 	6616	6620	6618
f 	6616	6618	6617
f 	2878	2876	2877
f 	2878	2877	2879
f 	6508	6607	6505
f 	6508	6505	6506
f 	2722	2723	2721
f 	2722	2721	2720
f 	6643	6650	6651
f 	6643	6651	6642
f 	2717	2720	2721
f 	2717	2721	2718
f 	6651	6633	6634
f 	6651	6634	6642
f 	2793	2794	2791
f 	2793	2791	2790
f 	6617	6618	6619
f 	6617	6619	6609
f 	2814	2813	2798
f 	2814	2798	2797
f 	6614	6622	6621
f 	6614	6621	6615
f 	2253	2262	2261
f 	2253	2261	2255
f 	2250	2251	2256
f 	2250	2256	2257
f 	2234	2233	2243
f 	2234	2243	2298
f 	2301	2300	2302
f 	2301	2302	2303
f 	2792	2843	2840
f 	2792	2840	2789
f 	6604	6605	6603
f 	6604	6603	6503
f 	2303	2302	2249
f 	2303	2249	2258
f 	2232	2231	2233
f 	2232	2233	2234
f 	2366	2285	2286
f 	2366	2286	2364
f 	2742	2741	2743
f 	2742	2743	2744
f 	6564	6563	6501
f 	6564	6501	6498
f 	2812	2811	2716
f 	2812	2716	2719
f 	6625	6624	6623
f 	6625	6623	6626
f 	2265	2264	2266
f 	2265	2266	2267
f 	2724	2710	2711
f 	2724	2711	2728
f 	6492	6572	6573
f 	6492	6573	6571
f 	2790	2791	2792
f 	2790	2792	2789
f 	6609	6619	6603
f 	6609	6603	6605
f 	2729	2728	2711
f 	2729	2711	2730
f 	2741	2742	2740
f 	2741	2740	2739
f 	6564	6498	6497
f 	6564	6497	6566
f 	6570	6493	6492
f 	6570	6492	6571
f 	2264	2265	2261
f 	2264	2261	2262
f 	2226	2225	2286
f 	2226	2286	2285
f 	2811	2812	2813
f 	2811	2813	2814
f 	6623	6624	6622
f 	6623	6622	6614
f 	2231	2232	2230
f 	2231	2230	2229
f 	2249	2250	2257
f 	2249	2257	2258
f 	8195	8238	8239
f 	8195	8239	8204
f 	8195	8204	8200
f 	8195	8200	8196
f 	10041	10137	10103
f 	10041	10103	10104
f 	10041	10104	10098
f 	10041	10098	10037
f 	10041	10037	10033
f 	10105	10103	10137
f 	10105	10137	10135
f 	10105	10135	10132
f 	10105	10132	10127
f 	10105	10127	10112
f 	9234	9238	9237
f 	9234	9237	9236
f 	2346	2349	2315
f 	6116	6097	6098
f 	2781	2786	2750
f 	6484	6596	6594
f 	9113	9114	9075
f 	9113	9075	9074
f 	12158	10007	12154
f 	12158	12154	12157
f 	12155	12152	12151
f 	12155	12151	12174
f 	13004	13005	13016
f 	13020	13026	13025
f 	17114	16913	17113
f 	9233	9235	9239
f 	9233	9239	9241
f 	9233	9241	9240
f 	11207	10910	10909
f 	11207	10909	11204
f 	11207	11204	11203
f 	11207	11203	11206
f 	10782	10700	10781
f 	10819	10820	10573
f 	10572	10574	10573
f 	12017	12013	12069
f 	12017	12069	12072
f 	12017	12072	12071
f 	12017	12071	12070
f 	12017	12070	12067
f 	12017	12067	12066
f 	12017	12066	12054
f 	12017	12054	12052
f 	10080	10081	10082
f 	10080	10082	10083
f 	10080	10083	10084
f 	10080	10084	10079
f 	10080	10079	10031
f 	10080	10031	10030
f 	10080	10030	10085
f 	10080	10085	10086
f 	10080	10086	10087
f 	9308	9226	9311
f 	9308	9311	9310
f 	9304	9228	9227
f 	9304	9227	9309
f 	9313	9312	9222
f 	9313	9222	9224
f 	12152	12129	12131
f 	9221	9220	9211
f 	9221	9211	9214
f 	10116	10119	10120
f 	10116	10120	10114
f 	10116	10114	10095
f 	10116	10095	10117
f 	10116	10117	10118
f 	10116	10118	10084
f 	10116	10084	10083
f 	10116	10083	10115
f 	12078	12079	12081
f 	12078	12081	12082
f 	12078	12082	11996
f 	12078	11996	11995
f 	12078	11995	12011
f 	12078	12011	12063
f 	12078	12063	12062
f 	12078	12062	12080
f 	12010	10591	10590
f 	12010	10590	12073
f 	12010	12073	12074
f 	12010	12074	12075
f 	12010	12075	12076
f 	12010	12076	12077
f 	12010	12077	12069
f 	12010	12069	12013
f 	12048	12047	12101
f 	12048	12101	12102
f 	10060	10173	10172
f 	10060	10172	10061
f 	10077	10068	10067
f 	10077	10067	10078
f 	10146	10064	10063
f 	10146	10063	10170
f 	12098	12045	12044
f 	12098	12044	12094
f 	10040	10039	10066
f 	10040	10066	10144
f 	10075	10070	10069
f 	10075	10069	10076
f 	12024	12051	12050
f 	12024	12050	12026
f 	12036	12019	12017
f 	12036	12017	12052
f 	12036	12052	12053
f 	12036	12053	12037
f 	10118	10117	10121
f 	10118	10121	10130
f 	10118	10130	10134
f 	12064	12087	12041
f 	12064	12041	12040
f 	12064	12040	12059
f 	12064	12059	12057
f 	10591	12010	12007
f 	10591	12007	10584
f 	10058	10072	10073
f 	10058	10073	10059
f 	12034	12049	12100
f 	12034	12100	12032
f 	10146	10145	10065
f 	10146	10065	10064
f 	12094	12044	12043
f 	12094	12043	12092
f 	12046	12045	12098
f 	12046	12098	12099
f 	10062	10171	10170
f 	10062	10170	10063
f 	12033	12034	12032
f 	12033	12032	12030
f 	10071	10074	10072
f 	10071	10072	10058
f 	10074	10071	10070
f 	10074	10070	10075
f 	12026	12050	12033
f 	12026	12033	12030
f 	10059	10073	10173
f 	10059	10173	10060
f 	12049	12048	12102
f 	12049	12102	12100
f 	10076	10069	10068
f 	10076	10068	10077
f 	12019	12036	12035
f 	12019	12035	12021
f 	12021	12035	12051
f 	12021	12051	12024
f 	10079	10078	10067
f 	10079	10067	10029
f 	10079	10029	10028
f 	10079	10028	10031
f 	12011	11995	11994
f 	12011	11994	12005
f 	12011	12005	12009
f 	12047	12046	12099
f 	12047	12099	12101
f 	10061	10172	10171
f 	10061	10171	10062
f 	10144	10066	10065
f 	10144	10065	10145
f 	12092	12043	12042
f 	12092	12042	12090
f 	12090	12042	12041
f 	12090	12041	12087
f 	10039	10040	10041
f 	10039	10041	10033
f 	10039	10033	10034
f 	10039	10034	10038
f 	7844	7843	7842
f 	7844	7842	7841
f 	7844	7841	7729
f 	7844	7729	7943
f 	7844	7943	7942
f 	7844	7942	7941
f 	7844	7941	7940
f 	7844	7940	7939
f 	7844	7939	7938
f 	7844	7938	7937
f 	7844	7937	7936
f 	7844	7936	7935
f 	7844	7935	7934
f 	7844	7934	7933
f 	7844	7933	7932
f 	7844	7932	7746
f 	7844	7746	7745
f 	7844	7745	7747
f 	7844	7747	7748
f 	7844	7748	7749
f 	7844	7749	7750
f 	7844	7750	7751
f 	7844	7751	7752
f 	7844	7752	7753
f 	7844	7753	7754
f 	7844	7754	7755
f 	7844	7755	7756
f 	7844	7756	7846
f 	7844	7846	7845
f 	12172	12166	12153
f 	17062	17075	17076
f 	17128	17136	17135
f 	17060	17058	17059
f 	17143	17141	17144
f 	17154	17136	17142
f 	17062	17054	17061
f 	12188	12186	12185
f 	12188	12185	12187
f 	12243	12244	12222
f 	12243	12222	12223
f 	12369	12327	12328
f 	12369	12328	12370
f 	12364	12348	12350
f 	12364	12350	12365
f 	12355	12374	12332
f 	12355	12332	12375
f 	12360	12359	12339
f 	12360	12339	12341
f 	12358	12357	12337
f 	12358	12337	12338
f 	12320	12319	12321
f 	12320	12321	12322
f 	12362	12344	12346
f 	12362	12346	12363
f 	12363	12346	12348
f 	12363	12348	12364
f 	12371	12329	12330
f 	12371	12330	12372
f 	12370	12328	12329
f 	12370	12329	12371
f 	12353	12320	12322
f 	12353	12322	12354
f 	12359	12358	12338
f 	12359	12338	12339
f 	12356	12355	12375
f 	12356	12375	12376
f 	12323	12325	12367
f 	12323	12367	12324
f 	12360	12341	12343
f 	12360	12343	12361
f 	12373	12331	12332
f 	12373	12332	12374
f 	12325	12326	12368
f 	12325	12368	12367
f 	12351	12353	12354
f 	12351	12354	12366
f 	12365	12350	12351
f 	12365	12351	12366
f 	12368	12326	12327
f 	12368	12327	12369
f 	12372	12330	12331
f 	12372	12331	12373
f 	12361	12343	12344
f 	12361	12344	12362
f 	12357	12356	12376
f 	12357	12376	12337
f 	12319	12323	12324
f 	12319	12324	12321
f 	10006	10007	12162
f 	17423	17329	17328
f 	17423	17328	17424
f 	17230	17226	17225
f 	17230	17225	17231
f 	16318	16321	16309
f 	16318	16309	16310
f 	16382	16381	16373
f 	16382	16373	16374
f 	16312	16308	16322
f 	16312	16322	16315
f 	16375	16372	16376
f 	16375	16376	16377
f 	17001	16997	16999
f 	16998	17021	17020
f 	8264	8476	8475
f 	8264	8475	8455
f 	8458	8457	8433
f 	8458	8433	17734
f 	8204	8242	8244
f 	8204	8244	8253
f 	10683	10466	10694
f 	17025	17024	17004
f 	9313	9224	9308
f 	9313	9308	9310
f 	2548	2547	2545
f 	2593	2590	2592
f 	6357	6356	6352
f 	6401	6399	6402
f 	2533	2532	2526
f 	2578	2574	2577
f 	6372	6371	6369
f 	6386	6383	6387
f 	2567	2525	2433
f 	2609	2611	2612
f 	6280	6332	6335
f 	6421	6420	6418
f 	113	112	106
f 	160	156	159
f 	1378	1377	1371
f 	1425	1421	1424
f 	3878	3877	3875
f 	3892	3889	3893
f 	5218	5217	5215
f 	5232	5229	5233
f 	147	105	149
f 	191	193	194
f 	1412	1370	1414
f 	1456	1458	1459
f 	3840	3836	3841
f 	3927	3926	3924
f 	5180	5176	5181
f 	5267	5266	5264
f 	130	135	134
f 	177	178	179
f 	1395	1400	1399
f 	1442	1443	1444
f 	3912	3911	3910
f 	5252	5251	5250
f 	3855	3853	3856
f 	5195	5193	5196
f 	6349	6347	6350
f 	6406	6405	6404
f 	2550	2555	2554
f 	2595	2596	2597
f 	128	127	125
f 	175	172	174
f 	1393	1392	1390
f 	1440	1437	1439
f 	3863	3862	3858
f 	3907	3905	3908
f 	5203	5202	5198
f 	5247	5245	5248
f 	10603	10625	10636
f 	10053	12058	12057
f 	10053	12057	12059
f 	10053	12059	10054
f 	16997	17001	17002
f 	16929	17021	16998
f 	17111	17022	17026
f 	17025	17004	17027
f 	8251	8235	8195
f 	8251	8195	8252
f 	14232	12141	12145
f 	12230	12214	12231
f 	10034	10033	10037
f 	10034	10037	10042
f 	10034	10042	10043
f 	10813	9967	10814
f 	453	454	452
f 	453	452	451
f 	775	777	778
f 	775	778	776
f 	4232	4233	4231
f 	4232	4231	4230
f 	5470	5471	5469
f 	5470	5469	5468
f 	1741	1742	1740
f 	1741	1740	1739
f 	5692	5694	5695
f 	5692	5695	5693
f 	1950	1952	1889
f 	1950	1889	1951
f 	4272	4274	4275
f 	4272	4275	4273
f 	6937	7238	7239
f 	6937	7239	7240
f 	3339	3338	3341
f 	3339	3341	3340
f 	7056	7057	7058
f 	7056	7058	7017
f 	4141	4143	4144
f 	4141	4144	4142
f 	489	491	701
f 	489	701	700
f 	466	464	463
f 	466	463	465
f 	5988	5488	5989
f 	5988	5989	5990
f 	1620	1618	1617
f 	1620	1617	1619
f 	5683	5685	5686
f 	5683	5686	5679
f 	1580	1581	1583
f 	1580	1583	1582
f 	4079	4170	4168
f 	4079	4168	4077
f 	7236	7234	7242
f 	7236	7242	7241
f 	3353	3354	3356
f 	3353	3356	3355
f 	7015	7059	7060
f 	7015	7060	7013
f 	3570	3572	3573
f 	3570	3573	3571
f 	7258	7259	7257
f 	7258	7257	7256
f 	6877	6875	6874
f 	6877	6874	6876
f 	328	335	337
f 	328	337	336
f 	479	492	490
f 	479	490	480
f 	4099	4138	4139
f 	4099	4139	4136
f 	5374	5376	5377
f 	5374	5377	5375
f 	5527	5534	5535
f 	5527	5535	5533
f 	1624	1622	1621
f 	1624	1621	1623
f 	1566	1565	1568
f 	1566	1568	1567
f 	4172	4173	4171
f 	4172	4171	4081
f 	3330	3331	3329
f 	3330	3329	3328
f 	7248	7250	7251
f 	7248	7251	7249
f 	6894	7052	7051
f 	6894	7051	6905
f 	3561	3562	3461
f 	3561	3461	3462
f 	7270	7215	7269
f 	7270	7269	7268
f 	7071	7073	7074
f 	7071	7074	7072
f 	433	435	439
f 	433	439	440
f 	578	564	565
f 	578	565	577
f 	4218	4219	4217
f 	4218	4217	4216
f 	5456	5457	5455
f 	5456	5455	5454
f 	1721	1723	1727
f 	1721	1727	1728
f 	5709	5707	5706
f 	5709	5706	5708
f 	1961	1963	1964
f 	1961	1964	1962
f 	4289	4287	4286
f 	4289	4286	4288
f 	5368	5449	5448
f 	5368	5448	5369
f 	516	515	531
f 	516	531	532
f 	406	390	438
f 	406	438	437
f 	4208	4210	4211
f 	4208	4211	4209
f 	1694	1678	1726
f 	1694	1726	1725
f 	5719	5734	5733
f 	5719	5733	5725
f 	1560	1559	1970
f 	1560	1970	1969
f 	4306	4332	4331
f 	4306	4331	4317
f 	3568	3569	3567
f 	3568	3567	3566
f 	7260	7262	7263
f 	7260	7263	7261
f 	6870	6871	6872
f 	6870	6872	6873
f 	3335	3333	3332
f 	3335	3332	3334
f 	6933	7245	7246
f 	6933	7246	7247
f 	7048	6909	7049
f 	7048	7049	7050
f 	3541	3542	3558
f 	3541	3558	3557
f 	7225	7221	7222
f 	7225	7222	7224
f 	455	457	458
f 	455	458	456
f 	752	753	774
f 	752	774	773
f 	4237	4235	4234
f 	4237	4234	4236
f 	5475	5473	5472
f 	5475	5472	5474
f 	7067	7068	7066
f 	7067	7066	7065
f 	5667	5689	5690
f 	5667	5690	5691
f 	1938	1939	1949
f 	1938	1949	1948
f 	1743	1745	1746
f 	1743	1746	1744
f 	4268	4270	4271
f 	4268	4271	4269
f 	337	335	466
f 	337	466	465
f 	4141	4142	4139
f 	4141	4139	4138
f 	489	480	490
f 	489	490	491
f 	5988	5990	5377
f 	5988	5377	5376
f 	1621	1622	1620
f 	1621	1620	1619
f 	5535	5685	5683
f 	5535	5683	5533
f 	4171	4170	4079
f 	4171	4079	4081
f 	1580	1567	1568
f 	1580	1568	1581
f 	355	356	358
f 	355	358	357
f 	509	512	514
f 	509	514	513
f 	4204	4205	4206
f 	4204	4206	4207
f 	5370	5371	5367
f 	5370	5367	5366
f 	5730	5728	5732
f 	5730	5732	5731
f 	1643	1644	1646
f 	1643	1646	1645
f 	1562	1558	1557
f 	1562	1557	1561
f 	4328	4321	4330
f 	4328	4330	4329
f 	7236	7241	7239
f 	7236	7239	7238
f 	3353	3340	3341
f 	3353	3341	3354
f 	7058	7059	7015
f 	7058	7015	7017
f 	514	512	515
f 	514	515	516
f 	390	357	358
f 	390	358	438
f 	4206	4208	4209
f 	4206	4209	4207
f 	5367	5368	5369
f 	5367	5369	5366
f 	1678	1645	1646
f 	1678	1646	1726
f 	5725	5733	5732
f 	5725	5732	5728
f 	4317	4331	4330
f 	4317	4330	4321
f 	1557	1558	1559
f 	1557	1559	1560
f 	3332	3333	3331
f 	3332	3331	3330
f 	7246	7248	7249
f 	7246	7249	7247
f 	6905	7051	7049
f 	6905	7049	6909
f 	3570	3571	3569
f 	3570	3569	3568
f 	7258	7260	7261
f 	7258	7261	7259
f 	6874	6875	6871
f 	6874	6871	6870
f 	3538	3529	3539
f 	3538	3539	3540
f 	7226	7227	7243
f 	7226	7243	7231
f 	7061	7063	7064
f 	7061	7064	7062
f 	3231	3229	3228
f 	3231	3228	3230
f 	439	441	442
f 	439	442	440
f 	578	577	580
f 	578	580	579
f 	4218	4220	4221
f 	4218	4221	4219
f 	5456	5458	5459
f 	5456	5459	5457
f 	1727	1729	1730
f 	1727	1730	1728
f 	5706	5707	5705
f 	5706	5705	5704
f 	1961	1962	1960
f 	1961	1960	1959
f 	4286	4287	4285
f 	4286	4285	4284
f 	3227	3225	3224
f 	3227	3224	3226
f 	3560	3559	3561
f 	3560	3561	3462
f 	7217	7215	7270
f 	7217	7270	7223
f 	7071	7072	7070
f 	7071	7070	7069
f 	3120	3121	3119
f 	3120	3119	3118
f 	449	451	452
f 	449	452	450
f 	778	777	779
f 	778	779	780
f 	4231	4229	4228
f 	4231	4228	4230
f 	5469	5467	5466
f 	5469	5466	5468
f 	1737	1739	1740
f 	1737	1740	1738
f 	5696	5697	5695
f 	5696	5695	5694
f 	1889	1952	1953
f 	1889	1953	1888
f 	4276	4277	4275
f 	4276	4275	4274
f 	3301	3285	3739
f 	3301	3739	3738
f 	3212	3213	3211
f 	3212	3211	3210
f 	455	456	454
f 	455	454	453
f 	774	775	776
f 	774	776	773
f 	4234	4235	4233
f 	4234	4233	4232
f 	5472	5473	5471
f 	5472	5471	5470
f 	1743	1744	1742
f 	1743	1742	1741
f 	5690	5692	5693
f 	5690	5693	5691
f 	1949	1950	1951
f 	1949	1951	1948
f 	4270	4272	4273
f 	4270	4273	4271
f 	3115	3116	3117
f 	3115	3117	3114
f 	3250	3251	3253
f 	3250	3253	3252
f 	434	435	433
f 	434	433	416
f 	563	562	565
f 	563	565	564
f 	5452	5454	5455
f 	5452	5455	5453
f 	4214	4216	4217
f 	4214	4217	4215
f 	1722	1723	1721
f 	1722	1721	1704
f 	5710	5711	5709
f 	5710	5709	5708
f 	1965	1966	1964
f 	1965	1964	1963
f 	4290	4291	4289
f 	4290	4289	4288
f 	3461	3562	3563
f 	3461	3563	3442
f 	7269	7267	7266
f 	7269	7266	7268
f 	447	449	450
f 	447	450	448
f 	780	779	781
f 	780	781	782
f 	4229	4227	4226
f 	4229	4226	4228
f 	5467	5465	5464
f 	5467	5464	5466
f 	1735	1737	1738
f 	1735	1738	1736
f 	5698	5699	5697
f 	5698	5697	5696
f 	7075	7076	7074
f 	7075	7074	7073
f 	4278	4279	4277
f 	4278	4277	4276
f 	1888	1953	1954
f 	1888	1954	1869
f 	3216	3218	3219
f 	3216	3219	3217
f 	3327	3325	3573
f 	3327	3573	3572
f 	7254	7256	7257
f 	7254	7257	7255
f 	6878	6879	6877
f 	6878	6877	6876
f 	3541	3538	3540
f 	3541	3540	3542
f 	752	749	751
f 	752	751	753
f 	4237	4236	4239
f 	4237	4239	4238
f 	5475	5474	5477
f 	5475	5477	5476
f 	7225	7224	7227
f 	7225	7227	7226
f 	459	460	458
f 	459	458	457
f 	1616	1614	1746
f 	1616	1746	1745
f 	5688	5689	5667
f 	5688	5667	5670
f 	1938	1934	1937
f 	1938	1937	1939
f 	7063	7065	7066
f 	7063	7066	7064
f 	4267	4268	4269
f 	4267	4269	4263
f 	3228	3229	3227
f 	3228	3227	3226
f 	441	443	444
f 	441	444	442
f 	579	580	786
f 	579	786	785
f 	4220	4222	4223
f 	4220	4223	4221
f 	5458	5460	5461
f 	5458	5461	5459
f 	1729	1731	1732
f 	1729	1732	1730
f 	5704	5705	5703
f 	5704	5703	5702
f 	1959	1960	1958
f 	1959	1958	1957
f 	4284	4285	4283
f 	4284	4283	4282
f 	445	447	448
f 	445	448	446
f 	782	781	783
f 	782	783	784
f 	4227	4225	4224
f 	4227	4224	4226
f 	5465	5463	5462
f 	5465	5462	5464
f 	1733	1735	1736
f 	1733	1736	1734
f 	5700	5701	5699
f 	5700	5699	5698
f 	1869	1954	1955
f 	1869	1955	1956
f 	4280	4281	4279
f 	4280	4279	4278
f 	533	534	562
f 	533	562	563
f 	5450	5452	5453
f 	5450	5453	5451
f 	416	407	436
f 	416	436	434
f 	4212	4214	4215
f 	4212	4215	4213
f 	1704	1695	1724
f 	1704	1724	1722
f 	5711	5710	5713
f 	5711	5713	5712
f 	1967	1968	1966
f 	1967	1966	1965
f 	4291	4290	4293
f 	4291	4293	4292
f 	3442	3563	3564
f 	3442	3564	3565
f 	7267	7265	7264
f 	7267	7264	7266
f 	7077	7078	7076
f 	7077	7076	7075
f 	3328	3329	3324
f 	3328	3324	3326
f 	7250	7252	7253
f 	7250	7253	7251
f 	6880	6881	7052
f 	6880	7052	6894
f 	3566	3567	3565
f 	3566	3565	3564
f 	7262	7264	7265
f 	7262	7265	7263
f 	6873	6872	7078
f 	6873	7078	7077
f 	3285	3252	3253
f 	3285	3253	3739
f 	3119	3115	3114
f 	3119	3114	3118
f 	5449	5450	5451
f 	5449	5451	5448
f 	407	406	437
f 	407	437	436
f 	532	531	534
f 	532	534	533
f 	4210	4212	4213
f 	4210	4213	4211
f 	1695	1694	1725
f 	1695	1725	1724
f 	5712	5713	5734
f 	5712	5734	5719
f 	1969	1970	1968
f 	1969	1968	1967
f 	4292	4293	4332
f 	4292	4332	4306
f 	3355	3356	3539
f 	3355	3539	3529
f 	7234	7231	7243
f 	7234	7243	7242
f 	7013	7060	7061
f 	7013	7061	7062
f 	3326	3324	3325
f 	3326	3325	3327
f 	7252	7254	7255
f 	7252	7255	7253
f 	6879	6878	6881
f 	6879	6881	6880
f 	3222	3223	3221
f 	3222	3221	3220
f 	700	701	703
f 	700	703	702
f 	464	462	461
f 	464	461	463
f 	4143	4245	4247
f 	4143	4247	4144
f 	5488	5483	5991
f 	5488	5991	5989
f 	1618	1610	1615
f 	1618	1615	1617
f 	5679	5686	5687
f 	5679	5687	5674
f 	1582	1583	1936
f 	1582	1936	1767
f 	4077	4168	4169
f 	4077	4169	4164
f 	749	702	703
f 	749	703	751
f 	4238	4239	4247
f 	4238	4247	4245
f 	5476	5477	5991
f 	5476	5991	5483
f 	461	462	460
f 	461	460	459
f 	1615	1610	1614
f 	1615	1614	1616
f 	5687	5688	5670
f 	5687	5670	5674
f 	1934	1767	1936
f 	1934	1936	1937
f 	4169	4267	4263
f 	4169	4263	4164
f 	3212	3214	3215
f 	3212	3215	3213
f 	3339	3337	3336
f 	3339	3336	3338
f 	6937	7240	7244
f 	6937	7244	6935
f 	7056	7053	7054
f 	7056	7054	7057
f 	3337	3335	3334
f 	3337	3334	3336
f 	6935	7244	7245
f 	6935	7245	6933
f 	7053	7048	7050
f 	7053	7050	7054
f 	3208	3210	3211
f 	3208	3211	3209
f 	3123	3121	3120
f 	3123	3120	3122
f 	338	339	356
f 	338	356	355
f 	493	509	513
f 	493	513	494
f 	4135	4137	4205
f 	4135	4205	4204
f 	5372	5373	5371
f 	5372	5371	5370
f 	5536	5730	5731
f 	5536	5731	5537
f 	1625	1626	1644
f 	1625	1644	1643
f 	1564	1562	1561
f 	1564	1561	1563
f 	4174	4328	4329
f 	4174	4329	4175
f 	3220	3221	3219
f 	3220	3219	3218
f 	479	493	494
f 	479	494	492
f 	4099	4136	4137
f 	4099	4137	4135
f 	328	336	339
f 	328	339	338
f 	5374	5375	5373
f 	5374	5373	5372
f 	1624	1623	1626
f 	1624	1626	1625
f 	5527	5536	5537
f 	5527	5537	5534
f 	1566	1564	1563
f 	1566	1563	1565
f 	4172	4174	4175
f 	4172	4175	4173
f 	3207	3208	3209
f 	3207	3209	3202
f 	3124	3301	3738
f 	3124	3738	3125
f 	3557	3558	3559
f 	3557	3559	3560
f 	7221	7217	7223
f 	7221	7223	7222
f 	7069	7070	7068
f 	7069	7068	7067
f 	3116	3207	3202
f 	3116	3202	3117
f 	3225	3223	3222
f 	3225	3222	3224
f 	3122	3124	3125
f 	3122	3125	3123
f 	444	443	445
f 	444	445	446
f 	783	785	786
f 	783	786	784
f 	4224	4225	4223
f 	4224	4223	4222
f 	5462	5463	5461
f 	5462	5461	5460
f 	1732	1731	1733
f 	1732	1733	1734
f 	5703	5701	5700
f 	5703	5700	5702
f 	1955	1957	1958
f 	1955	1958	1956
f 	4283	4281	4280
f 	4283	4280	4282
f 	3231	3230	3233
f 	3231	3233	3232
f 	3232	3233	3251
f 	3232	3251	3250
f 	3214	3216	3217
f 	3214	3217	3215
f 	17356	17357	17358
f 	17356	17358	17359
f 	17356	17359	17360
f 	17356	17360	17361
f 	17356	17361	17362
f 	17356	17362	17363
f 	17356	17363	17364
f 	17356	17364	17351
f 	17356	17351	17352
f 	17356	17352	16770
f 	17356	16770	17350
f 	17356	17350	17347
f 	17356	17347	17346
f 	17356	17346	17353
f 	17356	17353	17354
f 	17356	17354	17355
f 	17501	17503	17510
f 	17501	17510	17507
f 	17667	17180	17179
f 	17667	17179	17665
f 	17685	16761	16760
f 	17685	16760	17686
f 	17529	17528	17546
f 	17529	17546	17542
f 	16741	16742	16754
f 	16741	16754	16752
f 	17515	17517	17518
f 	17515	17518	17516
f 	17523	17525	17533
f 	17523	17533	17535
f 	17695	16757	16743
f 	17695	16743	16744
f 	17571	17471	17470
f 	17571	17470	17472
f 	17639	17170	17169
f 	17639	17169	17635
f 	17475	17477	17481
f 	17475	17481	17473
f 	17644	17172	17171
f 	17644	17171	17642
f 	16786	16764	16756
f 	16786	16756	16787
f 	17559	17561	17562
f 	17559	17562	17560
f 	17499	17502	17506
f 	17499	17506	17500
f 	17662	17178	17177
f 	17662	17177	17657
f 	17476	17478	17486
f 	17476	17486	17482
f 	17649	17174	17173
f 	17649	17173	17647
f 	17489	17491	17493
f 	17489	17493	17490
f 	17655	17176	17175
f 	17655	17175	17652
f 	17527	17526	17553
f 	17527	17553	17552
f 	17677	16763	16762
f 	17677	16762	17679
f 	12172	12164	12165
f 	12136	12173	12138
f 	13110	13109	12234
f 	17284	17632	16791
f 	17284	16791	16790
f 	17577	17322	16867
f 	17577	16867	16866
f 	11973	10390	11974
f 	17013	16888	16912
f 	17013	16912	17019
f 	17013	17019	17014
f 	17116	16997	16998
f 	17116	16998	17119
f 	13016	13005	13040
f 	16982	16981	16944
f 	16982	16944	16983
f 	17709	16973	16978
f 	17709	16978	17710
f 	17713	16943	16938
f 	17713	16938	16940
f 	17703	16979	16980
f 	17703	16980	17705
f 	16988	16987	16984
f 	16988	16984	16985
f 	17712	16976	16974
f 	17712	16974	17711
f 	16939	16937	16941
f 	16939	16941	16942
f 	17706	16986	17702
f 	17706	17702	17704
f 	11272	10700	10782
f 	17238	17239	17235
f 	17238	17235	17234
f 	17575	17574	17325
f 	17575	17325	17324
f 	17241	17632	17284
f 	17241	17284	17240
f 	17323	17322	17577
f 	17323	17577	17576
f 	8290	8519	8518
f 	8290	8518	8498
f 	8290	8498	8499
f 	8290	8499	8387
f 	8290	8387	8386
f 	8290	8386	8253
f 	8321	8320	8323
f 	8321	8323	8366
f 	17143	17163	17160
f 	17143	17160	17142
f 	10420	10421	10422
f 	10569	10571	10570
f 	8364	8354	8351
f 	8364	8351	8338
f 	8364	8338	8335
f 	8364	8335	8365
f 	8364	8365	8326
f 	8364	8326	8317
f 	14221	14222	14223
f 	14221	14223	14224
f 	14221	14224	14218
f 	14221	14218	12150
f 	14221	12150	14219
f 	14221	14219	14220
f 	15468	15470	15469
f 	15306	15309	15308
f 	10027	10026	10426
f 	10027	10426	10425
f 	12105	12104	12107
f 	12105	12107	12109
f 	10421	10424	10025
f 	10421	10025	10423
f 	12110	10571	10433
f 	12110	10433	12106
f 	10403	10399	10032
f 	10403	10032	10022
f 	12111	12108	12103
f 	12111	12103	12055
f 	16322	16321	16318
f 	16322	16318	16315
f 	16382	16377	16376
f 	16382	16376	16381
f 	12231	12214	12232
f 	10701	10787	10700
f 	16879	16882	17153
f 	17045	17046	17052
f 	16864	16774	16876
f 	17168	16755	16869
f 	8433	8427	8428
f 	10586	11948	11939
f 	12182	12181	12142
f 	12182	12142	12143
f 	12220	12246	12167
f 	12220	12167	12168
f 	8514	8495	8494
f 	8514	8494	8515
f 	8481	8482	8493
f 	8481	8493	8531
f 	7671	7670	7946
f 	7671	7946	7947
f 	17003	16906	17004
f 	16921	16920	17001
f 	17021	16919	16918
f 	8212	8243	8233
f 	8212	8233	8211
f 	8414	8486	17735
f 	8414	17735	8413
f 	17328	17327	17425
f 	17328	17425	17424
f 	17225	17224	17232
f 	17225	17232	17231
f 	10411	10404	10417
f 	8225	8224	8226
f 	8225	8226	8234
f 	16937	16936	16935
f 	10592	10585	10584
f 	10592	10584	10593
f 	10594	11999	11994
f 	10594	11994	10595
f 	8681	8685	8686
f 	8681	8686	8682
f 	8683	8688	8687
f 	8683	8687	8684
f 	13040	13007	13008
f 	13040	13008	13041
f 	13018	13012	13013
f 	13018	13013	13017
f 	13000	12999	13006
f 	13000	13006	13005
f 	13016	13014	13015
f 	13016	13015	13004
f 	13047	13087	13086
f 	13047	13086	13046
f 	13020	13010	13011
f 	13020	13011	13019
f 	13087	13048	13050
f 	13087	13050	13086
f 	13041	13008	13042
f 	13041	13042	13043
f 	13024	13025	13045
f 	13024	13045	13049
f 	13021	13022	13023
f 	13021	13023	13009
f 	12992	12999	13000
f 	12992	13000	12998
f 	13015	13001	13003
f 	13015	13003	13004
f 	13019	13011	13012
f 	13019	13012	13018
f 	13022	13047	13046
f 	13022	13046	13023
f 	13048	13024	13049
f 	13048	13049	13050
f 	12994	12995	12997
f 	12994	12997	13002
f 	13001	12994	13002
f 	13001	13002	13003
f 	12993	12992	12998
f 	12993	12998	12996
f 	13043	13042	13044
f 	13043	13044	13026
f 	13026	13044	13045
f 	13026	13045	13025
f 	12995	12993	12996
f 	12995	12996	12997
f 	13021	13009	13010
f 	13021	13010	13020
f 	13017	13013	13014
f 	13017	13014	13016
f 	13005	13006	13007
f 	13005	13007	13040
f 	12190	12192	12194
f 	12214	12225	12224
f 	17027	17004	16906
f 	8325	8332	8327
f 	8325	8327	8328
f 	8325	8328	8329
f 	8325	8329	8330
f 	8325	8330	8331
f 	8325	8331	8324
f 	13264	13283	13284
f 	13264	13284	13285
f 	13264	13285	13286
f 	13264	13286	13287
f 	13264	13287	13270
f 	13264	13270	13271
f 	13264	13271	13272
f 	13264	13272	13273
f 	13264	13273	13274
f 	13264	13274	13275
f 	13264	13275	13276
f 	13264	13276	13277
f 	13264	13277	13278
f 	13264	13278	13279
f 	13264	13279	13280
f 	13264	13280	13281
f 	13264	13281	13282
f 	13264	13282	13269
f 	13264	13269	13268
f 	13264	13268	13267
f 	13264	13267	13266
f 	13264	13266	13265
f 	13811	13855	13852
f 	13811	13852	13850
f 	13811	13850	13847
f 	13811	13847	13845
f 	13811	13845	13843
f 	13811	13843	13841
f 	13811	13841	13840
f 	13811	13840	13858
f 	13811	13858	13859
f 	13811	13859	13860
f 	13811	13860	13861
f 	13811	13861	13862
f 	13811	13862	13863
f 	13811	13863	13864
f 	13811	13864	13865
f 	13811	13865	13866
f 	13811	13866	13867
f 	13811	13867	13806
f 	13811	13806	13807
f 	13811	13807	13808
f 	13811	13808	13809
f 	13811	13809	13810
f 	13385	13386	13387
f 	13385	13387	13388
f 	13385	13388	13389
f 	13385	13389	13390
f 	13385	13390	13344
f 	13385	13344	13345
f 	13385	13345	13346
f 	13385	13346	13347
f 	13385	13347	13349
f 	13385	13349	13394
f 	13385	13394	13395
f 	13385	13395	13396
f 	13385	13396	13397
f 	13385	13397	13398
f 	13385	13398	13399
f 	13385	13399	13400
f 	13385	13400	13401
f 	13385	13401	13402
f 	13385	13402	13391
f 	13385	13391	13392
f 	13385	13392	13393
f 	13385	13393	13384
f 	13783	13784	13785
f 	13783	13785	13786
f 	13783	13786	13787
f 	13783	13787	13788
f 	13783	13788	13789
f 	13783	13789	13790
f 	13783	13790	13791
f 	13783	13791	13778
f 	13783	13778	13777
f 	13783	13777	13792
f 	13783	13792	13793
f 	13783	13793	13794
f 	13783	13794	13795
f 	13783	13795	13796
f 	13783	13796	13797
f 	13783	13797	13798
f 	13783	13798	13799
f 	13783	13799	13800
f 	13783	13800	13779
f 	13783	13779	13780
f 	13783	13780	13781
f 	13783	13781	13782
f 	10452	10431	10430
f 	10452	10430	10449
f 	10452	10449	10450
f 	10452	10450	10453
f 	10452	10453	10454
f 	10452	10454	10455
f 	10452	10455	10456
f 	10452	10456	10457
f 	10452	10457	10458
f 	10452	10458	10459
f 	10452	10459	10460
f 	10452	10460	10461
f 	10452	10461	10462
f 	10452	10462	10451
f 	10441	10442	10443
f 	10441	10443	10444
f 	10441	10444	10445
f 	10441	10445	10446
f 	10441	10446	10447
f 	10441	10447	10448
f 	10441	10448	10435
f 	10441	10435	10429
f 	10441	10429	10428
f 	10441	10428	10436
f 	10441	10436	10437
f 	10441	10437	10438
f 	10441	10438	10439
f 	10441	10439	10440
f 	16992	17117	16972
f 	17033	17032	17037
f 	17033	17037	17039
f 	17124	17123	17122
f 	17124	17122	17125
f 	8387	8499	8500
f 	8387	8500	8501
f 	8387	8501	8502
f 	8387	8502	8503
f 	8387	8503	8391
f 	8387	8391	8390
f 	8387	8390	8389
f 	8387	8389	8388
f 	10472	10694	10466
f 	15156	15155	15173
f 	15156	15173	15174
f 	15017	15001	14999
f 	15017	14999	15032
f 	15024	15023	15085
f 	15024	15085	15086
f 	15149	15133	15131
f 	15149	15131	15164
f 	15150	15146	15147
f 	15150	15147	15148
f 	15018	15014	15015
f 	15018	15015	15016
f 	15026	15025	15088
f 	15026	15088	15089
f 	15158	15157	15177
f 	15158	15177	15179
f 	15019	15013	15014
f 	15019	15014	15018
f 	15033	14998	14997
f 	15033	14997	15034
f 	15022	15040	15063
f 	15022	15063	15062
f 	15027	15026	15089
f 	15027	15089	15091
f 	15154	15172	15176
f 	15154	15176	15175
f 	15159	15158	15179
f 	15159	15179	15181
f 	15036	14985	14986
f 	15036	14986	15037
f 	15037	14986	14987
f 	15037	14987	15038
f 	15029	15095	15097
f 	15029	15097	15030
f 	15030	15097	15098
f 	15030	15098	15031
f 	15169	15118	15119
f 	15169	15119	15170
f 	15168	15117	15118
f 	15168	15118	15169
f 	15161	15185	15187
f 	15161	15187	15162
f 	15162	15187	15188
f 	15162	15188	15163
f 	15036	15035	15044
f 	15036	15044	14985
f 	15038	14987	15055
f 	15038	15055	15039
f 	15020	15031	15098
f 	15020	15098	15021
f 	15028	15093	15095
f 	15028	15095	15029
f 	15170	15119	15202
f 	15170	15202	15171
f 	15168	15167	15127
f 	15168	15127	15117
f 	15164	15131	15130
f 	15164	15130	15165
f 	15160	15183	15185
f 	15160	15185	15161
f 	15152	15163	15188
f 	15152	15188	15153
f 	15032	14999	14998
f 	15032	14998	15033
f 	15023	15022	15062
f 	15023	15062	15085
f 	15155	15154	15175
f 	15155	15175	15173
f 	15019	15020	15021
f 	15019	15021	15013
f 	15035	15034	14997
f 	15035	14997	15044
f 	15039	15055	15063
f 	15039	15063	15040
f 	15027	15091	15093
f 	15027	15093	15028
f 	15151	15152	15153
f 	15151	15153	15145
f 	15159	15181	15183
f 	15159	15183	15160
f 	15171	15202	15176
f 	15171	15176	15172
f 	15167	15166	15128
f 	15167	15128	15127
f 	15151	15145	15146
f 	15151	15146	15150
f 	15165	15130	15128
f 	15165	15128	15166
f 	15157	15156	15174
f 	15157	15174	15177
f 	15016	15015	15001
f 	15016	15001	15017
f 	15025	15024	15086
f 	15025	15086	15088
f 	15148	15147	15133
f 	15148	15133	15149
f 	10013	10010	10016
f 	10013	10016	10014
f 	12122	9980	9979
f 	12122	9979	9987
f 	10000	10009	10002
f 	10056	12123	12126
f 	10861	10862	10859
f 	10861	10859	10860
f 	8129	8125	8130
f 	8129	8130	8131
f 	8133	8132	8126
f 	8133	8126	8127
f 	8175	8171	8176
f 	8175	8176	8177
f 	8179	8178	8172
f 	8179	8172	8173
f 	8275	8318	8317
f 	11958	11965	11963
f 	11958	11963	11962
f 	11958	11962	11960
f 	11958	11960	11961
f 	11958	11961	11964
f 	12225	12241	12242
f 	12225	12242	12224
f 	12192	12190	12189
f 	12192	12189	12191
f 	17061	17055	17088
f 	17061	17088	17089
f 	17061	17089	17090
f 	12187	12180	12189
f 	12212	12243	12242
f 	12179	12188	12190
f 	12213	12224	12223
f 	17155	17142	17160
f 	17155	17160	17161
f 	17155	17161	17162
f 	8128	8134	8115
f 	8128	8115	8114
f 	8174	8180	8161
f 	8174	8161	8160
f 	10125	10124	10123
f 	10125	10123	10126
f 	10128	10136	10112
f 	10128	10112	10127
f 	6757	6820	6819
f 	6757	6819	6758
f 	2946	2925	2924
f 	2946	2924	2947
f 	1031	1050	1158
f 	1031	1158	1029
f 	4911	4910	4935
f 	4911	4935	4933
f 	1165	1038	1037
f 	1165	1037	1166
f 	4902	4975	4974
f 	4902	4974	4903
f 	6752	6825	6824
f 	6752	6824	6753
f 	3057	2930	2929
f 	3057	2929	3058
f 	6754	6823	6822
f 	6754	6822	6755
f 	3060	3059	2928
f 	3060	2928	2927
f 	1168	1167	1036
f 	1168	1036	1035
f 	4904	4973	4972
f 	4904	4972	4905
f 	1151	1152	1044
f 	1151	1044	1043
f 	4922	4918	4897
f 	4922	4897	4917
f 	6745	6759	6818
f 	6745	6818	6743
f 	2945	2944	2953
f 	2945	2953	2952
f 	1051	1022	1061
f 	1051	1061	1052
f 	4836	4894	4895
f 	4836	4895	4893
f 	6841	6826	6751
f 	6841	6751	6750
f 	3054	3053	2932
f 	3054	2932	2931
f 	6756	6755	6822
f 	6756	6822	6821
f 	2927	2926	2948
f 	2927	2948	3060
f 	1051	1030	1023
f 	1051	1023	1022
f 	4896	4894	4836
f 	4896	4836	4837
f 	1035	1034	1056
f 	1035	1056	1168
f 	4906	4905	4972
f 	4906	4972	4971
f 	6761	6760	6785
f 	6761	6785	6783
f 	6762	6761	6783
f 	6762	6783	6781
f 	6772	6768	6747
f 	6772	6747	6767
f 	1153	1045	1044
f 	1153	1044	1152
f 	2923	2942	3050
f 	2923	3050	2921
f 	2942	2941	3049
f 	2942	3049	3050
f 	3043	3044	2936
f 	3043	2936	2935
f 	4916	4924	4922
f 	4916	4922	4917
f 	6766	6774	6772
f 	6766	6772	6767
f 	3045	2937	2936
f 	3045	2936	3044
f 	6746	6744	6686
f 	6746	6686	6687
f 	2943	2922	2915
f 	2943	2915	2914
f 	6762	6781	6779
f 	6762	6779	6763
f 	6765	6776	6774
f 	6765	6774	6766
f 	1157	1049	1048
f 	1157	1048	1156
f 	3049	2941	2940
f 	3049	2940	3048
f 	3046	2938	2937
f 	3046	2937	3045
f 	4912	4931	4929
f 	4912	4929	4913
f 	6768	6769	6748
f 	6768	6748	6747
f 	3042	3043	2935
f 	3042	2935	2934
f 	1154	1046	1045
f 	1154	1045	1153
f 	4915	4926	4924
f 	4915	4924	4916
f 	1162	1161	1040
f 	1162	1040	1039
f 	4991	4976	4901
f 	4991	4901	4900
f 	6760	6746	6687
f 	6760	6687	6785
f 	1150	1151	1043
f 	1150	1043	1042
f 	2922	2923	2921
f 	2922	2921	2915
f 	4918	4919	4898
f 	4918	4898	4897
f 	1155	1047	1046
f 	1155	1046	1154
f 	4914	4927	4926
f 	4914	4926	4915
f 	6769	6842	6749
f 	6769	6749	6748
f 	6763	6779	6777
f 	6763	6777	6764
f 	6764	6777	6776
f 	6764	6776	6765
f 	3051	3042	2934
f 	3051	2934	2933
f 	3048	2940	2939
f 	3048	2939	3047
f 	3047	2939	2938
f 	3047	2938	3046
f 	1159	1041	1040
f 	1159	1040	1161
f 	4899	4992	4991
f 	4899	4991	4900
f 	1159	1150	1042
f 	1159	1042	1041
f 	4919	4992	4899
f 	4919	4899	4898
f 	1156	1048	1047
f 	1156	1047	1155
f 	4913	4929	4927
f 	4913	4927	4914
f 	6749	6842	6841
f 	6749	6841	6750
f 	3051	2933	2932
f 	3051	2932	3053
f 	1032	1053	1060
f 	1032	1060	1055
f 	4909	4908	4969
f 	4909	4969	4968
f 	1054	1033	1032
f 	1054	1032	1055
f 	4907	4970	4969
f 	4907	4969	4908
f 	6686	6744	6745
f 	6686	6745	6743
f 	2943	2914	2953
f 	2943	2953	2944
f 	1034	1033	1054
f 	1034	1054	1056
f 	4907	4906	4971
f 	4907	4971	4970
f 	1030	1031	1029
f 	1030	1029	1023
f 	4910	4896	4837
f 	4910	4837	4935
f 	6754	6753	6824
f 	6754	6824	6823
f 	2929	2928	3059
f 	2929	3059	3058
f 	1053	1052	1061
f 	1053	1061	1060
f 	4895	4909	4968
f 	4895	4968	4893
f 	1037	1036	1167
f 	1037	1167	1166
f 	4904	4903	4974
f 	4904	4974	4973
f 	6757	6756	6821
f 	6757	6821	6820
f 	2926	2925	2946
f 	2926	2946	2948
f 	1165	1162	1039
f 	1165	1039	1038
f 	4976	4975	4902
f 	4976	4902	4901
f 	6759	6758	6819
f 	6759	6819	6818
f 	6826	6825	6752
f 	6826	6752	6751
f 	1050	1049	1157
f 	1050	1157	1158
f 	2924	2945	2952
f 	2924	2952	2947
f 	3057	3054	2931
f 	3057	2931	2930
f 	4912	4911	4933
f 	4912	4933	4931
f 	17035	16871	17036
f 	6404	6403	6402
f 	2548	2550	2549
f 	2593	2594	2595
f 	6351	6350	6352
f 	128	130	129
f 	175	176	177
f 	1393	1395	1394
f 	1440	1441	1442
f 	3857	3856	3858
f 	5197	5196	5198
f 	3910	3909	3908
f 	5250	5249	5248
f 	17226	17230	17229
f 	17226	17229	17227
f 	17423	17422	17330
f 	17423	17330	17329
f 	16873	16893	17718
f 	16873	17718	17716
f 	16894	16897	17722
f 	16894	17722	17720
f 	17717	17719	16892
f 	17717	16892	16891
f 	17721	17723	16896
f 	17721	16896	16895
f 	16898	16901	17726
f 	16898	17726	17724
f 	16902	16872	17730
f 	16902	17730	17728
f 	17725	17727	16900
f 	17725	16900	16899
f 	17729	17731	16904
f 	17729	16904	16903
f 	10405	10412	10407
f 	12116	10575	12117
f 	16864	16876	16877
f 	16864	16877	16865
f 	17634	17168	16869
f 	17634	16869	16868
f 	2523	2524	2525
f 	2573	2612	2575
f 	6332	6333	6334
f 	6384	6421	6382
f 	103	104	105
f 	155	194	157
f 	1368	1369	1370
f 	1420	1459	1422
f 	3836	3837	3838
f 	3890	3927	3888
f 	5176	5177	5178
f 	5230	5267	5228
f 	103	108	107
f 	155	154	152
f 	1368	1373	1372
f 	1420	1419	1417
f 	3880	3881	3838
f 	3885	3887	3888
f 	5220	5221	5178
f 	5225	5227	5228
f 	131	130	128
f 	196	175	177
f 	1396	1395	1393
f 	1461	1440	1442
f 	3858	3856	3859
f 	3910	3908	3929
f 	5198	5196	5199
f 	5250	5248	5269
f 	2551	2550	2548
f 	2614	2593	2595
f 	6352	6350	6353
f 	6404	6402	6423
f 	6374	6375	6334
f 	2523	2528	2527
f 	2573	2572	2570
f 	6379	6381	6382
f 	10702	10700	10855
f 	12227	12228	12238
f 	12227	12238	12239
f 	12199	12200	13088
f 	12199	13088	13163
f 	13065	13066	13067
f 	13065	13067	13068
f 	13065	13068	13069
f 	13065	13069	13070
f 	13065	13070	13071
f 	13065	13071	13072
f 	13065	13072	13073
f 	13065	13073	13074
f 	13065	13074	13075
f 	13065	13075	13076
f 	13065	13076	13077
f 	13065	13077	13078
f 	13065	13078	13079
f 	13065	13079	13080
f 	13065	13080	13081
f 	13065	13081	13082
f 	13065	13082	13083
f 	13065	13083	13084
f 	13065	13084	13062
f 	13065	13062	13061
f 	13065	13061	13063
f 	13065	13063	13064
f 	17113	16913	17022
f 	17113	17022	17111
f 	16454	16447	16446
f 	16454	16446	16448
f 	16454	16448	16449
f 	16454	16449	16450
f 	16454	16450	16451
f 	16454	16451	16452
f 	16454	16452	16453
f 	16404	16408	16409
f 	16404	16409	16410
f 	16404	16410	16411
f 	16404	16411	16412
f 	16404	16412	16406
f 	16404	16406	16407
f 	16404	16407	16405
f 	10641	11550	11551
f 	10641	11551	11552
f 	10641	11552	11553
f 	10641	11553	11554
f 	10641	11554	11555
f 	10641	11555	11556
f 	10641	11556	11557
f 	10641	11557	11548
f 	10641	11548	10640
f 	11561	11562	11563
f 	11561	11563	11564
f 	11561	11564	11565
f 	11561	11565	11560
f 	11561	11560	11559
f 	11561	11559	11558
f 	11561	11558	11546
f 	11561	11546	11547
f 	11561	11547	11549
f 	10050	10595	10051
f 	17054	17076	17085
f 	17054	17085	17087
f 	17156	17157	17135
f 	17156	17135	17154
f 	11572	10642	10643
f 	11572	10643	10644
f 	16440	16441	16442
f 	16440	16442	16443
f 	16440	16443	16444
f 	16440	16444	16445
f 	16398	16399	16400
f 	16398	16400	16401
f 	16398	16401	16402
f 	16398	16402	16403
f 	12139	12152	12137
f 	10007	12160	12161
f 	8248	8247	8212
f 	8248	8212	8225
f 	10643	10049	10048
f 	10643	10048	10644
f 	8224	8211	8230
f 	8224	8230	8229
f 	16725	16726	16727
f 	16725	16727	16728
f 	16713	16718	16724
f 	16713	16724	16720
f 	16733	16734	16730
f 	16733	16730	16729
f 	16719	16721	16715
f 	16719	16715	16714
f 	16735	16732	16731
f 	16735	16731	16736
f 	16733	16729	16725
f 	16733	16725	16728
f 	16722	16717	16716
f 	16722	16716	16723
f 	16719	16714	16713
f 	16719	16713	16720
f 	16734	16736	16731
f 	16734	16731	16730
f 	16721	16723	16716
f 	16721	16716	16715
f 	16726	16732	16735
f 	16726	16735	16727
f 	16718	16717	16722
f 	16718	16722	16724
f 	14217	12150	14218
f 	17128	17129	17126
f 	17128	17126	17108
f 	17070	17071	17069
f 	17070	17069	17059
f 	17144	17105	17145
f 	17144	17145	17146
f 	17063	17065	17066
f 	17063	17066	17062
f 	17136	17107	17137
f 	17136	17137	17138
f 	17060	17068	17067
f 	17060	17067	17064
f 	17043	17077	17079
f 	17043	17079	17042
f 	16884	16885	17127
f 	16884	17127	17130
f 	17140	17139	17106
f 	17140	17106	17141
f 	16945	16979	16978
f 	16945	16943	16944
f 	16945	16981	16980
f 	16889	16888	16912
f 	16889	16912	16913
f 	12183	12184	12181
f 	12183	12181	12182
f 	12221	12245	12246
f 	12221	12246	12220
f 	10745	10735	10786
f 	10745	10786	10769
f 	7775	7776	7777
f 	11925	11926	11927
f 	11925	11927	10814
f 	11925	10814	11924
f 	10727	10728	10729
f 	10727	10729	10730
f 	10727	10730	10724
f 	10727	10724	10723
f 	10668	11954	11953
f 	10668	11953	10813
f 	10668	10813	10670
f 	12204	12242	12241
f 	12193	12191	12189
f 	17002	17001	16920
f 	17021	16929	16919
f 	8553	8554	8555
f 	8553	8555	8550
f 	8553	8550	8551
f 	8553	8551	8549
f 	8553	8549	8547
f 	8553	8547	8548
f 	8553	8548	8552
f 	8553	8552	8352
f 	12037	12040	12059
f 	12037	12059	12053
f 	10028	10034	10038
f 	10028	10038	10029
f 	10010	10001	9989
f 	10010	9989	10016
f 	8537	8283	8538
f 	16907	16906	17003
f 	16907	17003	17005
f 	11938	10581	10580
f 	11938	10580	11939
f 	11938	11939	11937
f 	11975	10397	11955
f 	11975	11955	11959
f 	11975	11959	11971
f 	8284	8271	8261
f 	11740	10937	10940
f 	11740	10940	11739
f 	10871	10718	10719
f 	10871	10719	10872
f 	17015	17016	16907
f 	17015	16907	16908
f 	8335	8327	8332
f 	8335	8332	8365
f 	17020	16917	16916
f 	10701	10702	10785
f 	8462	17734	8441
f 	8462	8441	8307
f 	8462	8307	8224
f 	8462	8224	8463
f 	11208	11006	11007
f 	11208	11007	10729
f 	11208	10729	10728
f 	11208	10728	11209
f 	11208	11209	11210
f 	11208	11210	11211
f 	11208	11211	11212
f 	11208	11212	11213
f 	11208	11213	11214
f 	11208	11214	11206
f 	11208	11206	11203
f 	11208	11203	11008
f 	10404	10411	10405
f 	8384	8385	8386
f 	8384	8386	8387
f 	8384	8387	8388
f 	8384	8388	8389
f 	8384	8389	8390
f 	8384	8390	8391
f 	8384	8391	8392
f 	8384	8392	8393
f 	8384	8393	8394
f 	8384	8394	8395
f 	8384	8395	8396
f 	8384	8396	8397
f 	8384	8397	8398
f 	8384	8398	8399
f 	8384	8399	8400
f 	8384	8400	8401
f 	8384	8401	8402
f 	8384	8402	8380
f 	8384	8380	8381
f 	8384	8381	8382
f 	8384	8382	8383
f 	8446	8467	8468
f 	8446	8468	8469
f 	8446	8469	8470
f 	8446	8470	8471
f 	8446	8471	8472
f 	8446	8472	8473
f 	8446	8473	8474
f 	8446	8474	8475
f 	8446	8475	8476
f 	8446	8476	8456
f 	8446	8456	8454
f 	8446	8454	8453
f 	8446	8453	8452
f 	8446	8452	8451
f 	8446	8451	8450
f 	8446	8450	8449
f 	8446	8449	8448
f 	8446	8448	8447
f 	17412	17411	17360
f 	17412	17360	17359
f 	17275	17274	17198
f 	17275	17198	17197
f 	12204	12237	12209
f 	13112	13139	13118
f 	13139	13112	13113
f 	16456	16449	16448
f 	16456	16448	16457
f 	16456	16457	16458
f 	16456	16458	16455
f 	16412	16419	16420
f 	16412	16420	16421
f 	16412	16421	16418
f 	16412	16418	16406
f 	12039	12122	9987
f 	10013	10012	10010
f 	13092	12201	13108
f 	10407	10406	10405
f 	17017	17014	17013
f 	17017	17013	17029
f 	17017	17029	17016
f 	16309	16321	16322
f 	16309	16322	16308
f 	16374	16375	16377
f 	16374	16377	16382
f 	16932	16992	16991
f 	16932	16991	16934
f 	10019	9969	9970
f 	10019	9970	10020
f 	12038	12037	12053
f 	12038	12053	12056
f 	10023	10028	10029
f 	10023	10029	10024
f 	16912	16914	16926
f 	16912	16926	17019
f 	17017	16924	16923
f 	17017	16923	17005
f 	8252	8261	8262
f 	8252	8262	8263
f 	8252	8263	8260
f 	8214	8292	8291
f 	8214	8291	8290
f 	8214	8290	8253
f 	8214	8253	8215
f 	10813	9963	9967
f 	9960	10814	9964
f 	9962	9968	9966
f 	9971	9961	9965
f 	9963	10815	9960
f 	12159	10007	12158
f 	17098	17086	17044
f 	17098	17044	17045
f 	16882	16883	17158
f 	16882	17158	17159
f 	8693	8692	8689
f 	8693	8689	8694
f 	8697	8691	8696
f 	8697	8696	8695
f 	8513	8514	8515
f 	8513	8515	8516
f 	8513	8516	8517
f 	8513	8517	8518
f 	8513	8518	8519
f 	8513	8519	8520
f 	8513	8520	8521
f 	8513	8521	8522
f 	8513	8522	8523
f 	8513	8523	8524
f 	8513	8524	8525
f 	8513	8525	8526
f 	8513	8526	8527
f 	8513	8527	8511
f 	8513	8511	8512
f 	10637	10625	10623
f 	10637	10623	10596
f 	12157	12166	12171
f 	12140	12174	12175
f 	12159	12158	12219
f 	17719	17718	16893
f 	17719	16893	16892
f 	17723	17722	16897
f 	17723	16897	16896
f 	17727	17726	16901
f 	17727	16901	16900
f 	17731	17730	16872
f 	17731	16872	16904
f 	16873	17716	17717
f 	16873	17717	16891
f 	16894	17720	17721
f 	16894	17721	16895
f 	16898	17724	17725
f 	16898	17725	16899
f 	16902	17728	17729
f 	16902	17729	16903
f 	10694	10695	10693
f 	10694	10693	10689
f 	10684	10685	10663
f 	10684	10663	10683
f 	12172	12153	12156
f 	12172	12156	12173
f 	12152	12150	12151
f 	16939	16940	16938
f 	16939	16938	16937
f 	16981	16982	16985
f 	16981	16985	16984
f 	16988	16983	16944
f 	16988	16944	16987
f 	16979	17703	17704
f 	16979	17704	17702
f 	17706	17705	16980
f 	17706	16980	16986
f 	16973	17709	17711
f 	16973	17711	16974
f 	17712	17710	16978
f 	17712	16978	16976
f 	16943	17713	16942
f 	16943	16942	16941
f 	10419	10404	10420
f 	12185	12180	12187
f 	12222	12213	12223
f 	12212	12244	12243
f 	12179	12186	12188
f 	12203	12202	12206
f 	12203	12206	12210
f 	14714	14713	14720
f 	14714	14720	14719
f 	14699	14698	14738
f 	14699	14738	14737
f 	14725	14724	14709
f 	14725	14709	14708
f 	14733	14732	14704
f 	14733	14704	14703
f 	14731	14730	14706
f 	14731	14706	14705
f 	14700	14699	14737
f 	14700	14737	14736
f 	14701	14700	14736
f 	14701	14736	14735
f 	14713	14712	14721
f 	14713	14721	14720
f 	14712	14711	14722
f 	14712	14722	14721
f 	14695	14694	14728
f 	14695	14728	14727
f 	14696	14695	14727
f 	14696	14727	14726
f 	14732	14731	14705
f 	14732	14705	14704
f 	14693	14692	14716
f 	14693	14716	14717
f 	14729	14725	14708
f 	14729	14708	14707
f 	14703	14702	14734
f 	14703	14734	14733
f 	14692	14715	14718
f 	14692	14718	14716
f 	14697	14696	14726
f 	14697	14726	14739
f 	14709	14724	14723
f 	14709	14723	14710
f 	14698	14697	14739
f 	14698	14739	14738
f 	14715	14714	14719
f 	14715	14719	14718
f 	14711	14710	14723
f 	14711	14723	14722
f 	14702	14701	14735
f 	14702	14735	14734
f 	14730	14729	14707
f 	14730	14707	14706
f 	14694	14693	14717
f 	14694	14717	14728
f 	17105	16950	17104
f 	17040	17069	17074
f 	10639	11546	11545
f 	9960	10816	10814
f 	10815	9963	10813
f 	10731	10739	10740
f 	10731	10740	10741
f 	10731	10741	10742
f 	10731	10742	10638
f 	10731	10638	10664
f 	10731	10664	10663
f 	10731	10663	10662
f 	10731	10662	10705
f 	10731	10705	10743
f 	10731	10743	10744
f 	10731	10744	10733
f 	10731	10733	10734
f 	10731	10734	10735
f 	10731	10735	10736
f 	10731	10736	10737
f 	10731	10737	10738
f 	10731	10738	10727
f 	16328	16301	16300
f 	16328	16300	16329
f 	16361	16359	16358
f 	16361	16358	16360
f 	16361	16365	16369
f 	16361	16369	16359
f 	16328	16329	16326
f 	16328	16326	16327
f 	16296	16295	16298
f 	16296	16298	16299
f 	16357	16366	16363
f 	16357	16363	16362
f 	16363	16366	16368
f 	16363	16368	16364
f 	16296	16297	16294
f 	16296	16294	16295
f 	16300	16301	16299
f 	16300	16299	16298
f 	16326	16294	16297
f 	16326	16297	16327
f 	16358	16357	16362
f 	16358	16362	16360
f 	16369	16365	16364
f 	16369	16364	16368
f 	17057	16755	16776
f 	16774	17103	16775
f 	10731	10739	11728
f 	10731	11728	10732
f 	10816	9960	10815
f 	17013	16888	16911
f 	17013	16911	16910
f 	17013	16910	17012
f 	3880	3838	3878
f 	3888	3887	3889
f 	5220	5178	5218
f 	5228	5227	5229
f 	106	103	107
f 	156	154	155
f 	1371	1368	1372
f 	1421	1419	1420
f 	2526	2523	2527
f 	2574	2572	2573
f 	6374	6334	6372
f 	6382	6381	6383
f 	12228	12214	12229
f 	12194	13088	12277
f 	8564	8293	8300
f 	8564	8300	8575
f 	9970	9961	9971
f 	9962	9969	9968
f 	12107	12104	12103
f 	12107	12103	12108
f 	10403	10022	10027
f 	10403	10027	10425
f 	16989	16983	16982
f 	16989	16982	16990
f 	17714	16940	17713
f 	17714	17713	17715
f 	17707	17705	17703
f 	17707	17703	17708
f 	16864	16878	16774
f 	15594	15595	15596
f 	15594	15596	15586
f 	15594	15586	15587
f 	15594	15587	15588
f 	15594	15588	15589
f 	15594	15589	15590
f 	15594	15590	15591
f 	15594	15591	15592
f 	15594	15592	15593
f 	9989	9990	9991
f 	9989	9991	9999
f 	12145	12146	12147
f 	11547	10640	11548
f 	11547	11548	11549
f 	11207	11249	10911
f 	11207	10911	10910
f 	17690	16759	16758
f 	17690	16758	17691
f 	17530	17524	17538
f 	17530	17538	17534
f 	16927	16937	16938
f 	16974	16972	16973
f 	10641	10642	11545
f 	11626	11624	11622
f 	11626	11622	11620
f 	11626	11620	11618
f 	11626	11618	11616
f 	11626	11616	11615
f 	11626	11615	11617
f 	11626	11617	11619
f 	11626	11619	11621
f 	11626	11621	11623
f 	11626	11623	11625
f 	11626	11625	11627
f 	11626	11627	11629
f 	11626	11629	11631
f 	11626	11631	11633
f 	11626	11633	11678
f 	11626	11678	11675
f 	11626	11675	11673
f 	11626	11673	11671
f 	11626	11671	11669
f 	11626	11669	11667
f 	11626	11667	11665
f 	11626	11665	11663
f 	11626	11663	11661
f 	11626	11661	11658
f 	11626	11658	11573
f 	11626	11573	10645
f 	11626	10645	11659
f 	11626	11659	11660
f 	11626	11660	11662
f 	11626	11662	11664
f 	11626	11664	11666
f 	11626	11666	11668
f 	11626	11668	11670
f 	11626	11670	11672
f 	11626	11672	11674
f 	11626	11674	11676
f 	11626	11676	11677
f 	11626	11677	11679
f 	11626	11679	11632
f 	11626	11632	10658
f 	11626	10658	10047
f 	11626	10047	10392
f 	11626	10392	10659
f 	11626	10659	11630
f 	11626	11630	11628
f 	17072	17057	17074
f 	17072	17074	17073
f 	17103	17148	17147
f 	17103	17147	17104
f 	12211	12237	12208
f 	10421	10425	10426
f 	10421	10426	10424
f 	12110	12109	12107
f 	12110	12107	10571
f 	8128	8111	8109
f 	8128	8109	8099
f 	8128	8099	8098
f 	8128	8098	8135
f 	8128	8135	8134
f 	8174	8157	8155
f 	8174	8155	8145
f 	8174	8145	8144
f 	8174	8144	8181
f 	8174	8181	8180
f 	17073	17074	17069
f 	17073	17069	17071
f 	17104	17147	17145
f 	17104	17145	17105
f 	13161	12280	13089
f 	12249	12233	12250
f 	10466	10683	10701
f 	17154	17142	17155
f 	17061	17054	17055
f 	12149	12147	12148
f 	12214	12211	12234
f 	12214	12234	12233
f 	17702	16977	16979
f 	16944	16935	16987
f 	8574	8565	8562
f 	8574	8562	8564
f 	8574	8564	8575
f 	8574	8575	8576
f 	8574	8576	8577
f 	8574	8577	8578
f 	17154	17153	16882
f 	17052	17054	17045
f 	8693	8695	8696
f 	8693	8696	8692
f 	8689	8691	8697
f 	8689	8697	8694
f 	16920	17042	17041
f 	16885	16919	17108
f 	17107	16950	17106
f 	17040	17066	17068
f 	8275	8304	8221
f 	8275	8221	8223
f 	17042	16871	17043
f 	16874	16885	16884
f 	9984	12173	12130
f 	12147	12150	14217
f 	12144	12145	12141
f 	9961	9970	9962
f 	9966	9968	9965
f 	14962	14963	14964
f 	14962	14964	14965
f 	8701	8702	8703
f 	8701	8703	8704
f 	16474	16478	16481
f 	16474	16481	16475
f 	16477	16480	16472
f 	16477	16472	16471
f 	16431	16430	16439
f 	16431	16439	16438
f 	16433	16436	16434
f 	16433	16434	16428
f 	16480	16479	16473
f 	16480	16473	16472
f 	16479	16478	16474
f 	16479	16474	16473
f 	16481	16476	16470
f 	16481	16470	16475
f 	16432	16437	16436
f 	16432	16436	16433
f 	16431	16438	16437
f 	16431	16437	16432
f 	16429	16435	16439
f 	16429	16439	16430
f 	16476	16477	16471
f 	16476	16471	16470
f 	16428	16434	16435
f 	16428	16435	16429
f 	8211	8212	8213
f 	8211	8213	8214
f 	8211	8214	8215
f 	8211	8215	8204
f 	8211	8204	8197
f 	8211	8197	8216
f 	8211	8216	8217
f 	8211	8217	8218
f 	8211	8218	8219
f 	8211	8219	8220
f 	8211	8220	8221
f 	8211	8221	8222
f 	8211	8222	8223
f 	8211	8223	8207
f 	8211	8207	8208
f 	8211	8208	8209
f 	8211	8209	8210
f 	8282	8426	8429
f 	8282	8429	8430
f 	10596	10597	10585
f 	17062	17076	17054
f 	17135	17136	17154
f 	7947	7946	7948
f 	7947	7948	7949
f 	16874	16882	16875
f 	17045	16871	16870
f 	10422	10453	10463
f 	10422	10463	10420
f 	10582	12114	10575
f 	17057	17058	17056
f 	17143	17103	17149
f 	15427	15428	15429
f 	15427	15429	15430
f 	15427	15430	15431
f 	15427	15431	15432
f 	15427	15432	15433
f 	15427	15433	15434
f 	15427	15434	15435
f 	15427	15435	15436
f 	15427	15436	15437
f 	15427	15437	15438
f 	15427	15438	15439
f 	15427	15439	15440
f 	15427	15440	15441
f 	15427	15441	15442
f 	15427	15442	15443
f 	15427	15443	15444
f 	15427	15444	15445
f 	15427	15445	15446
f 	15427	15446	15447
f 	15427	15447	15448
f 	15427	15448	15449
f 	15427	15449	15450
f 	15427	15450	15451
f 	15427	15451	15452
f 	15427	15452	15453
f 	15427	15453	15454
f 	15427	15454	15455
f 	15427	15455	15456
f 	15427	15456	15457
f 	15427	15457	15458
f 	15427	15458	15459
f 	15427	15459	15408
f 	15427	15408	15409
f 	15427	15409	15410
f 	15427	15410	15411
f 	15427	15411	15412
f 	15427	15412	15413
f 	15427	15413	15414
f 	15427	15414	15415
f 	15427	15415	15416
f 	15427	15416	15417
f 	15427	15417	15418
f 	15427	15418	15419
f 	15427	15419	15420
f 	15427	15420	15421
f 	15427	15421	15422
f 	15427	15422	15423
f 	15427	15423	15424
f 	15427	15424	15425
f 	15427	15425	15426
f 	15341	15342	15343
f 	15341	15343	15344
f 	15341	15344	15345
f 	15341	15345	15346
f 	15341	15346	15347
f 	15341	15347	15348
f 	15341	15348	15349
f 	15341	15349	15321
f 	15341	15321	15302
f 	15341	15302	15301
f 	15341	15301	15350
f 	15341	15350	15351
f 	15341	15351	15352
f 	15341	15352	15353
f 	15341	15353	15354
f 	15341	15354	15355
f 	15341	15355	15356
f 	15341	15356	15357
f 	15341	15357	15358
f 	15341	15358	15359
f 	15341	15359	15360
f 	15341	15360	15361
f 	15341	15361	15362
f 	15341	15362	15363
f 	15341	15363	15364
f 	15341	15364	15365
f 	15341	15365	15366
f 	15341	15366	15367
f 	15341	15367	15368
f 	15341	15368	15369
f 	15341	15369	15370
f 	15341	15370	15322
f 	15341	15322	15323
f 	15341	15323	15324
f 	15341	15324	15325
f 	15341	15325	15326
f 	15341	15326	15327
f 	15341	15327	15328
f 	15341	15328	15329
f 	15341	15329	15330
f 	15341	15330	15331
f 	15341	15331	15332
f 	15341	15332	15333
f 	15341	15333	15334
f 	15341	15334	15335
f 	15341	15335	15336
f 	15341	15336	15337
f 	15341	15337	15338
f 	15341	15338	15339
f 	15341	15339	15340
f 	12206	12209	12210
f 	10515	10516	10507
f 	10515	10507	10508
f 	16945	16972	16928
f 	16930	16937	16927
f 	10127	10099	10100
f 	10127	10100	10124
f 	10127	10124	10125
f 	10127	10125	10128
f 	11999	10594	10592
f 	11999	10592	10593
f 	11999	10593	12000
f 	11999	12000	12001
f 	14217	14218	14235
f 	12194	12277	12280
f 	17075	17066	17041
f 	17107	17128	17108
f 	17066	17075	17062
f 	17128	17107	17136
f 	17060	17069	17068
f 	17105	17141	17106
f 	17141	17105	17144
f 	17069	17060	17059
f 	900	903	632
f 	900	632	640
f 	900	640	906
f 	900	906	907
f 	900	907	898
f 	3606	3607	3190
f 	3606	3190	3198
f 	3606	3198	3605
f 	3606	3605	3600
f 	3606	3600	3594
f 	1831	1828	1814
f 	1831	1814	1813
f 	1831	1813	1834
f 	1831	1834	1835
f 	1831	1835	1833
f 	12142	12141	12140
f 	12142	12140	12143
f 	12167	12166	12159
f 	12167	12159	12168
f 	9969	9962	9970
f 	9971	9965	9968
f 	17098	17045	17054
f 	17098	17054	17087
f 	16882	17159	17156
f 	16882	17156	17154
f 	8116	8135	8098
f 	8116	8098	8097
f 	8162	8181	8144
f 	8162	8144	8143
f 	8215	8260	8263
f 	8215	8263	8293
f 	8215	8293	8214
f 	16342	16343	16344
f 	16342	16344	16345
f 	16342	16345	16346
f 	16342	16346	16347
f 	16290	16291	16286
f 	16290	16286	16287
f 	16290	16287	16288
f 	16290	16288	16289
f 	15283	15295	15298
f 	15283	15298	15282
f 	16392	16393	16387
f 	16392	16387	16386
f 	16331	16337	16341
f 	16331	16341	16332
f 	16388	16396	16395
f 	16388	16395	16389
f 	16330	16335	16338
f 	16330	16338	16336
f 	16391	16397	16392
f 	16391	16392	16386
f 	16333	16332	16341
f 	16333	16341	16340
f 	16390	16394	16397
f 	16390	16397	16391
f 	16393	16396	16388
f 	16393	16388	16387
f 	16395	16394	16390
f 	16395	16390	16389
f 	16330	16336	16337
f 	16330	16337	16331
f 	16334	16333	16340
f 	16334	16340	16339
f 	16334	16339	16338
f 	16334	16338	16335
f 	8290	8291	8292
f 	8290	8292	8262
f 	8290	8262	8261
f 	10045	10042	10037
f 	10045	10037	10098
f 	10045	10098	10104
f 	10411	10412	10405
f 	8283	8523	8522
f 	8283	8522	8290
f 	10553	10551	10478
f 	10553	10478	10476
f 	8371	8368	8367
f 	8371	8367	8372
f 	8483	8480	8479
f 	8483	8479	8412
f 	8483	8412	8411
f 	8483	8411	8212
f 	8483	8212	8409
f 	8483	8409	8410
f 	8483	8410	8484
f 	12175	12149	12148
f 	12175	12148	12176
f 	12219	12171	12218
f 	12219	12218	12217
f 	10450	10449	10435
f 	10450	10435	10448
f 	10568	10567	10566
f 	10568	10566	10463
f 	17150	17155	17149
f 	17055	17050	17056
f 	16935	16936	16933
f 	16935	16933	16934
f 	16977	16991	17118
f 	16977	17118	16975
f 	9958	9954	9955
f 	9958	9955	9959
f 	17336	17265	17264
f 	17336	17264	17337
f 	17347	17267	17266
f 	17347	17266	17333
f 	17298	17255	17254
f 	17298	17254	17299
f 	17302	17253	17252
f 	17302	17252	17303
f 	17314	17247	17246
f 	17314	17246	17315
f 	17318	17245	17244
f 	17318	17244	17319
f 	17285	17243	17242
f 	17285	17242	17286
f 	17310	17249	17248
f 	17310	17248	17311
f 	17294	17257	17256
f 	17294	17256	17295
f 	17290	17259	17258
f 	17290	17258	17291
f 	17340	17263	17262
f 	17340	17262	17341
f 	17344	17261	17260
f 	17344	17260	17345
f 	17306	17251	17250
f 	17306	17250	17307
f 	17067	17068	17066
f 	17067	17066	17065
f 	17106	17139	17137
f 	17106	17137	17107
f 	17085	17076	17044
f 	17085	17044	17086
f 	17135	17157	17158
f 	17135	17158	16883
f 	17063	17062	17060
f 	17063	17060	17064
f 	17136	17138	17140
f 	17136	17140	17141
f 	17077	17043	17075
f 	17077	17075	17078
f 	16884	17130	17129
f 	16884	17129	17128
f 	17080	17041	17042
f 	17080	17042	17079
f 	17108	17126	17127
f 	17108	17127	16885
f 	10575	10574	10572
f 	10477	10552	10823
f 	10477	10823	10475
f 	17240	17239	17238
f 	17240	17238	17241
f 	17576	17575	17324
f 	17576	17324	17323
f 	11557	11561	11549
f 	11557	11549	11548
f 	10819	10573	11924
f 	10819	11924	10816
f 	10815	11953	10418
f 	10815	10418	10419
f 	17161	17164	17166
f 	17161	17166	17167
f 	17007	16997	16998
f 	17007	16998	17010
f 	12232	12214	12233
f 	12194	12280	13161
f 	10817	10818	10819
f 	10817	10819	10816
f 	10817	10816	10815
f 	10817	10815	10419
f 	9992	9994	12172
f 	10427	10423	10012
f 	10427	10012	10432
f 	10427	10432	10433
f 	10427	10433	10434
f 	10427	10434	10428
f 	10427	10428	10429
f 	10427	10429	10430
f 	10427	10430	10431
f 	15251	15267	15272
f 	15251	15272	15252
f 	3768	3748	3749
f 	3768	3749	3750
f 	3768	3750	3751
f 	3768	3751	3752
f 	3768	3752	3753
f 	3768	3753	3754
f 	3768	3754	3747
f 	3768	3747	3743
f 	3768	3743	3742
f 	3768	3742	3755
f 	3768	3755	3756
f 	3768	3756	3757
f 	3768	3757	3758
f 	3768	3758	3759
f 	3768	3759	3760
f 	3768	3760	3761
f 	3768	3761	3762
f 	3768	3762	3763
f 	3768	3763	3764
f 	3768	3764	3765
f 	3768	3765	3766
f 	3768	3766	3767
f 	7567	7568	7569
f 	7567	7569	7570
f 	7567	7570	7558
f 	7567	7558	7557
f 	7567	7557	7571
f 	7567	7571	7572
f 	7567	7572	7573
f 	7567	7573	7574
f 	7567	7574	7575
f 	7567	7575	7576
f 	7567	7576	7577
f 	7567	7577	7578
f 	7567	7578	7559
f 	7567	7559	7560
f 	7567	7560	7499
f 	7567	7499	7498
f 	7567	7498	7561
f 	7567	7561	7562
f 	7567	7562	7563
f 	7567	7563	7564
f 	7567	7564	7565
f 	7567	7565	7566
f 	1287	1288	1289
f 	1287	1289	1290
f 	1287	1290	1291
f 	1287	1291	1292
f 	1287	1292	1293
f 	1287	1293	1294
f 	1287	1294	1295
f 	1287	1295	1296
f 	1287	1296	1297
f 	1287	1297	1298
f 	1287	1298	1299
f 	1287	1299	1300
f 	1287	1300	1280
f 	1287	1280	1281
f 	1287	1281	1282
f 	1287	1282	1283
f 	1287	1283	1284
f 	1287	1284	1285
f 	1287	1285	1286
f 	1287	1286	1279
f 	1287	1279	1275
f 	1287	1275	1274
f 	5152	5153	5154
f 	5152	5154	5142
f 	5152	5142	5141
f 	5152	5141	5155
f 	5152	5155	5156
f 	5152	5156	5157
f 	5152	5157	5158
f 	5152	5158	5159
f 	5152	5159	5160
f 	5152	5160	5161
f 	5152	5161	5162
f 	5152	5162	5143
f 	5152	5143	5144
f 	5152	5144	5083
f 	5152	5083	5082
f 	5152	5082	5145
f 	5152	5145	5146
f 	5152	5146	5147
f 	5152	5147	5148
f 	5152	5148	5149
f 	5152	5149	5150
f 	5152	5150	5151
f 	17569	17568	17563
f 	17569	17563	17561
f 	17559	17558	17554
f 	17559	17554	17526
f 	16766	16764	16785
f 	16766	16785	16779
f 	16756	16763	17678
f 	16756	17678	17676
f 	17515	17514	17511
f 	17515	17511	17503
f 	16754	17180	17182
f 	16754	17182	17181
f 	17501	17504	17505
f 	17501	17505	17502
f 	17179	17178	17663
f 	17179	17663	17664
f 	17489	17488	17487
f 	17489	17487	17478
f 	17527	17551	17547
f 	17527	17547	17528
f 	17175	17174	17650
f 	17175	17650	17651
f 	16762	16761	17684
f 	16762	17684	17680
f 	17476	17479	17480
f 	17476	17480	17477
f 	17173	17172	17645
f 	17173	17645	17646
f 	17499	17498	17495
f 	17499	17495	17491
f 	17475	17474	17469
f 	17475	17469	17471
f 	17177	17176	17658
f 	17177	17658	17659
f 	17571	17572	17573
f 	17571	17573	16876
f 	17171	17170	17640
f 	17171	17640	17641
f 	17169	17168	17636
f 	17169	17636	17637
f 	17523	17522	17519
f 	17523	17519	17517
f 	17530	17531	17532
f 	17530	17532	17525
f 	16743	16742	16745
f 	16743	16745	16747
f 	16758	16757	17696
f 	16758	17696	17693
f 	17529	17545	17539
f 	17529	17539	17524
f 	16760	16759	17692
f 	16760	17692	17687
f 	15260	15261	15262
f 	15260	15262	15249
f 	15260	15249	15250
f 	15260	15250	15251
f 	15260	15251	15252
f 	15260	15252	15253
f 	15260	15253	15254
f 	15260	15254	15255
f 	15260	15255	15256
f 	15260	15256	15257
f 	15260	15257	15258
f 	15260	15258	15259
f 	9998	9991	9990
f 	887	897	898
f 	887	898	907
f 	887	907	913
f 	887	913	912
f 	3420	3597	3594
f 	3420	3594	3600
f 	3420	3600	3598
f 	3420	3598	3599
f 	1843	1844	1833
f 	1843	1833	1835
f 	1843	1835	1842
f 	1843	1842	1841
f 	8411	8427	8225
f 	8411	8225	8212
f 	16874	16883	16882
f 	17044	16871	17045
f 	16875	16882	16879
f 	17045	16870	17046
f 	8272	8218	8219
f 	8272	8219	8320
f 	8272	8320	8321
f 	8272	8321	8319
f 	8272	8319	8273
f 	15269	15270	15271
f 	15269	15271	15272
f 	15269	15272	15267
f 	15269	15267	15265
f 	15269	15265	15264
f 	15269	15264	15273
f 	15269	15273	15274
f 	15269	15274	15275
f 	15269	15275	15276
f 	15269	15276	15277
f 	15269	15277	15278
f 	15269	15278	15268
f 	16917	17021	16918
f 	12116	10576	10575
f 	17089	17092	17096
f 	17089	17096	17097
f 	14224	14236	14235
f 	14224	14235	14218
f 	11536	11539	11540
f 	11536	11540	11541
f 	11536	11541	11542
f 	11536	11542	11534
f 	15254	15253	15271
f 	15254	15271	15270
f 	11537	11538	11535
f 	11537	11535	11533
f 	8287	8543	8542
f 	8287	8542	8283
f 	10034	10043	10044
f 	10034	10044	10038
f 	12040	10055	10054
f 	12040	10054	12059
f 	16913	16912	16914
f 	16913	16914	16917
f 	16913	16917	16918
f 	17005	17003	16921
f 	17005	16921	16922
f 	17005	16922	16923
f 	17104	16950	17103
f 	17040	17074	17057
f 	17070	17059	17057
f 	17070	17057	17072
f 	17144	17146	17148
f 	17144	17148	17103
f 	10701	10818	10817
f 	10701	10817	10466
f 	9984	12124	9985
f 	8477	8426	8412
f 	8477	8412	8478
f 	11998	12058	10053
f 	11998	10053	10052
f 	17248	16851	17312
f 	17248	17312	17311
f 	17347	17350	16812
f 	17347	16812	17267
f 	17302	17301	16840
f 	17302	16840	17253
f 	17298	17297	16836
f 	17298	16836	17255
f 	17262	16823	17342
f 	17262	17342	17341
f 	17336	17335	16816
f 	17336	16816	17265
f 	17242	16863	17321
f 	17242	17321	17286
f 	17246	16855	17316
f 	17246	17316	17315
f 	17285	17287	16860
f 	17285	16860	17243
f 	17244	16859	17320
f 	17244	17320	17319
f 	17306	17305	16844
f 	17306	16844	17251
f 	17254	16839	17300
f 	17254	17300	17299
f 	17266	16815	17334
f 	17266	17334	17333
f 	17310	17309	16848
f 	17310	16848	17249
f 	17252	16843	17304
f 	17252	17304	17303
f 	17256	16835	17296
f 	17256	17296	17295
f 	17294	17293	16832
f 	17294	16832	17257
f 	17344	17343	16824
f 	17344	16824	17261
f 	17264	16819	17338
f 	17264	17338	17337
f 	17318	17317	16856
f 	17318	16856	17245
f 	17258	16831	17292
f 	17258	17292	17291
f 	17250	16847	17308
f 	17250	17308	17307
f 	17314	17313	16852
f 	17314	16852	17247
f 	17340	17339	16820
f 	17340	16820	17263
f 	16945	16944	16981
f 	16945	16978	16973
f 	16946	16938	16943
f 	16945	16980	16979
f 	12144	12141	12142
f 	12169	12166	12167
f 	12140	12178	12143
f 	12159	12215	12168
f 	17036	16871	17042
f 	12149	12150	12147
f 	9963	9958	9959
f 	9963	9959	9967
f 	10326	10327	10325
f 	10326	10325	10324
f 	14651	14614	14620
f 	14651	14620	14648
f 	16932	16931	16929
f 	17016	17013	17012
f 	17016	17012	16909
f 	17016	16909	17015
f 	17149	17103	17150
f 	17057	17056	17050
f 	17439	17574	17575
f 	17439	17575	17576
f 	17439	17576	17577
f 	17439	17577	16866
f 	17632	17241	17238
f 	17632	17238	17234
f 	17632	17234	16792
f 	17632	16792	16791
f 	11717	11716	11718
f 	11717	11718	11532
f 	16963	16964	16962
f 	16963	16962	16960
f 	17620	17260	17345
f 	17620	17345	17619
f 	17620	17619	17460
f 	17620	17460	17459
f 	17620	17459	16827
f 	17620	16827	16826
f 	17259	17615	16829
f 	17259	16829	16828
f 	17259	16828	17458
f 	17259	17458	17457
f 	17259	17457	17616
f 	17259	17616	17290
f 	17372	17500	17493
f 	17372	17493	17494
f 	17372	17494	17369
f 	17657	16801	16800
f 	17657	16800	17656
f 	17657	17656	17655
f 	16798	17649	17652
f 	16798	17652	17654
f 	16798	17654	16799
f 	17486	17436	17368
f 	17486	17368	17492
f 	17486	17492	17490
f 	16809	17685	17679
f 	16809	17679	16810
f 	17546	17394	17397
f 	17546	17397	17552
f 	16807	17690	17686
f 	16807	17686	16808
f 	17393	17542	17538
f 	17393	17538	17540
f 	17393	17540	17390
f 	16792	17634	17635
f 	16792	17635	16793
f 	16877	17439	17427
f 	16877	17427	17472
f 	16796	17644	17647
f 	16796	17647	16797
f 	17481	17432	17435
f 	17481	17435	17482
f 	16794	17639	17642
f 	16794	17642	16795
f 	17470	17428	17431
f 	17470	17431	17473
f 	17533	17385	17388
f 	17533	17388	17534
f 	16805	17695	17691
f 	16805	17691	16806
f 	16746	16741	16744
f 	16746	16744	16748
f 	16811	17677	16787
f 	16811	16787	16789
f 	17553	17398	17401
f 	17553	17401	17560
f 	17535	17384	17381
f 	17535	17381	17518
f 	16788	16786	16777
f 	16788	16777	16778
f 	17562	17402	17405
f 	17562	17405	17570
f 	16802	17662	17665
f 	16802	17665	16803
f 	17506	17373	17376
f 	17506	17376	17507
f 	17510	17377	17380
f 	17510	17380	17516
f 	16804	17667	16752
f 	16804	16752	16753
f 	16365	16361	16360
f 	16365	16360	16362
f 	16365	16362	16363
f 	16365	16363	16364
f 	16327	16297	16296
f 	16327	16296	16299
f 	16327	16299	16301
f 	16327	16301	16328
f 	15255	15254	15270
f 	15255	15270	15269
f 	11558	11550	10641
f 	11558	10641	11546
f 	16952	16957	16958
f 	16952	16958	16953
f 	17119	17120	17111
f 	17119	17111	17026
f 	17027	17115	17116
f 	17027	17116	17025
f 	10049	10641	10050
f 	15265	15267	15251
f 	15265	15251	15250
f 	10596	10585	10050
f 	17160	17167	17166
f 	17160	17166	17163
f 	10256	10291	10290
f 	10256	10290	10257
f 	10284	10293	10252
f 	10284	10252	10247
f 	10261	10288	10287
f 	10261	10287	10263
f 	10270	10271	10266
f 	10270	10266	10268
f 	10306	10301	10300
f 	10306	10300	10307
f 	10309	10298	10297
f 	10309	10297	10310
f 	10285	10303	10304
f 	10285	10304	10286
f 	10310	10297	10296
f 	10310	10296	10311
f 	10256	10253	10292
f 	10256	10292	10291
f 	10295	10294	10313
f 	10295	10313	10312
f 	10294	10283	10248
f 	10294	10248	10313
f 	10259	10289	10288
f 	10259	10288	10261
f 	10307	10300	10299
f 	10307	10299	10308
f 	10286	10304	10272
f 	10286	10272	10273
f 	10305	10302	10301
f 	10305	10301	10306
f 	10268	10266	10265
f 	10268	10265	10269
f 	10302	10305	10303
f 	10302	10303	10285
f 	10263	10287	10269
f 	10263	10269	10265
f 	10308	10299	10298
f 	10308	10298	10309
f 	10272	10271	10270
f 	10272	10270	10273
f 	10257	10290	10289
f 	10257	10289	10259
f 	10283	10284	10247
f 	10283	10247	10248
f 	10296	10295	10312
f 	10296	10312	10311
f 	10292	10253	10252
f 	10292	10252	10293
f 	10000	9998	9990
f 	10000	9990	9989
f 	10000	9989	10001
f 	12124	12123	9986
f 	12124	9986	9985
f 	17117	16997	17002
f 	17026	17022	17023
f 	17026	17023	17024
f 	17026	17024	17025
f 	11539	11536	11535
f 	11539	11535	11538
f 	17082	17081	17084
f 	17082	17084	17083
f 	17134	17132	17131
f 	17134	17131	17133
f 	17077	17078	17081
f 	17077	17081	17082
f 	17132	17129	17130
f 	17132	17130	17131
f 	10661	10665	10642
f 	10661	10642	11572
f 	12182	12180	12183
f 	12220	12213	12221
f 	12179	12181	12184
f 	12212	12246	12245
f 	13059	13058	13064
f 	13059	13064	13063
f 	13071	13070	13052
f 	13071	13052	13051
f 	13066	13056	13055
f 	13066	13055	13067
f 	13079	13033	13034
f 	13079	13034	13080
f 	13076	13075	13029
f 	13076	13029	13030
f 	13036	13037	13083
f 	13036	13083	13082
f 	13076	13030	13031
f 	13076	13031	13077
f 	13081	13035	13036
f 	13081	13036	13082
f 	13064	13058	13057
f 	13064	13057	13065
f 	13069	13053	13052
f 	13069	13052	13070
f 	13039	13060	13061
f 	13039	13061	13062
f 	13073	13072	13085
f 	13073	13085	13027
f 	13074	13073	13027
f 	13074	13027	13028
f 	13038	13039	13062
f 	13038	13062	13084
f 	13068	13054	13053
f 	13068	13053	13069
f 	13077	13031	13032
f 	13077	13032	13078
f 	13065	13057	13056
f 	13065	13056	13066
f 	13080	13034	13035
f 	13080	13035	13081
f 	13037	13038	13084
f 	13037	13084	13083
f 	13075	13074	13028
f 	13075	13028	13029
f 	13060	13059	13063
f 	13060	13063	13061
f 	13072	13071	13051
f 	13072	13051	13085
f 	13067	13055	13054
f 	13067	13054	13068
f 	13078	13032	13033
f 	13078	13033	13079
f 	17096	17095	17090
f 	17096	17090	17097
f 	12153	12166	12157
f 	10297	10298	10299
f 	10297	10299	10300
f 	10297	10300	10301
f 	10297	10301	10302
f 	10297	10302	10285
f 	10297	10285	10286
f 	10297	10286	10273
f 	10297	10273	10270
f 	10297	10270	10268
f 	10297	10268	10269
f 	10297	10269	10287
f 	10297	10287	10288
f 	10297	10288	10289
f 	10297	10289	10290
f 	10297	10290	10291
f 	10297	10291	10292
f 	10297	10292	10293
f 	10297	10293	10284
f 	10297	10284	10283
f 	10297	10283	10294
f 	10297	10294	10295
f 	10297	10295	10296
f 	10255	10342	10343
f 	10255	10343	10357
f 	10255	10357	10358
f 	10255	10358	10359
f 	10255	10359	10344
f 	10255	10344	10345
f 	10255	10345	10346
f 	10255	10346	10347
f 	10255	10347	10348
f 	10255	10348	10349
f 	10255	10349	10350
f 	10255	10350	10351
f 	10255	10351	10352
f 	10255	10352	10353
f 	10255	10353	10354
f 	10255	10354	10355
f 	10255	10355	10356
f 	10255	10356	10315
f 	10255	10315	10250
f 	10255	10250	10249
f 	10255	10249	10251
f 	10255	10251	10254
f 	17099	17057	16776
f 	17103	17102	16775
f 	17020	16916	17008
f 	17017	16924	16925
f 	17017	16925	17014
f 	12473	12474	12732
f 	12473	12732	12509
f 	12473	12509	12472
f 	12433	12418	12474
f 	12433	12474	12475
f 	12433	12475	12473
f 	12472	12732	12382
f 	12472	12382	12381
f 	12472	12381	12380
f 	17088	17055	17056
f 	17088	17056	17091
f 	17155	17162	17165
f 	17155	17165	17149
f 	12200	12201	13092
f 	10394	10393	10398
f 	10394	10398	10085
f 	10394	10085	10030
f 	10394	10030	10032
f 	10394	10032	10399
f 	10394	10399	10400
f 	10394	10400	10401
f 	10394	10401	10402
f 	17023	17022	17021
f 	17023	17021	17010
f 	17024	17007	17001
f 	17024	17001	17004
f 	17061	17060	17062
f 	17141	17142	17136
f 	17075	17044	17076
f 	16883	17128	17135
f 	17044	17075	17043
f 	17128	16883	16884
f 	8098	8099	8094
f 	8098	8094	8091
f 	8098	8091	8090
f 	8098	8090	8095
f 	8098	8095	8096
f 	8098	8096	8097
f 	8144	8145	8140
f 	8144	8140	8137
f 	8144	8137	8136
f 	8144	8136	8141
f 	8144	8141	8142
f 	8144	8142	8143
f 	8312	8323	8287
f 	10641	11545	11546
f 	16874	16886	16885
f 	12179	12142	12181
f 	12212	12167	12246
f 	12143	12180	12182
f 	12168	12213	12220
f 	16992	16997	17117
f 	12147	14217	14233
f 	12147	14233	12145
f 	12177	12146	12144
f 	12177	12144	12178
f 	12216	12170	12169
f 	12216	12169	12215
f 	15568	15569	15570
f 	15568	15570	15571
f 	15568	15571	15572
f 	15568	15572	15573
f 	15568	15573	15574
f 	15568	15574	15575
f 	15568	15575	15576
f 	15568	15576	15577
f 	15568	15577	15578
f 	15568	15578	15579
f 	15568	15579	15580
f 	15568	15580	15581
f 	15568	15581	15582
f 	15568	15582	15583
f 	15568	15583	15584
f 	15568	15584	15585
f 	15568	15585	15520
f 	15568	15520	15521
f 	15568	15521	15522
f 	15568	15522	15523
f 	15568	15523	15524
f 	15568	15524	15525
f 	15568	15525	15526
f 	15568	15526	15527
f 	15568	15527	15528
f 	15568	15528	15529
f 	15568	15529	15530
f 	15568	15530	15531
f 	15568	15531	15532
f 	15568	15532	15533
f 	15568	15533	15534
f 	15568	15534	15535
f 	15568	15535	15536
f 	15568	15536	15537
f 	15568	15537	15538
f 	15568	15538	15539
f 	15568	15539	15540
f 	15568	15540	15541
f 	15568	15541	15542
f 	15568	15542	15543
f 	15568	15543	15544
f 	15568	15544	15545
f 	15568	15545	15546
f 	15568	15546	15547
f 	15568	15547	15548
f 	15568	15548	15549
f 	15568	15549	15550
f 	15568	15550	15551
f 	15568	15551	15552
f 	15568	15552	15553
f 	15568	15553	15554
f 	15568	15554	15555
f 	15568	15555	15556
f 	15568	15556	15557
f 	15568	15557	15558
f 	15568	15558	15559
f 	15568	15559	15560
f 	15568	15560	15561
f 	15568	15561	15562
f 	15568	15562	15563
f 	15568	15563	15564
f 	15568	15564	15565
f 	15568	15565	15566
f 	15568	15566	15567
f 	12152	12139	12150
f 	10396	10395	10406
f 	10396	10406	10410
f 	12213	12212	12211
f 	12213	12211	12214
f 	12179	12194	12195
f 	12179	12195	12196
f 	12179	12196	12193
f 	12179	12193	12180
f 	17151	16881	16880
f 	17151	16880	17152
f 	10376	10194	10195
f 	10376	10195	10377
f 	14549	14514	14513
f 	14549	14513	14550
f 	10276	10232	10233
f 	10276	10233	10241
f 	14523	14522	14517
f 	14523	14517	14524
f 	10481	10482	10480
f 	10481	10480	10479
f 	10549	10550	10541
f 	10549	10541	10542
f 	8496	8494	8495
f 	8496	8495	8510
f 	8496	8510	8509
f 	8496	8509	8508
f 	8496	8508	8507
f 	8496	8507	8506
f 	8496	8506	8505
f 	8496	8505	8504
f 	8496	8504	8503
f 	8496	8503	8502
f 	8496	8502	8501
f 	8496	8501	8500
f 	8496	8500	8499
f 	8496	8499	8498
f 	8496	8498	8497
f 	17049	17048	17051
f 	17049	17051	17053
f 	15297	15291	15290
f 	15297	15290	15299
f 	16932	16929	16998
f 	8285	8283	8271
f 	8285	8271	8286
f 	17163	17164	17161
f 	17163	17161	17160
f 	15293	15285	15283
f 	15293	15283	15282
f 	17038	17036	17035
f 	17038	17035	16906
f 	17038	16906	17030
f 	17038	17030	17034
f 	8307	8210	8211
f 	8307	8211	8224
f 	14232	12145	14233
f 	14232	14233	14234
f 	12140	12173	12174
f 	12185	12186	12184
f 	12185	12184	12183
f 	12222	12244	12245
f 	12222	12245	12221
f 	6469	6470	6471
f 	6469	6471	6473
f 	6469	6473	6475
f 	6469	6475	6476
f 	6469	6476	6478
f 	6469	6478	6479
f 	6469	6479	6480
f 	6469	6480	6482
f 	6469	6482	6483
f 	6469	6483	6595
f 	6469	6595	6593
f 	6469	6593	6592
f 	6469	6592	6591
f 	6469	6591	6589
f 	6469	6589	6587
f 	6469	6587	6586
f 	6469	6586	6584
f 	6469	6584	6583
f 	6469	6583	6582
f 	6469	6582	6581
f 	6469	6581	6466
f 	6469	6466	6467
f 	2770	2771	2772
f 	2770	2772	2773
f 	2770	2773	2774
f 	2770	2774	2775
f 	2770	2775	2776
f 	2770	2776	2777
f 	2770	2777	2778
f 	2770	2778	2779
f 	2770	2779	2780
f 	2770	2780	2759
f 	2770	2759	2760
f 	2770	2760	2757
f 	2770	2757	2758
f 	2770	2758	2761
f 	2770	2761	2762
f 	2770	2762	2763
f 	2770	2763	2764
f 	2770	2764	2765
f 	2770	2765	2766
f 	2770	2766	2767
f 	2770	2767	2768
f 	2770	2768	2769
f 	6105	6104	6129
f 	6105	6129	6130
f 	6105	6130	6131
f 	6105	6131	6132
f 	6105	6132	6133
f 	6105	6133	6134
f 	6105	6134	6135
f 	6105	6135	6124
f 	6105	6124	6125
f 	6105	6125	6126
f 	6105	6126	6127
f 	6105	6127	6128
f 	6105	6128	6115
f 	6105	6115	6114
f 	6105	6114	6113
f 	6105	6113	6112
f 	6105	6112	6111
f 	6105	6111	6110
f 	6105	6110	6109
f 	6105	6109	6108
f 	6105	6108	6107
f 	6105	6107	6106
f 	2338	2339	2340
f 	2338	2340	2341
f 	2338	2341	2342
f 	2338	2342	2343
f 	2338	2343	2344
f 	2338	2344	2345
f 	2338	2345	2324
f 	2338	2324	2325
f 	2338	2325	2322
f 	2338	2322	2323
f 	2338	2323	2326
f 	2338	2326	2327
f 	2338	2327	2328
f 	2338	2328	2329
f 	2338	2329	2330
f 	2338	2330	2331
f 	2338	2331	2332
f 	2338	2332	2333
f 	2338	2333	2334
f 	2338	2334	2335
f 	2338	2335	2336
f 	2338	2336	2337
f 	15284	15300	15296
f 	12171	12166	12170
f 	12140	12175	12177
f 	12159	12219	12216
f 	17057	17047	16755
f 	16878	17103	16774
f 	16886	17109	17110
f 	16886	17110	17112
f 	16886	17112	17113
f 	16886	17113	17114
f 	16886	17114	16890
f 	16886	16890	16887
f 	8012	8013	8014
f 	8012	8014	8015
f 	8012	8015	8016
f 	8012	8016	8017
f 	8012	8017	8018
f 	8012	8018	8019
f 	8012	8019	8020
f 	8012	8020	8021
f 	8012	8021	8025
f 	8012	8025	8026
f 	8012	8026	8027
f 	8012	8027	8028
f 	8012	8028	8029
f 	8012	8029	8030
f 	8012	8030	8031
f 	8012	8031	8032
f 	8012	8032	8033
f 	8012	8033	8034
f 	8012	8034	8035
f 	8012	8035	8036
f 	8012	8036	8037
f 	8012	8037	8038
f 	8012	8038	8039
f 	8012	8039	8040
f 	8012	8040	8041
f 	8012	8041	8042
f 	8012	8042	8043
f 	8012	8043	8044
f 	8012	8044	8045
f 	8012	8045	8046
f 	8012	8046	8047
f 	8012	8047	8048
f 	8012	8048	8049
f 	8012	8049	8050
f 	8012	8050	8051
f 	8012	8051	8052
f 	8012	8052	8053
f 	8012	8053	8054
f 	8012	8054	8055
f 	8012	8055	8056
f 	8012	8056	8057
f 	8012	8057	8058
f 	8012	8058	8059
f 	8012	8059	8060
f 	8012	8060	8061
f 	8012	8061	8022
f 	8012	8022	8023
f 	8012	8023	8024
f 	8012	8024	8011
f 	8012	8011	8010
f 	7965	7966	7967
f 	7965	7967	7968
f 	7965	7968	7969
f 	7965	7969	7970
f 	7965	7970	7971
f 	7965	7971	7972
f 	7965	7972	7973
f 	7965	7973	7974
f 	7965	7974	7975
f 	7965	7975	7976
f 	7965	7976	7977
f 	7965	7977	7978
f 	7965	7978	7979
f 	7965	7979	7980
f 	7965	7980	7981
f 	7965	7981	7982
f 	7965	7982	7983
f 	7965	7983	7984
f 	7965	7984	7985
f 	7965	7985	7986
f 	7965	7986	7987
f 	7965	7987	7988
f 	7965	7988	7989
f 	7965	7989	7990
f 	7965	7990	7991
f 	7965	7991	7992
f 	7965	7992	7993
f 	7965	7993	7994
f 	7965	7994	7995
f 	7965	7995	7996
f 	7965	7996	7997
f 	7965	7997	7998
f 	7965	7998	7999
f 	7965	7999	8000
f 	7965	8000	8001
f 	7965	8001	8002
f 	7965	8002	8003
f 	7965	8003	8004
f 	7965	8004	8005
f 	7965	8005	8006
f 	7965	8006	8007
f 	7965	8007	8008
f 	7965	8008	8009
f 	7965	8009	7958
f 	7965	7958	7959
f 	7965	7959	7960
f 	7965	7960	7961
f 	7965	7961	7962
f 	7965	7962	7963
f 	7965	7963	7964
f 	10418	10404	10419
f 	17059	17058	17057
f 	17143	17144	17103
f 	16743	16757	16758
f 	16743	16758	16759
f 	16743	16759	16760
f 	16743	16760	16761
f 	16743	16761	16762
f 	16743	16762	16763
f 	16743	16763	16756
f 	16743	16756	16755
f 	16743	16755	16742
f 	17095	17090	17089
f 	17095	17089	17092
f 	12112	12111	12055
f 	12112	12055	12054
f 	12112	12054	10588
f 	12112	10588	10587
f 	12112	10587	12113
f 	9984	9983	9992
f 	9984	9992	9993
f 	17022	16913	16918
f 	17022	16918	17021
f 	16921	17003	17004
f 	16921	17004	17001
f 	8110	8093	8092
f 	8110	8092	8100
f 	8110	8100	8109
f 	8110	8109	8111
f 	8110	8111	8112
f 	8110	8112	8113
f 	8156	8139	8138
f 	8156	8138	8146
f 	8156	8146	8155
f 	8156	8155	8157
f 	8156	8157	8158
f 	8156	8158	8159
f 	10642	10049	10643
f 	16610	16611	16612
f 	16610	16612	16613
f 	16610	16613	16614
f 	16610	16614	16615
f 	16610	16615	16616
f 	16610	16616	16617
f 	16610	16617	16618
f 	16610	16618	16619
f 	16610	16619	16620
f 	16610	16620	16621
f 	16610	16621	16622
f 	16610	16622	16623
f 	16610	16623	16597
f 	16610	16597	16598
f 	16610	16598	16599
f 	16610	16599	16600
f 	16610	16600	16601
f 	16610	16601	16602
f 	16610	16602	16603
f 	16610	16603	16604
f 	16610	16604	16605
f 	16610	16605	16606
f 	16610	16606	16607
f 	16610	16607	16608
f 	16610	16608	16609
f 	16495	16496	16497
f 	16495	16497	16498
f 	16495	16498	16499
f 	16495	16499	16500
f 	16495	16500	16501
f 	16495	16501	16502
f 	16495	16502	16503
f 	16495	16503	16504
f 	16495	16504	16505
f 	16495	16505	16506
f 	16495	16506	16507
f 	16495	16507	16508
f 	16495	16508	16482
f 	16495	16482	16483
f 	16495	16483	16484
f 	16495	16484	16485
f 	16495	16485	16486
f 	16495	16486	16487
f 	16495	16487	16488
f 	16495	16488	16489
f 	16495	16489	16490
f 	16495	16490	16491
f 	16495	16491	16492
f 	16495	16492	16493
f 	16495	16493	16494
f 	16566	16540	16541
f 	16566	16541	16542
f 	16566	16542	16543
f 	16566	16543	16544
f 	16566	16544	16545
f 	16566	16545	16546
f 	16566	16546	16547
f 	16566	16547	16548
f 	16566	16548	16549
f 	16566	16549	16550
f 	16566	16550	16551
f 	16566	16551	16552
f 	16566	16552	16553
f 	16566	16553	16554
f 	16566	16554	16555
f 	16566	16555	16556
f 	16566	16556	16557
f 	16566	16557	16558
f 	16566	16558	16559
f 	16566	16559	16560
f 	16566	16560	16561
f 	16566	16561	16562
f 	16566	16562	16563
f 	16566	16563	16564
f 	16566	16564	16565
f 	16681	16655	16656
f 	16681	16656	16657
f 	16681	16657	16658
f 	16681	16658	16659
f 	16681	16659	16660
f 	16681	16660	16661
f 	16681	16661	16662
f 	16681	16662	16663
f 	16681	16663	16664
f 	16681	16664	16665
f 	16681	16665	16666
f 	16681	16666	16667
f 	16681	16667	16668
f 	16681	16668	16669
f 	16681	16669	16670
f 	16681	16670	16671
f 	16681	16671	16672
f 	16681	16672	16673
f 	16681	16673	16674
f 	16681	16674	16675
f 	16681	16675	16676
f 	16681	16676	16677
f 	16681	16677	16678
f 	16681	16678	16679
f 	16681	16679	16680
f 	13088	12200	13092
f 	13088	13092	13090
f 	13088	13090	13091
f 	13088	13091	13089
f 	12247	12248	12237
f 	12247	12237	12238
f 	12247	12238	12228
f 	12247	12228	12229
f 	12247	12229	12249
f 	12247	12249	12250
f 	10047	10046	10136
f 	10047	10136	10128
f 	10047	10128	10125
f 	10047	10125	10126
f 	10047	10126	10389
f 	10047	10389	10390
f 	10047	10390	10391
f 	10047	10391	10392
f 	10733	10597	10603
f 	10733	10603	10636
f 	12423	12335	12290
f 	12423	12290	12424
f 	12311	12313	12317
f 	12311	12317	12318
f 	12312	12272	12273
f 	12312	12273	12315
f 	12313	12314	12316
f 	12313	12316	12317
f 	12231	12268	12265
f 	12231	12265	12232
f 	12345	12302	12304
f 	12345	12304	12347
f 	12342	12299	12302
f 	12342	12302	12345
f 	12335	12334	12287
f 	12335	12287	12290
f 	12272	12271	12270
f 	12272	12270	12273
f 	12309	12311	12318
f 	12309	12318	12352
f 	12265	12266	12267
f 	12265	12267	12249
f 	12265	12249	12232
f 	12340	12297	12299
f 	12340	12299	12342
f 	12267	12266	12285
f 	12267	12285	12333
f 	12347	12304	12306
f 	12347	12306	12349
f 	12230	12269	12268
f 	12230	12268	12231
f 	12271	12269	12230
f 	12271	12230	12229
f 	12271	12229	12270
f 	12333	12285	12287
f 	12333	12287	12334
f 	12349	12306	12309
f 	12349	12309	12352
f 	12379	12380	12381
f 	12379	12381	12382
f 	12379	12382	12377
f 	12379	12377	12378
f 	12379	12378	12294
f 	12379	12294	12297
f 	12379	12297	12340
f 	12379	12340	12336
f 	12314	12312	12315
f 	12314	12315	12316
f 	15295	15283	15296
f 	16407	16400	16399
f 	16407	16399	16405
f 	16409	16408	16403
f 	16409	16403	16402
f 	16446	16447	16441
f 	16446	16441	16440
f 	16452	16444	16443
f 	16452	16443	16453
f 	16405	16399	16398
f 	16405	16398	16404
f 	16453	16443	16442
f 	16453	16442	16454
f 	16447	16454	16442
f 	16447	16442	16441
f 	16401	16400	16407
f 	16401	16407	16413
f 	16445	16444	16452
f 	16445	16452	16465
f 	16445	16465	16446
f 	16445	16446	16440
f 	16408	16404	16398
f 	16408	16398	16403
f 	16401	16413	16409
f 	16401	16409	16402
f 	12209	12206	12208
f 	10582	10583	10579
f 	10582	10579	10578
f 	16941	16935	16943
f 	16978	16977	16976
f 	17011	17012	17013
f 	17011	17013	17014
f 	17011	17014	16925
f 	17011	16925	17008
f 	17028	16908	16907
f 	17028	16907	17005
f 	17028	17005	16923
f 	17028	16923	17006
f 	16914	16912	16888
f 	16914	16888	16911
f 	16914	16911	16915
f 	16914	16915	16916
f 	16924	17017	17016
f 	16924	17016	17015
f 	16924	17015	17018
f 	16924	17018	17009
f 	7041	7042	7035
f 	7041	7035	6945
f 	7041	6945	7036
f 	7041	7036	7037
f 	7041	7037	7038
f 	7041	7038	6931
f 	7041	6931	6926
f 	7041	6926	7039
f 	7041	7039	7040
f 	6975	6976	6977
f 	6975	6977	6978
f 	6975	6978	6970
f 	6975	6970	6971
f 	6975	6971	6969
f 	6975	6969	6966
f 	6975	6966	6972
f 	6975	6972	6973
f 	6975	6973	6974
f 	5431	5432	5423
f 	5431	5423	5395
f 	5431	5395	5424
f 	5431	5424	5425
f 	5431	5425	5426
f 	5431	5426	5427
f 	5431	5427	5428
f 	5431	5428	5429
f 	5431	5429	5430
f 	4128	4129	4120
f 	4128	4120	4107
f 	4128	4107	4121
f 	4128	4121	4122
f 	4128	4122	4123
f 	4128	4123	4124
f 	4128	4124	4125
f 	4128	4125	4126
f 	4128	4126	4127
f 	6925	6920	6919
f 	6925	6919	6926
f 	6925	6926	6921
f 	6925	6921	6922
f 	6925	6922	6923
f 	6925	6923	6924
f 	6925	6924	6912
f 	6925	6912	6913
f 	6925	6913	6915
f 	6948	6949	6950
f 	6948	6950	6951
f 	6948	6951	6943
f 	6948	6943	6944
f 	6948	6944	6942
f 	6948	6942	6941
f 	6948	6941	6945
f 	6948	6945	6946
f 	6948	6946	6947
f 	6991	6992	6993
f 	6991	6993	6994
f 	6991	6994	6987
f 	6991	6987	6988
f 	6991	6988	6986
f 	6991	6986	6983
f 	6991	6983	6978
f 	6991	6978	6989
f 	6991	6989	6990
f 	7425	7426	6910
f 	7425	6910	6912
f 	7425	6912	7420
f 	7425	7420	7421
f 	7425	7421	7422
f 	7425	7422	7418
f 	7425	7418	7408
f 	7425	7408	6906
f 	7425	6906	7423
f 	7425	7423	7424
f 	5550	5551	5543
f 	5550	5543	5428
f 	5550	5428	5544
f 	5550	5544	5545
f 	5550	5545	5546
f 	5550	5546	5441
f 	5550	5441	5547
f 	5550	5547	5548
f 	5550	5548	5549
f 	4197	4198	4189
f 	4197	4189	4125
f 	4197	4125	4190
f 	4197	4190	4191
f 	4197	4191	4192
f 	4197	4192	4193
f 	4197	4193	4194
f 	4197	4194	4195
f 	4197	4195	4196
f 	5520	5521	5522
f 	5520	5522	5502
f 	5520	5502	5513
f 	5520	5513	5517
f 	5520	5517	5378
f 	5520	5378	5380
f 	5520	5380	5416
f 	5520	5416	5518
f 	5520	5518	5519
f 	4039	4040	4041
f 	4039	4041	4042
f 	4039	4042	4034
f 	4039	4034	4035
f 	4039	4035	4033
f 	4039	4033	4030
f 	4039	4030	4036
f 	4039	4036	4037
f 	4039	4037	4038
f 	7027	7028	7024
f 	7027	7024	6972
f 	7027	6972	6962
f 	7027	6962	6960
f 	7027	6960	6958
f 	7027	6958	6956
f 	7027	6956	6951
f 	7027	6951	7025
f 	7027	7025	7026
f 	5398	5399	5400
f 	5398	5400	5401
f 	5398	5401	5393
f 	5398	5393	5394
f 	5398	5394	5392
f 	5398	5392	5391
f 	5398	5391	5395
f 	5398	5395	5396
f 	5398	5396	5397
f 	4110	4111	4112
f 	4110	4112	4092
f 	4110	4092	4105
f 	4110	4105	4106
f 	4110	4106	4104
f 	4110	4104	4103
f 	4110	4103	4107
f 	4110	4107	4108
f 	4110	4108	4109
f 	4055	4056	4057
f 	4055	4057	4058
f 	4055	4058	4051
f 	4055	4051	4052
f 	4055	4052	4050
f 	4055	4050	4047
f 	4055	4047	4042
f 	4055	4042	4053
f 	4055	4053	4054
f 	5505	5506	5507
f 	5505	5507	5508
f 	5505	5508	5495
f 	5505	5495	5499
f 	5505	5499	5500
f 	5505	5500	5501
f 	5505	5501	5502
f 	5505	5502	5503
f 	5505	5503	5504
f 	4480	4477	4475
f 	4480	4475	4294
f 	4480	4294	4373
f 	4480	4373	4481
f 	4480	4481	4379
f 	4480	4379	4380
f 	4480	4380	4482
f 	4480	4482	4471
f 	4480	4471	4472
f 	4480	4472	4483
f 	5413	5414	5415
f 	5413	5415	5416
f 	5413	5416	5384
f 	5413	5384	5410
f 	5413	5410	5408
f 	5413	5408	5406
f 	5413	5406	5401
f 	5413	5401	5411
f 	5413	5411	5412
f 	4095	4096	4088
f 	4095	4088	4036
f 	4095	4036	4026
f 	4095	4026	4089
f 	4095	4089	4090
f 	4095	4090	4091
f 	4095	4091	4092
f 	4095	4092	4093
f 	4095	4093	4094
f 	7156	7157	7158
f 	7156	7158	7159
f 	7156	7159	7149
f 	7156	7149	7160
f 	7156	7160	7161
f 	7156	7161	7162
f 	7156	7162	7163
f 	7156	7163	7009
f 	7156	7009	7008
f 	7156	7008	7152
f 	4068	4069	4070
f 	4068	4070	4071
f 	4068	4071	4072
f 	4068	4072	4073
f 	4068	4073	4074
f 	4068	4074	4066
f 	4068	4066	4063
f 	4068	4063	4051
f 	4068	4051	4058
f 	4068	4058	4067
f 	5952	5953	5954
f 	5952	5954	5955
f 	5952	5955	5677
f 	5952	5677	5956
f 	5952	5956	5957
f 	5952	5957	5489
f 	5952	5489	5491
f 	5952	5491	5495
f 	5952	5495	5508
f 	5952	5508	5681
f 	5657	5658	5659
f 	5657	5659	5660
f 	5657	5660	5661
f 	5657	5661	5662
f 	5657	5662	5663
f 	5657	5663	5647
f 	5657	5647	5648
f 	5657	5648	5653
f 	5657	5653	5664
f 	5657	5664	5656
f 	4426	4427	4428
f 	4426	4428	4429
f 	4426	4429	4430
f 	4426	4430	4431
f 	4426	4431	4432
f 	4426	4432	4417
f 	4426	4417	4418
f 	4426	4418	4259
f 	4426	4259	4258
f 	4426	4258	4425
f 	7199	7200	7201
f 	7199	7201	7132
f 	7199	7132	7131
f 	7199	7131	7202
f 	7199	7202	7203
f 	7199	7203	7204
f 	7199	7204	7205
f 	7199	7205	7191
f 	7199	7191	7135
f 	7199	7135	7198
f 	7167	7168	7169
f 	7167	7169	7170
f 	7167	7170	7145
f 	7167	7145	7171
f 	7167	7171	7172
f 	7167	7172	7173
f 	7167	7173	7174
f 	7167	7174	7160
f 	7167	7160	7149
f 	7167	7149	7148
f 	5582	5583	5584
f 	5582	5584	5585
f 	5582	5585	5562
f 	5582	5562	5561
f 	5582	5561	5575
f 	5582	5575	5578
f 	5582	5578	5577
f 	5582	5577	5579
f 	5582	5579	5580
f 	5582	5580	5581
f 	4310	4312	4314
f 	4310	4314	4316
f 	4310	4316	4318
f 	4310	4318	4337
f 	4310	4337	4356
f 	4310	4356	4355
f 	4310	4355	4354
f 	4310	4354	4357
f 	4310	4357	4305
f 	4310	4305	4308
f 	7004	7005	7006
f 	7004	7006	7007
f 	7004	7007	7008
f 	7004	7008	7009
f 	7004	7009	7010
f 	7004	7010	7002
f 	7004	7002	6999
f 	7004	6999	6987
f 	7004	6987	6994
f 	7004	6994	7003
f 	7178	7179	7180
f 	7178	7180	7141
f 	7178	7141	7140
f 	7178	7140	7181
f 	7178	7181	7182
f 	7178	7182	7183
f 	7178	7183	7184
f 	7178	7184	7171
f 	7178	7171	7145
f 	7178	7145	7144
f 	5970	5971	5972
f 	5970	5972	5973
f 	5970	5973	5664
f 	5970	5664	5653
f 	5970	5653	5974
f 	5970	5974	5479
f 	5970	5479	5480
f 	5970	5480	5965
f 	5970	5965	5672
f 	5970	5672	5671
f 	4254	4255	4256
f 	4254	4256	4257
f 	4254	4257	4258
f 	4254	4258	4259
f 	4254	4259	4260
f 	4254	4260	4241
f 	4254	4241	4242
f 	4254	4242	4159
f 	4254	4159	4158
f 	4254	4158	4253
f 	5961	5962	5963
f 	5961	5963	5964
f 	5961	5964	5672
f 	5961	5672	5965
f 	5961	5965	5966
f 	5961	5966	5484
f 	5961	5484	5485
f 	5961	5485	5956
f 	5961	5956	5677
f 	5961	5677	5676
f 	5872	5873	5874
f 	5872	5874	5865
f 	5872	5865	5864
f 	5872	5864	5875
f 	5872	5875	5876
f 	5872	5876	5642
f 	5872	5642	5643
f 	5872	5643	5662
f 	5872	5662	5661
f 	5872	5661	5868
f 	10785	10702	10855
f 	10004	10008	10007
f 	10057	12129	12152
f 	15300	15299	15290
f 	15300	15290	15289
f 	16999	17006	17001
f 	15281	15297	15299
f 	15281	15299	15300
f 	15281	15300	15284
f 	10011	10010	10012
f 	12122	12039	10432
f 	17539	17540	17538
f 	17539	17538	17524
f 	8116	8097	8096
f 	8116	8096	8095
f 	8116	8095	8090
f 	8116	8090	8093
f 	8116	8093	8110
f 	8116	8110	8113
f 	8116	8113	8112
f 	8116	8112	8114
f 	8116	8114	8115
f 	8162	8143	8142
f 	8162	8142	8141
f 	8162	8141	8136
f 	8162	8136	8139
f 	8162	8139	8156
f 	8162	8156	8159
f 	8162	8159	8158
f 	8162	8158	8160
f 	8162	8160	8161
f 	10572	10573	10570
f 	17116	17119	17026
f 	17116	17026	17025
f 	8535	8489	8488
f 	8535	8488	8419
f 	8535	8419	8420
f 	8535	8420	8211
f 	8535	8211	8210
f 	8535	8210	8426
f 	8535	8426	8534
f 	725	714	677
f 	725	677	726
f 	725	726	727
f 	725	727	728
f 	725	728	723
f 	725	723	680
f 	725	680	681
f 	725	681	687
f 	725	687	698
f 	725	698	724
f 	399	379	378
f 	399	378	391
f 	399	391	400
f 	399	400	392
f 	399	392	393
f 	399	393	394
f 	399	394	395
f 	399	395	396
f 	399	396	397
f 	399	397	398
f 	764	765	664
f 	764	664	665
f 	764	665	766
f 	764	766	767
f 	764	767	763
f 	764	763	668
f 	764	668	669
f 	764	669	742
f 	764	742	761
f 	764	761	762
f 	614	590	595
f 	614	595	603
f 	614	603	605
f 	614	605	611
f 	614	611	610
f 	614	610	609
f 	614	609	612
f 	614	612	613
f 	614	613	582
f 	614	582	583
f 	1599	1600	1601
f 	1599	1601	1602
f 	1599	1602	1603
f 	1599	1603	1604
f 	1599	1604	1596
f 	1599	1596	1597
f 	1599	1597	1598
f 	1599	1598	1591
f 	1599	1591	1594
f 	1599	1594	1595
f 	741	742	669
f 	741	669	743
f 	741	743	744
f 	741	744	745
f 	741	745	739
f 	741	739	672
f 	741	672	673
f 	741	673	716
f 	741	716	737
f 	741	737	740
f 	382	383	367
f 	382	367	374
f 	382	374	384
f 	382	384	375
f 	382	375	376
f 	382	376	377
f 	382	377	378
f 	382	378	379
f 	382	379	380
f 	382	380	381
f 	3172	3154	3153
f 	3172	3153	3159
f 	3172	3159	3161
f 	3172	3161	3167
f 	3172	3167	3166
f 	3172	3166	3165
f 	3172	3165	3168
f 	3172	3168	3169
f 	3172	3169	3170
f 	3172	3170	3171
f 	1687	1667	1666
f 	1687	1666	1679
f 	1687	1679	1688
f 	1687	1688	1680
f 	1687	1680	1681
f 	1687	1681	1682
f 	1687	1682	1683
f 	1687	1683	1684
f 	1687	1684	1685
f 	1687	1685	1686
f 	1922	1910	1792
f 	1922	1792	1791
f 	1922	1791	1923
f 	1922	1923	1924
f 	1922	1924	1919
f 	1922	1919	1788
f 	1922	1788	1780
f 	1922	1780	1779
f 	1922	1779	1920
f 	1922	1920	1921
f 	3277	3278	3262
f 	3277	3262	3269
f 	3277	3269	3279
f 	3277	3279	3270
f 	3277	3270	3271
f 	3277	3271	3272
f 	3277	3272	3273
f 	3277	3273	3274
f 	3277	3274	3275
f 	3277	3275	3276
f 	3496	3483	3395
f 	3496	3395	3394
f 	3496	3394	3497
f 	3496	3497	3498
f 	3496	3498	3492
f 	3496	3492	3391
f 	3496	3391	3390
f 	3496	3390	3493
f 	3496	3493	3494
f 	3496	3494	3495
f 	2135	2136	2137
f 	2135	2137	2138
f 	2135	2138	2139
f 	2135	2139	2133
f 	2135	2133	2134
f 	2135	2134	2132
f 	2135	2132	2122
f 	2135	2122	2121
f 	2135	2121	2094
f 	2135	2094	2093
f 	1778	1779	1780
f 	1778	1780	1781
f 	1778	1781	1782
f 	1778	1782	1783
f 	1778	1783	1776
f 	1778	1776	1748
f 	1778	1748	1749
f 	1778	1749	1760
f 	1778	1760	1774
f 	1778	1774	1777
f 	1670	1671	1655
f 	1670	1655	1662
f 	1670	1662	1672
f 	1670	1672	1663
f 	1670	1663	1664
f 	1670	1664	1665
f 	1670	1665	1666
f 	1670	1666	1667
f 	1670	1667	1668
f 	1670	1668	1669
f 	3141	3142	3126
f 	3141	3126	3128
f 	3141	3128	3130
f 	3141	3130	3136
f 	3141	3136	3135
f 	3141	3135	3134
f 	3141	3134	3137
f 	3141	3137	3138
f 	3141	3138	3139
f 	3141	3139	3140
f 	3506	3493	3390
f 	3506	3390	3507
f 	3506	3507	3508
f 	3506	3508	3509
f 	3506	3509	3502
f 	3506	3502	3387
f 	3506	3387	3386
f 	3506	3386	3503
f 	3506	3503	3504
f 	3506	3504	3505
f 	1759	1760	1749
f 	1759	1749	1750
f 	1759	1750	1752
f 	1759	1752	1754
f 	1759	1754	1755
f 	1759	1755	1611
f 	1759	1611	1601
f 	1759	1601	1600
f 	1759	1600	1757
f 	1759	1757	1758
f 	1913	1901	1797
f 	1913	1797	1796
f 	1913	1796	1914
f 	1913	1914	1915
f 	1913	1915	1909
f 	1913	1909	1793
f 	1913	1793	1792
f 	1913	1792	1910
f 	1913	1910	1911
f 	1913	1911	1912
f 	17568	17569	17570
f 	17568	17570	17405
f 	17504	17501	17507
f 	17504	17507	17376
f 	17558	17559	17560
f 	17558	17560	17401
f 	16779	16778	16777
f 	16779	16777	16766
f 	17664	16803	17665
f 	17664	17665	17179
f 	17692	16759	17690
f 	17692	17690	16807
f 	17676	16789	16787
f 	17676	16787	16756
f 	17487	17436	17486
f 	17487	17486	17478
f 	17650	17174	17649
f 	17650	17649	16798
f 	17573	17439	16877
f 	17573	16877	16876
f 	17547	17394	17546
f 	17547	17546	17528
f 	17636	17168	17634
f 	17636	17634	16792
f 	17480	17432	17481
f 	17480	17481	17477
f 	17684	16761	17685
f 	17684	17685	16809
f 	17572	17571	17472
f 	17572	17472	17427
f 	17645	17172	17644
f 	17645	17644	16796
f 	17469	17428	17470
f 	17469	17470	17471
f 	17637	16793	17635
f 	17637	17635	17169
f 	17640	17170	17639
f 	17640	17639	16794
f 	17563	17402	17562
f 	17563	17562	17561
f 	17511	17377	17510
f 	17511	17510	17503
f 	17531	17530	17534
f 	17531	17534	17388
f 	17498	17499	17500
f 	17498	17500	17372
f 	17545	17529	17542
f 	17545	17542	17393
f 	17488	17489	17490
f 	17488	17490	17368
f 	17505	17373	17506
f 	17505	17506	17502
f 	17519	17381	17518
f 	17519	17518	17517
f 	17522	17523	17535
f 	17522	17535	17384
f 	17554	17398	17553
f 	17554	17553	17526
f 	16785	16764	16786
f 	16785	16786	16788
f 	17182	17180	17667
f 	17182	17667	16804
f 	17693	16806	17691
f 	17693	17691	16758
f 	17659	16801	17657
f 	17659	17657	17177
f 	16745	16742	16741
f 	16745	16741	16746
f 	16747	16748	16744
f 	16747	16744	16743
f 	17651	16799	17652
f 	17651	17652	17175
f 	17663	17178	17662
f 	17663	17662	16802
f 	17687	16808	17686
f 	17687	17686	16760
f 	17678	16763	17677
f 	17678	17677	16811
f 	17474	17475	17473
f 	17474	17473	17431
f 	17532	17385	17533
f 	17532	17533	17525
f 	17641	16795	17642
f 	17641	17642	17171
f 	17696	16757	17695
f 	17696	17695	16805
f 	17514	17515	17516
f 	17514	17516	17380
f 	17181	16753	16752
f 	17181	16752	16754
f 	17495	17369	17493
f 	17495	17493	17491
f 	17658	17176	17655
f 	17658	17655	16800
f 	17479	17476	17482
f 	17479	17482	17435
f 	17551	17527	17552
f 	17551	17552	17397
f 	17646	16797	17647
f 	17646	17647	17173
f 	17680	16810	17679
f 	17680	17679	16762
f 	3374	3373	3514
f 	3374	3514	3515
f 	3374	3515	3516
f 	3374	3516	3503
f 	3374	3503	3386
f 	3374	3386	3517
f 	3374	3517	3518
f 	3374	3518	3519
f 	3374	3519	3513
f 	3374	3513	3383
f 	3395	3483	3484
f 	3395	3484	3485
f 	3395	3485	3486
f 	3395	3486	3474
f 	3395	3474	3400
f 	3395	3400	3399
f 	3395	3399	3487
f 	3395	3487	3488
f 	3395	3488	3482
f 	3395	3482	3396
f 	3153	3154	3155
f 	3153	3155	3156
f 	3153	3156	3157
f 	3153	3157	3138
f 	3153	3138	3137
f 	3153	3137	3144
f 	3153	3144	3146
f 	3153	3146	3152
f 	3153	3152	3151
f 	3153	3151	3150
f 	659	853	854
f 	659	854	855
f 	659	855	850
f 	659	850	843
f 	659	843	655
f 	659	655	656
f 	659	656	856
f 	659	856	857
f 	659	857	851
f 	659	851	852
f 	3290	3291	3292
f 	3290	3292	3293
f 	3290	3293	3294
f 	3290	3294	3274
f 	3290	3274	3273
f 	3290	3273	3286
f 	3290	3286	3295
f 	3290	3295	3287
f 	3290	3287	3288
f 	3290	3288	3289
f 	3400	3474	3475
f 	3400	3475	3476
f 	3400	3476	3471
f 	3400	3471	3464
f 	3400	3464	3404
f 	3400	3404	3403
f 	3400	3403	3477
f 	3400	3477	3478
f 	3400	3478	3472
f 	3400	3472	3473
f 	595	590	575
f 	595	575	574
f 	595	574	573
f 	595	573	428
f 	595	428	427
f 	595	427	596
f 	595	596	591
f 	595	591	592
f 	595	592	593
f 	595	593	594
f 	3371	3364	3367
f 	3371	3367	3368
f 	3371	3368	3372
f 	3371	3372	3373
f 	3371	3373	3374
f 	3371	3374	3375
f 	3371	3375	3376
f 	3371	3376	3377
f 	3371	3377	3369
f 	3371	3369	3370
f 	1797	1901	1902
f 	1797	1902	1903
f 	1797	1903	1898
f 	1797	1898	1891
f 	1797	1891	1801
f 	1797	1801	1800
f 	1797	1800	1904
f 	1797	1904	1905
f 	1797	1905	1899
f 	1797	1899	1900
f 	2137	2136	2090
f 	2137	2090	2089
f 	2137	2089	2149
f 	2137	2149	1716
f 	2137	1716	1715
f 	2137	1715	2150
f 	2137	2150	2146
f 	2137	2146	2147
f 	2137	2147	2148
f 	2137	2148	2145
f 	3126	3142	3312
f 	3126	3312	3313
f 	3126	3313	3314
f 	3126	3314	3315
f 	3126	3315	3291
f 	3126	3291	3290
f 	3126	3290	3316
f 	3126	3316	3303
f 	3126	3303	3305
f 	3126	3305	3311
f 	3126	3311	3310
f 	3126	3310	3309
f 	427	428	429
f 	427	429	430
f 	427	430	431
f 	427	431	432
f 	427	432	415
f 	427	415	418
f 	427	418	420
f 	427	420	426
f 	427	426	425
f 	427	425	424
f 	677	714	711
f 	677	711	712
f 	677	712	715
f 	677	715	716
f 	677	716	673
f 	677	673	717
f 	677	717	718
f 	677	718	719
f 	677	719	713
f 	677	713	676
f 	1715	1716	1717
f 	1715	1717	1718
f 	1715	1718	1719
f 	1715	1719	1720
f 	1715	1720	1703
f 	1715	1703	1706
f 	1715	1706	1708
f 	1715	1708	1714
f 	1715	1714	1713
f 	1715	1713	1712
f 	415	432	552
f 	415	552	553
f 	415	553	548
f 	415	548	546
f 	415	546	396
f 	415	396	395
f 	415	395	554
f 	415	554	409
f 	415	409	411
f 	415	411	549
f 	415	549	550
f 	415	550	551
f 	664	765	862
f 	664	862	863
f 	664	863	864
f 	664	864	853
f 	664	853	659
f 	664	659	660
f 	664	660	865
f 	664	865	866
f 	664	866	861
f 	664	861	663
f 	1703	1720	2067
f 	1703	2067	2078
f 	1703	2078	2068
f 	1703	2068	2070
f 	1703	2070	1684
f 	1703	1684	1683
f 	1703	1683	2079
f 	1703	2079	1697
f 	1703	1697	1699
f 	1703	1699	2075
f 	1703	2075	2076
f 	1703	2076	2077
f 	15286	15292	15281
f 	15286	15281	15284
f 	17054	17052	17050
f 	17153	17154	17150
f 	7335	7325	7336
f 	7335	7336	6882
f 	7335	6882	6884
f 	7335	6884	6886
f 	7335	6886	6888
f 	7335	6888	6890
f 	7335	6890	6892
f 	7335	6892	7337
f 	7335	7337	6893
f 	7335	6893	7333
f 	7335	7333	7329
f 	7335	7329	7327
f 	5596	5590	5597
f 	5596	5597	5598
f 	5596	5598	5599
f 	5596	5599	5600
f 	5596	5600	5601
f 	5596	5601	5602
f 	5596	5602	5603
f 	5596	5603	5604
f 	5596	5604	5580
f 	5596	5580	5579
f 	5596	5579	5593
f 	5596	5593	5591
f 	4372	4366	4373
f 	4372	4373	4294
f 	4372	4294	4296
f 	4372	4296	4298
f 	4372	4298	4300
f 	4372	4300	4302
f 	4372	4302	4304
f 	4372	4304	4374
f 	4372	4374	4305
f 	4372	4305	4357
f 	4372	4357	4369
f 	4372	4369	4367
f 	11544	11568	11569
f 	11544	11569	11566
f 	11544	11566	11545
f 	11570	11543	10639
f 	11570	10639	11567
f 	11570	11567	11571
f 	10420	10404	10421
f 	10733	10744	10743
f 	10733	10743	10705
f 	10733	10705	10662
f 	10733	10662	10682
f 	10733	10682	10788
f 	10733	10788	10789
f 	10733	10789	10790
f 	16935	16984	16987
f 	16937	16935	16941
f 	16977	17702	16986
f 	8276	8275	8223
f 	8276	8223	8312
f 	8276	8312	8313
f 	8276	8313	8309
f 	10572	10570	10571
f 	8444	8430	8429
f 	8444	8429	8445
f 	16935	16934	16991
f 	16935	16991	16977
f 	12212	12242	12204
f 	12189	12180	12193
f 	7181	7140	7139
f 	7181	7139	7188
f 	7181	7188	7189
f 	7181	7189	7190
f 	7181	7190	7136
f 	7181	7136	7135
f 	7181	7135	7191
f 	7181	7191	7192
f 	7181	7192	7193
f 	7181	7193	7194
f 	5875	5864	5880
f 	5875	5880	5881
f 	5875	5881	5882
f 	5875	5882	5883
f 	5875	5883	5861
f 	5875	5861	5860
f 	5875	5860	5884
f 	5875	5884	5885
f 	5875	5885	5886
f 	5875	5886	5638
f 	4621	4443	4614
f 	4621	4614	4615
f 	4621	4615	4616
f 	4621	4616	4617
f 	4621	4617	4446
f 	4621	4446	4447
f 	4621	4447	4618
f 	4621	4618	4619
f 	4621	4619	4620
f 	4621	4620	4408
f 	4073	4072	4153
f 	4073	4153	4154
f 	4073	4154	4155
f 	4073	4155	4156
f 	4073	4156	4157
f 	4073	4157	4158
f 	4073	4158	4159
f 	4073	4159	4160
f 	4073	4160	4161
f 	4073	4161	4151
f 	4431	4430	4439
f 	4431	4439	4634
f 	4431	4634	4635
f 	4431	4635	4636
f 	4431	4636	4442
f 	4431	4442	4443
f 	4431	4443	4621
f 	4431	4621	4633
f 	4431	4633	4412
f 	4431	4412	4413
f 	8353	8216	8217
f 	8353	8217	8330
f 	8353	8330	8329
f 	8353	8329	8351
f 	8353	8351	8354
f 	8353	8354	8270
f 	8353	8270	8267
f 	8353	8267	8355
f 	8353	8355	8356
f 	8353	8356	8357
f 	8353	8357	8358
f 	8353	8358	8359
f 	8353	8359	8360
f 	8353	8360	8361
f 	8353	8361	8362
f 	8353	8362	8363
f 	8353	8363	8352
f 	17228	17283	17189
f 	17228	17189	17188
f 	17228	17188	17187
f 	17421	17420	17332
f 	17421	17332	17288
f 	17421	17288	17331
f 	9035	9036	9037
f 	9035	9037	9038
f 	9035	9038	9039
f 	9035	9039	9040
f 	9035	9040	9041
f 	9035	9041	9042
f 	9035	9042	9043
f 	9035	9043	9044
f 	9035	9044	9045
f 	9035	9045	9046
f 	9035	9046	9047
f 	9035	9047	9048
f 	9035	9048	9049
f 	9035	9049	9050
f 	9035	9050	9051
f 	9035	9051	9052
f 	9035	9052	9053
f 	9035	9053	9054
f 	9035	9054	9055
f 	9035	9055	9056
f 	9035	9056	9057
f 	9035	9057	9058
f 	9035	9058	9059
f 	9035	9059	9060
f 	9035	9060	8976
f 	9035	8976	8977
f 	9035	8977	8978
f 	9035	8978	8979
f 	9035	8979	8980
f 	9035	8980	8981
f 	9035	8981	8982
f 	9035	8982	8983
f 	9035	8983	8984
f 	9035	8984	8985
f 	9035	8985	8986
f 	9035	8986	8987
f 	9035	8987	8988
f 	9035	8988	8989
f 	9035	8989	8990
f 	9035	8990	8991
f 	9035	8991	8992
f 	9035	8992	8993
f 	9035	8993	8994
f 	9035	8994	8995
f 	9035	8995	8996
f 	9035	8996	8997
f 	9035	8997	8998
f 	9035	8998	8999
f 	9035	8999	9000
f 	9035	9000	9001
f 	9035	9001	9002
f 	9035	9002	9003
f 	9035	9003	9004
f 	9035	9004	9005
f 	9035	9005	9006
f 	9035	9006	9007
f 	9035	9007	9008
f 	9035	9008	9009
f 	9035	9009	9010
f 	9035	9010	9011
f 	9035	9011	9012
f 	9035	9012	9013
f 	9035	9013	9014
f 	9035	9014	8975
f 	9035	8975	8974
f 	9035	8974	9015
f 	9035	9015	9016
f 	9035	9016	9017
f 	9035	9017	9018
f 	9035	9018	9019
f 	9035	9019	9020
f 	9035	9020	8886
f 	9035	8886	8885
f 	9035	8885	9021
f 	9035	9021	9022
f 	9035	9022	9023
f 	9035	9023	9024
f 	9035	9024	9025
f 	9035	9025	9026
f 	9035	9026	9027
f 	9035	9027	9028
f 	9035	9028	9029
f 	9035	9029	9030
f 	9035	9030	9031
f 	9035	9031	9032
f 	9035	9032	9033
f 	9035	9033	9034
f 	16975	16976	16977
f 	12179	12184	12186
f 	12212	12245	12244
f 	12183	12180	12185
f 	12221	12213	12222
f 	17023	17010	17007
f 	17023	17007	17024
f 	9964	9965	9961
f 	9964	9961	9960
f 	17228	17187	17227
f 	17228	17227	17229
f 	17422	17421	17331
f 	17422	17331	17330
f 	17060	17061	17058
f 	17142	17141	17143
f 	11547	10639	10640
f 	11212	10748	11256
f 	11212	11256	11253
f 	11212	11253	11252
f 	11212	11252	11213
f 	8432	8428	8282
f 	8432	8282	8431
f 	3673	3342	3345
f 	3673	3345	3347
f 	3673	3347	3640
f 	3673	3640	3710
f 	3673	3710	3711
f 	3673	3711	3712
f 	3673	3712	3713
f 	3673	3713	3708
f 	3673	3708	3709
f 	3240	3241	3242
f 	3240	3242	3243
f 	3240	3243	3244
f 	3240	3244	3234
f 	3240	3234	3236
f 	3240	3236	3245
f 	3240	3245	3246
f 	3240	3246	3238
f 	3240	3238	3239
f 	3191	3192	3193
f 	3191	3193	3194
f 	3191	3194	3178
f 	3191	3178	3188
f 	3191	3188	3195
f 	3191	3195	3196
f 	3191	3196	3197
f 	3191	3197	3189
f 	3191	3189	3190
f 	346	347	348
f 	346	348	349
f 	346	349	318
f 	346	318	340
f 	346	340	342
f 	346	342	350
f 	346	350	351
f 	346	351	344
f 	346	344	345
f 	298	473	474
f 	298	474	475
f 	298	475	467
f 	298	467	476
f 	298	476	477
f 	298	477	478
f 	298	478	472
f 	298	472	333
f 	298	333	307
f 	3433	3434	3430
f 	3433	3430	3426
f 	3433	3426	3412
f 	3433	3412	3411
f 	3433	3411	3435
f 	3433	3435	3436
f 	3433	3436	3437
f 	3433	3437	3432
f 	3433	3432	3408
f 	814	815	811
f 	814	811	807
f 	814	807	816
f 	814	816	648
f 	814	648	817
f 	814	817	818
f 	814	818	819
f 	814	819	813
f 	814	813	651
f 	7093	7094	7086
f 	7093	7086	7087
f 	7093	7087	7088
f 	7093	7088	7085
f 	7093	7085	7084
f 	7093	7084	7089
f 	7093	7089	7090
f 	7093	7090	7091
f 	7093	7091	7092
f 	7281	7127	7445
f 	7281	7445	7446
f 	7281	7446	7447
f 	7281	7447	7448
f 	7281	7448	7124
f 	7281	7124	7122
f 	7281	7122	7287
f 	7281	7287	7285
f 	7281	7285	7284
f 	3263	3264	3265
f 	3263	3265	3266
f 	3263	3266	3239
f 	3263	3239	3267
f 	3263	3267	3260
f 	3263	3260	3259
f 	3263	3259	3268
f 	3263	3268	3261
f 	3263	3261	3262
f 	3650	3651	3652
f 	3650	3652	3653
f 	3650	3653	3654
f 	3650	3654	3646
f 	3650	3646	3647
f 	3650	3647	3655
f 	3650	3655	3656
f 	3650	3656	3649
f 	3650	3649	3244
f 	368	369	370
f 	368	370	371
f 	368	371	345
f 	368	345	372
f 	368	372	365
f 	368	365	364
f 	368	364	373
f 	368	373	366
f 	368	366	367
f 	633	634	635
f 	633	635	636
f 	633	636	620
f 	633	620	630
f 	633	630	637
f 	633	637	638
f 	633	638	639
f 	633	639	631
f 	633	631	632
f 	7106	7107	7099
f 	7106	7099	7100
f 	7106	7100	7101
f 	7106	7101	7102
f 	7106	7102	7098
f 	7106	7098	7094
f 	7106	7094	7103
f 	7106	7103	7104
f 	7106	7104	7105
f 	1633	1634	1635
f 	1633	1635	1636
f 	1633	1636	1637
f 	1633	1637	1627
f 	1633	1627	1629
f 	1633	1629	1638
f 	1633	1638	1639
f 	1633	1639	1631
f 	1633	1631	1632
f 	1988	1569	1572
f 	1988	1572	1574
f 	1988	1574	1992
f 	1988	1992	1993
f 	1988	1993	1994
f 	1988	1994	1995
f 	1988	1995	1996
f 	1988	1996	1990
f 	1988	1990	1991
f 	319	320	321
f 	319	321	322
f 	319	322	304
f 	319	304	312
f 	319	312	315
f 	319	315	323
f 	319	323	324
f 	319	324	317
f 	319	317	318
f 	3179	3180	3181
f 	3179	3181	3169
f 	3179	3169	3168
f 	3179	3168	3174
f 	3179	3174	3175
f 	3179	3175	3182
f 	3179	3182	3183
f 	3179	3183	3177
f 	3179	3177	3178
f 	1858	1859	1860
f 	1858	1860	1861
f 	1858	1861	1846
f 	1858	1846	1808
f 	1858	1808	1862
f 	1858	1862	1863
f 	1858	1863	1864
f 	1858	1864	1857
f 	1858	1857	1805
f 	3452	3453	3449
f 	3452	3449	3445
f 	3452	3445	3408
f 	3452	3408	3407
f 	3452	3407	3454
f 	3452	3454	3455
f 	3452	3455	3456
f 	3452	3456	3451
f 	3452	3451	3404
f 	5630	5856	5916
f 	5630	5916	5918
f 	5630	5918	5922
f 	5630	5922	5921
f 	5630	5921	5853
f 	5630	5853	5851
f 	5630	5851	5923
f 	5630	5923	5924
f 	5630	5924	5925
f 	4400	4451	4564
f 	4400	4564	4565
f 	4400	4565	4566
f 	4400	4566	4567
f 	4400	4567	4454
f 	4400	4454	4568
f 	4400	4568	4558
f 	4400	4558	4562
f 	4400	4562	4563
f 	3351	3363	3362
f 	3351	3362	3364
f 	3351	3364	3371
f 	3351	3371	3731
f 	3351	3731	3732
f 	3351	3732	3733
f 	3351	3733	3734
f 	3351	3734	3639
f 	3351	3639	3640
f 	7309	7089	7383
f 	7309	7383	7384
f 	7309	7384	7385
f 	7309	7385	7386
f 	7309	7386	7387
f 	7309	7387	7371
f 	7309	7371	7370
f 	7309	7370	7382
f 	7309	7382	7310
f 	7271	7131	7452
f 	7271	7452	7453
f 	7271	7453	7454
f 	7271	7454	7455
f 	7271	7455	7128
f 	7271	7128	7127
f 	7271	7127	7276
f 	7271	7276	7274
f 	7271	7274	7273
f 	487	685	686
f 	487	686	687
f 	487	687	681
f 	487	681	688
f 	487	688	689
f 	487	689	690
f 	487	690	691
f 	487	691	684
f 	487	684	467
f 	621	622	623
f 	621	623	613
f 	621	613	612
f 	621	612	616
f 	621	616	617
f 	621	617	624
f 	621	624	625
f 	621	625	619
f 	621	619	620
f 	3719	3665	3667
f 	3719	3667	3669
f 	3719	3669	3709
f 	3719	3709	3717
f 	3719	3717	3720
f 	3719	3720	3721
f 	3719	3721	3722
f 	3719	3722	3718
f 	3719	3718	3654
f 	1656	1657	1658
f 	1656	1658	1659
f 	1656	1659	1632
f 	1656	1632	1660
f 	1656	1660	1653
f 	1656	1653	1652
f 	1656	1652	1661
f 	1656	1661	1654
f 	1656	1654	1655
f 	1815	1816	1817
f 	1815	1817	1818
f 	1815	1818	1819
f 	1815	1819	1820
f 	1815	1820	1821
f 	1815	1821	1822
f 	1815	1822	1823
f 	1815	1823	1810
f 	1815	1810	1814
f 	2005	2006	2007
f 	2005	2007	2008
f 	2005	2008	2009
f 	2005	2009	2001
f 	2005	2001	2002
f 	2005	2002	2010
f 	2005	2010	2011
f 	2005	2011	2004
f 	2005	2004	1637
f 	4534	4535	4456
f 	4534	4456	4529
f 	4534	4529	4530
f 	4534	4530	4531
f 	4534	4531	4528
f 	4534	4528	4459
f 	4534	4459	4532
f 	4534	4532	4533
f 	4534	4533	4395
f 	5818	5819	5812
f 	5818	5812	5813
f 	5818	5813	5814
f 	5818	5814	5815
f 	5818	5815	5811
f 	5818	5811	5794
f 	5818	5794	5816
f 	5818	5816	5817
f 	5818	5817	5625
f 	305	306	302
f 	305	302	294
f 	305	294	307
f 	305	307	308
f 	305	308	309
f 	305	309	310
f 	305	310	311
f 	305	311	303
f 	305	303	304
f 	5835	5836	5828
f 	5835	5828	5829
f 	5835	5829	5830
f 	5835	5830	5831
f 	5835	5831	5827
f 	5835	5827	5819
f 	5835	5819	5832
f 	5835	5832	5833
f 	5835	5833	5834
f 	4591	4581	4584
f 	4591	4584	4588
f 	4591	4588	4589
f 	4591	4589	4590
f 	4591	4590	4587
f 	4591	4587	4535
f 	4591	4535	4548
f 	4591	4548	4550
f 	4591	4550	4552
f 	833	834	830
f 	833	830	826
f 	833	826	651
f 	833	651	652
f 	833	652	835
f 	833	835	836
f 	833	836	837
f 	833	837	832
f 	833	832	655
f 	1578	1590	1589
f 	1578	1589	1591
f 	1578	1591	1598
f 	1578	1598	2045
f 	1578	2045	2046
f 	1578	2046	2048
f 	1578	2048	2049
f 	1578	2049	2042
f 	1578	2042	1992
f 	2098	2097	2120
f 	2098	2120	2121
f 	2098	2121	2122
f 	2098	2122	2123
f 	2098	2123	2124
f 	2098	2124	2125
f 	2098	2125	2126
f 	2098	2126	2119
f 	2098	2119	1819
f 	5622	5794	5789
f 	5622	5789	5790
f 	5622	5790	5791
f 	5622	5791	5792
f 	5622	5792	5793
f 	5622	5793	5777
f 	5622	5777	5776
f 	5622	5776	5788
f 	5622	5788	5621
f 	4392	4459	4460
f 	4392	4460	4515
f 	4392	4515	4516
f 	4392	4516	4517
f 	4392	4517	4518
f 	4392	4518	4463
f 	4392	4463	4504
f 	4392	4504	4514
f 	4392	4514	4391
f 	2021	2018	2019
f 	2021	2019	1989
f 	2021	1989	1991
f 	2021	1991	2022
f 	2021	2022	2023
f 	2021	2023	2024
f 	2021	2024	2025
f 	2021	2025	2020
f 	2021	2020	2009
f 	3416	3417	3418
f 	3416	3418	3419
f 	3416	3419	3420
f 	3416	3420	3421
f 	3416	3421	3422
f 	3416	3422	3423
f 	3416	3423	3414
f 	3416	3414	3413
f 	3416	3413	3412
f 	1879	1880	1876
f 	1879	1876	1872
f 	1879	1872	1805
f 	1879	1805	1804
f 	1879	1804	1881
f 	1879	1881	1882
f 	1879	1882	1883
f 	1879	1883	1878
f 	1879	1878	1801
f 	805	804	885
f 	805	885	886
f 	805	886	887
f 	805	887	888
f 	805	888	889
f 	805	889	890
f 	805	890	883
f 	805	883	882
f 	805	882	816
f 	7121	7122	7115
f 	7121	7115	7116
f 	7121	7116	7117
f 	7121	7117	7113
f 	7121	7113	7110
f 	7121	7110	7107
f 	7121	7107	7118
f 	7121	7118	7119
f 	7121	7119	7120
f 	4404	4447	4600
f 	4404	4600	4601
f 	4404	4601	4602
f 	4404	4602	4603
f 	4404	4603	4450
f 	4404	4450	4451
f 	4404	4451	4604
f 	4404	4604	4605
f 	4404	4605	4606
f 	5634	5860	5902
f 	5634	5902	5904
f 	5634	5904	5908
f 	5634	5908	5907
f 	5634	5907	5857
f 	5634	5857	5856
f 	5634	5856	5909
f 	5634	5909	5910
f 	5634	5910	5911
f 	1847	1848	1849
f 	1847	1849	1850
f 	1847	1850	1843
f 	1847	1843	1840
f 	1847	1840	1851
f 	1847	1851	1852
f 	1847	1852	1853
f 	1847	1853	1845
f 	1847	1845	1846
f 	5850	5851	5844
f 	5850	5844	5845
f 	5850	5845	5846
f 	5850	5846	5842
f 	5850	5842	5839
f 	5850	5839	5836
f 	5850	5836	5847
f 	5850	5847	5848
f 	5850	5848	5849
f 	4556	4568	4572
f 	4556	4572	4574
f 	4556	4574	4580
f 	4556	4580	4579
f 	4556	4579	4578
f 	4556	4578	4581
f 	4556	4581	4582
f 	4556	4582	4583
f 	4556	4583	4555
f 	12429	12419	12418
f 	12429	12418	12430
f 	12429	12430	12431
f 	12429	12431	12432
f 	12429	12432	12433
f 	12429	12433	12420
f 	12429	12420	12421
f 	12429	12421	12422
f 	12429	12422	12423
f 	12429	12423	12424
f 	12429	12424	12425
f 	12429	12425	12426
f 	12429	12426	12427
f 	12429	12427	12428
f 	17108	16919	16950
f 	16920	17041	17040
f 	16698	16699	16700
f 	16698	16700	16701
f 	16698	16701	16702
f 	16698	16702	16703
f 	16698	16703	16704
f 	16698	16704	16705
f 	16698	16705	16706
f 	16698	16706	16707
f 	16698	16707	16708
f 	16698	16708	16709
f 	16698	16709	16710
f 	16698	16710	16711
f 	16698	16711	16694
f 	16698	16694	16695
f 	16698	16695	16683
f 	16698	16683	16682
f 	16698	16682	16684
f 	16698	16684	16685
f 	16698	16685	16686
f 	16698	16686	16687
f 	16698	16687	16688
f 	16698	16688	16689
f 	16698	16689	16690
f 	16698	16690	16691
f 	16698	16691	16693
f 	16698	16693	16696
f 	16698	16696	16697
f 	7730	7945	7944
f 	7730	7944	7943
f 	7730	7943	7729
f 	7730	7729	7728
f 	7730	7728	7762
f 	7730	7762	7761
f 	7730	7761	7763
f 	7730	7763	7791
f 	7730	7791	7779
f 	7730	7779	7790
f 	7730	7790	7820
f 	7730	7820	7821
f 	7730	7821	7847
f 	7730	7847	7846
f 	7730	7846	7756
f 	7730	7756	7757
f 	7730	7757	7758
f 	7730	7758	7759
f 	7730	7759	7760
f 	7730	7760	7722
f 	7730	7722	7649
f 	7730	7649	7648
f 	7730	7648	7650
f 	7730	7650	7651
f 	7730	7651	7652
f 	7730	7652	7723
f 	7730	7723	7724
f 	7730	7724	7725
f 	7730	7725	7726
f 	7730	7726	7727
f 	7730	7727	7740
f 	7730	7740	7739
f 	7730	7739	7738
f 	7730	7738	7737
f 	7730	7737	7736
f 	7730	7736	7735
f 	7730	7735	7734
f 	7730	7734	7733
f 	7730	7733	7732
f 	7730	7732	7731
f 	16643	16644	16645
f 	16643	16645	16646
f 	16643	16646	16647
f 	16643	16647	16648
f 	16643	16648	16649
f 	16643	16649	16650
f 	16643	16650	16651
f 	16643	16651	16652
f 	16643	16652	16626
f 	16643	16626	16627
f 	16643	16627	16625
f 	16643	16625	16624
f 	16643	16624	16628
f 	16643	16628	16629
f 	16643	16629	16630
f 	16643	16630	16631
f 	16643	16631	16632
f 	16643	16632	16633
f 	16643	16633	16634
f 	16643	16634	16635
f 	16643	16635	16636
f 	16643	16636	16637
f 	16643	16637	16638
f 	16643	16638	16639
f 	16643	16639	16640
f 	16643	16640	16641
f 	16643	16641	16642
f 	12204	12238	12237
f 	12140	12141	12139
f 	12140	12139	12138
f 	12160	12159	12166
f 	12160	12166	12165
f 	17426	17425	17327
f 	17426	17327	17326
f 	17232	17224	17223
f 	17232	17223	17233
f 	16353	16354	16351
f 	16353	16351	16350
f 	16306	16304	16325
f 	16306	16325	16311
f 	16367	16371	16356
f 	16367	16356	16355
f 	16324	16293	16292
f 	16324	16292	16323
f 	16302	16305	16307
f 	16302	16307	16303
f 	16325	16293	16324
f 	16325	16324	16311
f 	16353	16355	16356
f 	16353	16356	16354
f 	16348	16352	16370
f 	16348	16370	16349
f 	16302	16304	16306
f 	16302	16306	16305
f 	16351	16352	16348
f 	16351	16348	16350
f 	16292	16303	16307
f 	16292	16307	16323
f 	16367	16349	16370
f 	16367	16370	16371
f 	10682	10662	10663
f 	10682	10663	10664
f 	10682	10664	10665
f 	10682	10665	10661
f 	10682	10661	10392
f 	10682	10392	10391
f 	10682	10391	10666
f 	10682	10666	10667
f 	10682	10667	10668
f 	10682	10668	10669
f 	10682	10669	10670
f 	10682	10670	10671
f 	10682	10671	10672
f 	10682	10672	10673
f 	10682	10673	10674
f 	10682	10674	10675
f 	10682	10675	10676
f 	10682	10676	10677
f 	10682	10677	10678
f 	10682	10678	10679
f 	10682	10679	10680
f 	10682	10680	10681
f 	10698	10700	10856
f 	12178	12144	12179
f 	12178	12179	12180
f 	12215	12169	12212
f 	12215	12212	12213
f 	16770	16769	16812
f 	16770	16812	17350
f 	11568	11570	11571
f 	11568	11571	11569
f 	12208	12206	12207
f 	7345	7344	7356
f 	7345	7356	7318
f 	7345	7318	7317
f 	7345	7317	7357
f 	7345	7357	7358
f 	7345	7358	7359
f 	7345	7359	7360
f 	7345	7360	7361
f 	7345	7361	7362
f 	7345	7362	7363
f 	6882	7336	7343
f 	6882	7343	7322
f 	6882	7322	7321
f 	6882	7321	7344
f 	6882	7344	7345
f 	6882	7345	7346
f 	6882	7346	7347
f 	6882	7347	7348
f 	6882	7348	7349
f 	6882	7349	7350
f 	7358	7357	7369
f 	7358	7369	7314
f 	7358	7314	7313
f 	7358	7313	7370
f 	7358	7370	7371
f 	7358	7371	7372
f 	7358	7372	7373
f 	7358	7373	7374
f 	7358	7374	7375
f 	7358	7375	7376
f 	5547	5558	5559
f 	5547	5559	5560
f 	5547	5560	5445
f 	5547	5445	5561
f 	5547	5561	5562
f 	5547	5562	5563
f 	5547	5563	5564
f 	5547	5564	5565
f 	5547	5565	5566
f 	5547	5566	5557
f 	4194	4333	4334
f 	4194	4334	4335
f 	4194	4335	4336
f 	4194	4336	4337
f 	4194	4337	4318
f 	4194	4318	4338
f 	4194	4338	4339
f 	4194	4339	4340
f 	4194	4340	4341
f 	4194	4341	4322
f 	5598	5597	5749
f 	5598	5749	5609
f 	5598	5609	5610
f 	5598	5610	5750
f 	5598	5750	5751
f 	5598	5751	5752
f 	5598	5752	5753
f 	5598	5753	5748
f 	5598	5748	5744
f 	5598	5744	5742
f 	5764	5763	5775
f 	5764	5775	5617
f 	5764	5617	5618
f 	5764	5618	5776
f 	5764	5776	5777
f 	5764	5777	5778
f 	5764	5778	5779
f 	5764	5779	5780
f 	5764	5780	5781
f 	5764	5781	5782
f 	4467	4493	4503
f 	4467	4503	4387
f 	4467	4387	4388
f 	4467	4388	4504
f 	4467	4504	4463
f 	4467	4463	4464
f 	4467	4464	4505
f 	4467	4505	4506
f 	4467	4506	4507
f 	4467	4507	4508
f 	6906	7408	7409
f 	6906	7409	7410
f 	6906	7410	7411
f 	6906	7411	7333
f 	6906	7333	6893
f 	6906	6893	6896
f 	6906	6896	6898
f 	6906	6898	6900
f 	6906	6900	6902
f 	6906	6902	6904
f 	4471	4482	4492
f 	4471	4492	4383
f 	4471	4383	4384
f 	4471	4384	4493
f 	4471	4493	4467
f 	4471	4467	4468
f 	4471	4468	4494
f 	4471	4494	4495
f 	4471	4495	4496
f 	4471	4496	4497
f 	5751	5750	5762
f 	5751	5762	5613
f 	5751	5613	5614
f 	5751	5614	5763
f 	5751	5763	5764
f 	5751	5764	5765
f 	5751	5765	5766
f 	5751	5766	5767
f 	5751	5767	5768
f 	5751	5768	5769
f 	15275	15260	15259
f 	15275	15259	15276
f 	14966	14967	14968
f 	14966	14968	14969
f 	14978	14979	14980
f 	14978	14980	14981
f 	14974	14975	14976
f 	14974	14976	14977
f 	15516	15517	15518
f 	15516	15518	15519
f 	14970	14971	14972
f 	14970	14972	14973
f 	15272	15271	15253
f 	15272	15253	15252
f 	10785	10787	10733
f 	10785	10733	10744
f 	10785	10744	10786
f 	10785	10786	10784
f 	10706	10707	10708
f 	10706	10708	10709
f 	10706	10709	10710
f 	10706	10710	10711
f 	10706	10711	10712
f 	10706	10712	10713
f 	10706	10713	10714
f 	10706	10714	10715
f 	10706	10715	10716
f 	10706	10716	10717
f 	10706	10717	10718
f 	10706	10718	10719
f 	10706	10719	10703
f 	10706	10703	10704
f 	10706	10704	10705
f 	10706	10705	10662
f 	10706	10662	10683
f 	10706	10683	10702
f 	10855	11255	11251
f 	10855	11251	11252
f 	10855	11252	11253
f 	10855	11253	11254
f 	15295	15287	15294
f 	15295	15294	15298
f 	8287	8285	8286
f 	8287	8286	8279
f 	16737	16738	16739
f 	16737	16739	16740
f 	16929	16930	16927
f 	16929	16927	16919
f 	17002	16920	16928
f 	17002	16928	16972
f 	8770	8771	8772
f 	8770	8772	8773
f 	8770	8773	8774
f 	8770	8774	8775
f 	8770	8775	8776
f 	8770	8776	8777
f 	8770	8777	8778
f 	8770	8778	8779
f 	8770	8779	8780
f 	8770	8780	8781
f 	8770	8781	8782
f 	8770	8782	8783
f 	8770	8783	8784
f 	8770	8784	8785
f 	8770	8785	8786
f 	8770	8786	8787
f 	8770	8787	8788
f 	8770	8788	8789
f 	8770	8789	8790
f 	8770	8790	8791
f 	8770	8791	8792
f 	8770	8792	8793
f 	8770	8793	8794
f 	8770	8794	8795
f 	8770	8795	8709
f 	8770	8709	8710
f 	8770	8710	8711
f 	8770	8711	8712
f 	8770	8712	8713
f 	8770	8713	8714
f 	8770	8714	8715
f 	8770	8715	8716
f 	8770	8716	8717
f 	8770	8717	8718
f 	8770	8718	8719
f 	8770	8719	8720
f 	8770	8720	8721
f 	8770	8721	8722
f 	8770	8722	8723
f 	8770	8723	8724
f 	8770	8724	8725
f 	8770	8725	8726
f 	8770	8726	8727
f 	8770	8727	8728
f 	8770	8728	8729
f 	8770	8729	8730
f 	8770	8730	8731
f 	8770	8731	8732
f 	8770	8732	8733
f 	8770	8733	8734
f 	8770	8734	8735
f 	8770	8735	8736
f 	8770	8736	8737
f 	8770	8737	8738
f 	8770	8738	8739
f 	8770	8739	8740
f 	8770	8740	8741
f 	8770	8741	8742
f 	8770	8742	8743
f 	8770	8743	8744
f 	8770	8744	8745
f 	8770	8745	8746
f 	8770	8746	8747
f 	8770	8747	8706
f 	8770	8706	8705
f 	8770	8705	8748
f 	8770	8748	8749
f 	8770	8749	8750
f 	8770	8750	8751
f 	8770	8751	8752
f 	8770	8752	8753
f 	8770	8753	8754
f 	8770	8754	8755
f 	8770	8755	8756
f 	8770	8756	8757
f 	8770	8757	8758
f 	8770	8758	8759
f 	8770	8759	8760
f 	8770	8760	8761
f 	8770	8761	8762
f 	8770	8762	8763
f 	8770	8763	8764
f 	8770	8764	8765
f 	8770	8765	8766
f 	8770	8766	8767
f 	8770	8767	8768
f 	8770	8768	8769
f 	17032	17033	17034
f 	17032	17034	17030
f 	17032	17030	16905
f 	17032	16905	17031
f 	16886	17112	17125
f 	16886	17125	17122
f 	10566	10567	10565
f 	10566	10565	10564
f 	8310	8311	8208
f 	8310	8208	8308
f 	8310	8308	8302
f 	8209	8210	8307
f 	8209	8307	8301
f 	7673	7668	7669
f 	7673	7669	7670
f 	7673	7670	7671
f 	7673	7671	7672
f 	17300	16839	16840
f 	17300	16840	17301
f 	17296	16835	16836
f 	17296	16836	17297
f 	17334	16815	16816
f 	17334	16816	17335
f 	17292	16831	16832
f 	17292	16832	17293
f 	17316	16855	16856
f 	17316	16856	17317
f 	17320	16859	16860
f 	17320	16860	17287
f 	17342	16823	16824
f 	17342	16824	17343
f 	17312	16851	16852
f 	17312	16852	17313
f 	17304	16843	16844
f 	17304	16844	17305
f 	17338	16819	16820
f 	17338	16820	17339
f 	17308	16847	16848
f 	17308	16848	17309
f 	16522	16523	16524
f 	16522	16524	16525
f 	16522	16525	16526
f 	16522	16526	16527
f 	16522	16527	16528
f 	16522	16528	16529
f 	16522	16529	16530
f 	16522	16530	16531
f 	16522	16531	16532
f 	16522	16532	16533
f 	16522	16533	16534
f 	16522	16534	16535
f 	16522	16535	16536
f 	16522	16536	16537
f 	16522	16537	16538
f 	16522	16538	16539
f 	16522	16539	16511
f 	16522	16511	16512
f 	16522	16512	16510
f 	16522	16510	16509
f 	16522	16509	16513
f 	16522	16513	16514
f 	16522	16514	16515
f 	16522	16515	16516
f 	16522	16516	16517
f 	16522	16517	16518
f 	16522	16518	16519
f 	16522	16519	16520
f 	16522	16520	16521
f 	16582	16583	16584
f 	16582	16584	16585
f 	16582	16585	16586
f 	16582	16586	16587
f 	16582	16587	16588
f 	16582	16588	16589
f 	16582	16589	16590
f 	16582	16590	16591
f 	16582	16591	16592
f 	16582	16592	16593
f 	16582	16593	16594
f 	16582	16594	16595
f 	16582	16595	16596
f 	16582	16596	16577
f 	16582	16577	16578
f 	16582	16578	16568
f 	16582	16568	16567
f 	16582	16567	16569
f 	16582	16569	16570
f 	16582	16570	16571
f 	16582	16571	16572
f 	16582	16572	16573
f 	16582	16573	16574
f 	16582	16574	16575
f 	16582	16575	16576
f 	16582	16576	16579
f 	16582	16579	16580
f 	16582	16580	16581
f 	17039	17037	17036
f 	17039	17036	17038
f 	17124	17110	17109
f 	17124	17109	17123
f 	9965	9964	9967
f 	9965	9967	9959
f 	9965	9959	9955
f 	9965	9955	9966
f 	9960	9961	9962
f 	9960	9962	9954
f 	9960	9954	9958
f 	9960	9958	9963
f 	16775	17102	16949
f 	16775	16949	16951
f 	16775	16951	16954
f 	16775	16954	17101
f 	16968	16967	16971
f 	16968	16971	17099
f 	16968	17099	16776
f 	16968	16776	17100
f 	12140	12177	12178
f 	12159	12216	12215
f 	12170	12166	12169
f 	12193	12202	12203
f 	12193	12203	12204
f 	12193	12204	12205
f 	12193	12205	12201
f 	17570	16772	16771
f 	17570	16771	17405
f 	16768	16767	16777
f 	16768	16777	16778
f 	12179	12190	12194
f 	12224	12213	12214
f 	11965	11958	11959
f 	11965	11959	11955
f 	11965	11955	10667
f 	11965	10667	10666
f 	11965	10666	10391
f 	11965	10391	11971
f 	11965	11971	11970
f 	11965	11970	11964
f 	11965	11964	11961
f 	11965	11961	11960
f 	11936	11937	10597
f 	11936	10597	11927
f 	11936	11927	11926
f 	11936	11926	10581
f 	11936	10581	11938
f 	11936	11938	11940
f 	11936	11940	11945
f 	11936	11945	11935
f 	10695	10694	10696
f 	10695	10696	10697
f 	10695	10697	10912
f 	10695	10912	11747
f 	10695	11747	11746
f 	10695	11746	11745
f 	10695	11745	11744
f 	10695	11744	11743
f 	10695	11743	11742
f 	10695	11742	11741
f 	10695	11741	11748
f 	10695	11748	11749
f 	10695	11749	11750
f 	10695	11750	11740
f 	10695	11740	11739
f 	10695	11739	11738
f 	10695	11738	11737
f 	10695	11737	11736
f 	10695	11736	11735
f 	10695	11735	11734
f 	10695	11734	11733
f 	10695	11733	11732
f 	10695	11732	11731
f 	10695	11731	11730
f 	10695	11730	10909
f 	10010	10009	10001
f 	10056	9987	9986
f 	12172	12173	9993
f 	12172	9993	9992
f 	16944	16943	16935
f 	16978	16979	16977
f 	10001	10009	10000
f 	10056	9986	12123
f 	14693	14694	14695
f 	14693	14695	14696
f 	14693	14696	14697
f 	14693	14697	14698
f 	14693	14698	14699
f 	14693	14699	14700
f 	14693	14700	14701
f 	14693	14701	14702
f 	14693	14702	14703
f 	14693	14703	14704
f 	14693	14704	14705
f 	14693	14705	14706
f 	14693	14706	14707
f 	14693	14707	14708
f 	14693	14708	14709
f 	14693	14709	14710
f 	14693	14710	14711
f 	14693	14711	14712
f 	14693	14712	14713
f 	14693	14713	14714
f 	14693	14714	14715
f 	14693	14715	14692
f 	14727	14728	14717
f 	14727	14717	14716
f 	14727	14716	14718
f 	14727	14718	14719
f 	14727	14719	14720
f 	14727	14720	14721
f 	14727	14721	14722
f 	14727	14722	14723
f 	14727	14723	14724
f 	14727	14724	14725
f 	14727	14725	14729
f 	14727	14729	14730
f 	14727	14730	14731
f 	14727	14731	14732
f 	14727	14732	14733
f 	14727	14733	14734
f 	14727	14734	14735
f 	14727	14735	14736
f 	14727	14736	14737
f 	14727	14737	14738
f 	14727	14738	14739
f 	14727	14739	14726
f 	12367	12368	12369
f 	12367	12369	12370
f 	12367	12370	12371
f 	12367	12371	12372
f 	12367	12372	12373
f 	12367	12373	12374
f 	12367	12374	12355
f 	12367	12355	12356
f 	12367	12356	12357
f 	12367	12357	12358
f 	12367	12358	12359
f 	12367	12359	12360
f 	12367	12360	12361
f 	12367	12361	12362
f 	12367	12362	12363
f 	12367	12363	12364
f 	12367	12364	12365
f 	12367	12365	12366
f 	12367	12366	12354
f 	12367	12354	12322
f 	12367	12322	12321
f 	12367	12321	12324
f 	17419	17346	17332
f 	17419	17332	17420
f 	17282	17190	17189
f 	17282	17189	17283
f 	15283	15284	15296
f 	15296	15300	15289
f 	15296	15289	15288
f 	10049	10642	10641
f 	16947	16948	16951
f 	16947	16951	16949
f 	16966	16970	16971
f 	16966	16971	16967
f 	10397	10389	10393
f 	10397	10393	10394
f 	10397	10394	10395
f 	10397	10395	10396
f 	16746	16741	16752
f 	16746	16752	16753
f 	16804	17667	17665
f 	16804	17665	16803
f 	17510	17377	17376
f 	17510	17376	17507
f 	17518	17381	17380
f 	17518	17380	17516
f 	16788	16786	16787
f 	16788	16787	16789
f 	17562	17402	17401
f 	17562	17401	17560
f 	16805	17695	16744
f 	16805	16744	16748
f 	17533	17385	17384
f 	17533	17384	17535
f 	16796	17644	17642
f 	16796	17642	16795
f 	17481	17432	17431
f 	17481	17431	17473
f 	16794	17639	17635
f 	16794	17635	16793
f 	17470	17428	17427
f 	17470	17427	17472
f 	16809	17685	17686
f 	16809	17686	16808
f 	17546	17394	17393
f 	17546	17393	17542
f 	16798	17649	17647
f 	16798	17647	16797
f 	17486	17436	17435
f 	17486	17435	17482
f 	16802	17662	17657
f 	16802	17657	16801
f 	17506	17373	17372
f 	17506	17372	17500
f 	16811	17677	17679
f 	16811	17679	16810
f 	17553	17398	17397
f 	17553	17397	17552
f 	16800	17656	17655
f 	16800	17655	17652
f 	16800	17652	17654
f 	16800	17654	16799
f 	17368	17492	17490
f 	17368	17490	17493
f 	17368	17493	17494
f 	17368	17494	17369
f 	12172	12165	12166
f 	12138	12173	12140
f 	8429	8426	8210
f 	8429	8210	8209
f 	8429	8209	8445
f 	17321	16863	16790
f 	17321	16790	16867
f 	8922	8923	8924
f 	8922	8924	8925
f 	8922	8925	8926
f 	8922	8926	8927
f 	8922	8927	8928
f 	8922	8928	8929
f 	8922	8929	8930
f 	8922	8930	8931
f 	8922	8931	8932
f 	8922	8932	8933
f 	8922	8933	8934
f 	8922	8934	8935
f 	8922	8935	8936
f 	8922	8936	8937
f 	8922	8937	8938
f 	8922	8938	8939
f 	8922	8939	8940
f 	8922	8940	8941
f 	8922	8941	8942
f 	8922	8942	8943
f 	8922	8943	8944
f 	8922	8944	8945
f 	8922	8945	8946
f 	8922	8946	8947
f 	8922	8947	8948
f 	8922	8948	8949
f 	8922	8949	8950
f 	8922	8950	8951
f 	8922	8951	8952
f 	8922	8952	8953
f 	8922	8953	8954
f 	8922	8954	8955
f 	8922	8955	8956
f 	8922	8956	8957
f 	8922	8957	8958
f 	8922	8958	8959
f 	8922	8959	8960
f 	8922	8960	8961
f 	8922	8961	8962
f 	8922	8962	8963
f 	8922	8963	8964
f 	8922	8964	8965
f 	8922	8965	8966
f 	8922	8966	8967
f 	8922	8967	8884
f 	8922	8884	8883
f 	8922	8883	8968
f 	8922	8968	8969
f 	8922	8969	8970
f 	8922	8970	8971
f 	8922	8971	8972
f 	8922	8972	8973
f 	8922	8973	8887
f 	8922	8887	8888
f 	8922	8888	8889
f 	8922	8889	8890
f 	8922	8890	8891
f 	8922	8891	8892
f 	8922	8892	8893
f 	8922	8893	8894
f 	8922	8894	8895
f 	8922	8895	8896
f 	8922	8896	8897
f 	8922	8897	8898
f 	8922	8898	8899
f 	8922	8899	8900
f 	8922	8900	8901
f 	8922	8901	8902
f 	8922	8902	8903
f 	8922	8903	8904
f 	8922	8904	8905
f 	8922	8905	8906
f 	8922	8906	8907
f 	8922	8907	8908
f 	8922	8908	8909
f 	8922	8909	8910
f 	8922	8910	8911
f 	8922	8911	8912
f 	8922	8912	8913
f 	8922	8913	8914
f 	8922	8914	8915
f 	8922	8915	8916
f 	8922	8916	8917
f 	8922	8917	8918
f 	8922	8918	8919
f 	8922	8919	8920
f 	8922	8920	8921
f 	8832	8833	8834
f 	8832	8834	8798
f 	8832	8798	8796
f 	8832	8796	8797
f 	8832	8797	8835
f 	8832	8835	8836
f 	8832	8836	8837
f 	8832	8837	8838
f 	8832	8838	8839
f 	8832	8839	8840
f 	8832	8840	8841
f 	8832	8841	8842
f 	8832	8842	8843
f 	8832	8843	8844
f 	8832	8844	8845
f 	8832	8845	8846
f 	8832	8846	8847
f 	8832	8847	8848
f 	8832	8848	8849
f 	8832	8849	8850
f 	8832	8850	8851
f 	8832	8851	8852
f 	8832	8852	8853
f 	8832	8853	8854
f 	8832	8854	8855
f 	8832	8855	8856
f 	8832	8856	8857
f 	8832	8857	8858
f 	8832	8858	8859
f 	8832	8859	8860
f 	8832	8860	8861
f 	8832	8861	8862
f 	8832	8862	8863
f 	8832	8863	8864
f 	8832	8864	8865
f 	8832	8865	8866
f 	8832	8866	8867
f 	8832	8867	8868
f 	8832	8868	8869
f 	8832	8869	8870
f 	8832	8870	8871
f 	8832	8871	8872
f 	8832	8872	8873
f 	8832	8873	8874
f 	8832	8874	8875
f 	8832	8875	8876
f 	8832	8876	8877
f 	8832	8877	8878
f 	8832	8878	8879
f 	8832	8879	8880
f 	8832	8880	8881
f 	8832	8881	8882
f 	8832	8882	8708
f 	8832	8708	8707
f 	8832	8707	8799
f 	8832	8799	8800
f 	8832	8800	8801
f 	8832	8801	8802
f 	8832	8802	8803
f 	8832	8803	8804
f 	8832	8804	8805
f 	8832	8805	8806
f 	8832	8806	8807
f 	8832	8807	8808
f 	8832	8808	8809
f 	8832	8809	8810
f 	8832	8810	8811
f 	8832	8811	8812
f 	8832	8812	8813
f 	8832	8813	8814
f 	8832	8814	8815
f 	8832	8815	8816
f 	8832	8816	8817
f 	8832	8817	8818
f 	8832	8818	8819
f 	8832	8819	8820
f 	8832	8820	8821
f 	8832	8821	8822
f 	8832	8822	8823
f 	8832	8823	8824
f 	8832	8824	8825
f 	8832	8825	8826
f 	8832	8826	8827
f 	8832	8827	8828
f 	8832	8828	8829
f 	8832	8829	8830
f 	8832	8830	8831
f 	10667	11955	10397
f 	10667	10397	10396
f 	10667	10396	10410
f 	10667	10410	10411
f 	10580	10581	10577
f 	10580	10577	10576
f 	10580	10576	10578
f 	10580	10578	10579
f 	8242	8241	8240
f 	8242	8240	8239
f 	8242	8239	8238
f 	8242	8238	8237
f 	8242	8237	8236
f 	8242	8236	8235
f 	8242	8235	8251
f 	8242	8251	8259
f 	8242	8259	8258
f 	8242	8258	8257
f 	8242	8257	8256
f 	8242	8256	8255
f 	8242	8255	8254
f 	8242	8254	8244
f 	17569	17561	16876
f 	17569	16876	16774
f 	17569	16774	16773
f 	10067	10068	10069
f 	10067	10069	10070
f 	10067	10070	10071
f 	10067	10071	10058
f 	10067	10058	10059
f 	10067	10059	10060
f 	10067	10060	10061
f 	10067	10061	10062
f 	10067	10062	10063
f 	10067	10063	10064
f 	10067	10064	10065
f 	10067	10065	10066
f 	10067	10066	10039
f 	10067	10039	10038
f 	10067	10038	10044
f 	10067	10044	10009
f 	10067	10009	10011
f 	10067	10011	10024
f 	10067	10024	10029
f 	12041	12042	12043
f 	12041	12043	12044
f 	12041	12044	12045
f 	12041	12045	12046
f 	12041	12046	12047
f 	12041	12047	12048
f 	12041	12048	12049
f 	12041	12049	12034
f 	12041	12034	12033
f 	12041	12033	12050
f 	12041	12050	12051
f 	12041	12051	12035
f 	12041	12035	12036
f 	12041	12036	12037
f 	12041	12037	12038
f 	12041	12038	12039
f 	12041	12039	10056
f 	12041	10056	10055
f 	12041	10055	12040
f 	10555	10564	10565
f 	10555	10565	10556
f 	10638	11543	11533
f 	10638	11533	10664
f 	13001	13015	13014
f 	13001	13014	13013
f 	13001	13013	13012
f 	13001	13012	13011
f 	13001	13011	13010
f 	13001	13010	13009
f 	13001	13009	13023
f 	13001	13023	13046
f 	13001	13046	13086
f 	13001	13086	13050
f 	13001	13050	13049
f 	13001	13049	13045
f 	13001	13045	13044
f 	13001	13044	13042
f 	13001	13042	13008
f 	13001	13008	13007
f 	13001	13007	13006
f 	13001	13006	12999
f 	13001	12999	12992
f 	13001	12992	12993
f 	13001	12993	12995
f 	13001	12995	12994
f 	16869	16755	16870
f 	12208	12207	12195
f 	12208	12195	12194
f 	12208	12194	13161
f 	12208	13161	13115
f 	12208	13115	12234
f 	16994	16995	16996
f 	16994	16996	16997
f 	16994	16997	16992
f 	16994	16992	16932
f 	16994	16932	16998
f 	16994	16998	16993
f 	16792	17634	16868
f 	16792	16868	16791
f 	16877	17439	16866
f 	16877	16866	16865
f 	16980	16981	16984
f 	16980	16984	16986
f 	8431	8282	8430
f 	8431	8430	8444
f 	8431	8444	8301
f 	8431	8301	8307
f 	8431	8307	8441
f 	8431	8441	8442
f 	8431	8442	8443
f 	17047	17048	17049
f 	17047	17049	17046
f 	15298	15294	15293
f 	15298	15293	15282
f 	15295	15296	15288
f 	15295	15288	15287
f 	12160	10007	12159
f 	17080	17079	17083
f 	17080	17083	17084
f 	17126	17134	17133
f 	17126	17133	17127
f 	16946	16943	16945
f 	16957	16952	16956
f 	16957	16956	16959
f 	17053	17051	17050
f 	17053	17050	17052
f 	16960	16961	16965
f 	16960	16965	16963
f 	8283	8290	8261
f 	8283	8261	8271
f 	2930	2931	2932
f 	2930	2932	2933
f 	2930	2933	2934
f 	2930	2934	2935
f 	2930	2935	2936
f 	2930	2936	2937
f 	2930	2937	2938
f 	2930	2938	2939
f 	2930	2939	2940
f 	2930	2940	2941
f 	2930	2941	2942
f 	2930	2942	2923
f 	2930	2923	2922
f 	2930	2922	2943
f 	2930	2943	2944
f 	2930	2944	2945
f 	2930	2945	2924
f 	2930	2924	2925
f 	2930	2925	2926
f 	2930	2926	2927
f 	2930	2927	2928
f 	2930	2928	2929
f 	6753	6754	6755
f 	6753	6755	6756
f 	6753	6756	6757
f 	6753	6757	6758
f 	6753	6758	6759
f 	6753	6759	6745
f 	6753	6745	6744
f 	6753	6744	6746
f 	6753	6746	6760
f 	6753	6760	6761
f 	6753	6761	6762
f 	6753	6762	6763
f 	6753	6763	6764
f 	6753	6764	6765
f 	6753	6765	6766
f 	6753	6766	6767
f 	6753	6767	6747
f 	6753	6747	6748
f 	6753	6748	6749
f 	6753	6749	6750
f 	6753	6750	6751
f 	6753	6751	6752
f 	1049	1050	1031
f 	1049	1031	1030
f 	1049	1030	1051
f 	1049	1051	1052
f 	1049	1052	1053
f 	1049	1053	1032
f 	1049	1032	1033
f 	1049	1033	1034
f 	1049	1034	1035
f 	1049	1035	1036
f 	1049	1036	1037
f 	1049	1037	1038
f 	1049	1038	1039
f 	1049	1039	1040
f 	1049	1040	1041
f 	1049	1041	1042
f 	1049	1042	1043
f 	1049	1043	1044
f 	1049	1044	1045
f 	1049	1045	1046
f 	1049	1046	1047
f 	1049	1047	1048
f 	4910	4911	4912
f 	4910	4912	4913
f 	4910	4913	4914
f 	4910	4914	4915
f 	4910	4915	4916
f 	4910	4916	4917
f 	4910	4917	4897
f 	4910	4897	4898
f 	4910	4898	4899
f 	4910	4899	4900
f 	4910	4900	4901
f 	4910	4901	4902
f 	4910	4902	4903
f 	4910	4903	4904
f 	4910	4904	4905
f 	4910	4905	4906
f 	4910	4906	4907
f 	4910	4907	4908
f 	4910	4908	4909
f 	4910	4909	4895
f 	4910	4895	4894
f 	4910	4894	4896
f 	10017	9976	9975
f 	10017	9975	10018
f 	10021	9974	9973
f 	10021	9973	9982
f 	17345	17290	17289
f 	17345	17289	17332
f 	17345	17332	17346
f 	17345	17346	17347
f 	17345	17347	17333
f 	17345	17333	17334
f 	17345	17334	17335
f 	17345	17335	17336
f 	17345	17336	17337
f 	17345	17337	17338
f 	17345	17338	17339
f 	17345	17339	17340
f 	17345	17340	17341
f 	17345	17341	17342
f 	17345	17342	17343
f 	17345	17343	17344
f 	10432	12039	12038
f 	10432	12038	12056
f 	10432	12056	12103
f 	10432	12103	12104
f 	10432	12104	12105
f 	10432	12105	12106
f 	10395	10394	10402
f 	10395	10402	10406
f 	16949	16950	16919
f 	16949	16919	16947
f 	16920	17040	16971
f 	16920	16971	16970
f 	14227	14229	14485
f 	14227	14485	14486
f 	14227	14486	14233
f 	14227	14233	14217
f 	14227	14217	14235
f 	14227	14235	14236
f 	14227	14236	14237
f 	14227	14237	14247
f 	14227	14247	14246
f 	14227	14246	14245
f 	14227	14245	14244
f 	14227	14244	14243
f 	14227	14243	14242
f 	14227	14242	14241
f 	14227	14241	14240
f 	14227	14240	14252
f 	14227	14252	14254
f 	14227	14254	14253
f 	14227	14253	14255
f 	14227	14255	14263
f 	14227	14263	14262
f 	14227	14262	14261
f 	14227	14261	14260
f 	14227	14260	14259
f 	14227	14259	14258
f 	14227	14258	14257
f 	14227	14257	14256
f 	14227	14256	14251
f 	14227	14251	14250
f 	14227	14250	14249
f 	14227	14249	14238
f 	14227	14238	14239
f 	11956	10398	10393
f 	11956	10393	11957
f 	10022	10023	10024
f 	10022	10024	10011
f 	10022	10011	10012
f 	10022	10012	10025
f 	10022	10025	10026
f 	10022	10026	10027
f 	16977	16986	16984
f 	16977	16984	16935
f 	13109	13108	12201
f 	13109	12201	12205
f 	17152	17153	17150
f 	17152	17150	17151
f 	11545	11566	11567
f 	11545	11567	10639
f 	10050	10640	10639
f 	17088	17091	17092
f 	17088	17092	17089
f 	17164	17165	17162
f 	17164	17162	17161
f 	17290	17345	17260
f 	17290	17260	17259
f 	11566	11569	11571
f 	11566	11571	11567
f 	9978	9988	9989
f 	9978	9989	9990
f 	9978	9990	9991
f 	9978	9991	9983
f 	9978	9983	9984
f 	9978	9984	9985
f 	9978	9985	9986
f 	9978	9986	9987
f 	9978	9987	9979
f 	8427	8411	8412
f 	8427	8412	8428
f 	12143	12178	12180
f 	12168	12215	12213
f 	12144	12142	12179
f 	12169	12167	12212
f 	10010	10011	10009
f 	12039	9987	10056
f 	10136	10046	10045
f 	10136	10045	10104
f 	10136	10104	10103
f 	10136	10103	10105
f 	10136	10105	10112
f 	11996	11997	11998
f 	11996	11998	10052
f 	11996	10052	10051
f 	11996	10051	10595
f 	11996	10595	11994
f 	11996	11994	11995
f 	16917	16914	16916
f 	8292	8214	8293
f 	8292	8293	8294
f 	8292	8294	8295
f 	8292	8295	8296
f 	8292	8296	8297
f 	8292	8297	8298
f 	8292	8298	8299
f 	8292	8299	8300
f 	8292	8300	8263
f 	8292	8263	8262
f 	10126	10101	10393
f 	10126	10393	10389
f 	16922	16921	17001
f 	10426	10026	10025
f 	10426	10025	10424
f 	12110	12106	12105
f 	12110	12105	12109
f 	17070	17072	17073
f 	17070	17073	17071
f 	17147	17148	17146
f 	17147	17146	17145
f 	17063	17064	17067
f 	17063	17067	17065
f 	17139	17140	17138
f 	17139	17138	17137
f 	15297	15281	15292
f 	15297	15292	15291
f 	10474	10473	10562
f 	10474	10562	10563
f 	10474	10563	10468
f 	10474	10468	10467
f 	10474	10467	10555
f 	10474	10555	10556
f 	10474	10556	10557
f 	10474	10557	10558
f 	10474	10558	10559
f 	10474	10559	10560
f 	10474	10560	10561
f 	10474	10561	10554
f 	15285	15286	15284
f 	15285	15284	15283
f 	8428	8412	8426
f 	8428	8426	8282
f 	16807	17690	17691
f 	16807	17691	16806
f 	17534	17538	17540
f 	17534	17540	17390
f 	17534	17390	17389
f 	17534	17389	17388
f 	17009	17006	16923
f 	17009	16923	16924
f 	16922	17001	17006
f 	16922	17006	16923
f 	17098	17087	17085
f 	17098	17085	17086
f 	17157	17156	17159
f 	17157	17159	17158
f 	16919	16927	16928
f 	16919	16928	16920
f 	16767	16768	16769
f 	16767	16769	16770
f 	16767	16770	16771
f 	16767	16771	16772
f 	16767	16772	16773
f 	16767	16773	16774
f 	16767	16774	16775
f 	16767	16775	16776
f 	16767	16776	16755
f 	16767	16755	16765
f 	17015	16908	17028
f 	17015	17028	17018
f 	17021	16917	17020
f 	15287	15288	15289
f 	15287	15289	15290
f 	15287	15290	15291
f 	15287	15291	15292
f 	15287	15292	15286
f 	15287	15286	15285
f 	15287	15285	15293
f 	15287	15293	15294
f 	16879	16880	16881
f 	16879	16881	16878
f 	16879	16878	16864
f 	16879	16864	16875
f 	10045	10046	10047
f 	10045	10047	10048
f 	10045	10048	10049
f 	10045	10049	10050
f 	10045	10050	10051
f 	10045	10051	10052
f 	10045	10052	10053
f 	10045	10053	10054
f 	10045	10054	10055
f 	10045	10055	10056
f 	10045	10056	10057
f 	10045	10057	10008
f 	10045	10008	10009
f 	10045	10009	10044
f 	10045	10044	10043
f 	10045	10043	10042
f 	9974	10021	10020
f 	9974	10020	9970
f 	9974	9970	9971
f 	10018	9975	9968
f 	10018	9968	9969
f 	10018	9969	10019
f 	16916	17008	16925
f 	16916	16925	16926
f 	16916	16926	16914
f 	17718	17719	17717
f 	17718	17717	17716
f 	17720	17722	17723
f 	17720	17723	17721
f 	17724	17726	17727
f 	17724	17727	17725
f 	17730	17731	17729
f 	17730	17729	17728
f 	9097	9098	9061
f 	9097	9061	9062
f 	9097	9062	9063
f 	9097	9063	9064
f 	9097	9064	9065
f 	9097	9065	9066
f 	9097	9066	9067
f 	9097	9067	9068
f 	9097	9068	9069
f 	9097	9069	9070
f 	9097	9070	9071
f 	9097	9071	9072
f 	9097	9072	9073
f 	9097	9073	9074
f 	9097	9074	9075
f 	9097	9075	9076
f 	9097	9076	9077
f 	9097	9077	9078
f 	9097	9078	9079
f 	9097	9079	9080
f 	9097	9080	9081
f 	9097	9081	9082
f 	9097	9082	9083
f 	9097	9083	9084
f 	9097	9084	9085
f 	9097	9085	9086
f 	9097	9086	9087
f 	9097	9087	9088
f 	9097	9088	9089
f 	9097	9089	9090
f 	9097	9090	9091
f 	9097	9091	9092
f 	9097	9092	9093
f 	9097	9093	9094
f 	9097	9094	9095
f 	9097	9095	9096
f 	17011	16915	16911
f 	17011	16911	16910
f 	17011	16910	17012
f 	8690	8699	8700
f 	8690	8700	8698
f 	16988	16985	16982
f 	16988	16982	16983
f 	17712	17711	17709
f 	17712	17709	17710
f 	16940	16939	16942
f 	16940	16942	17713
f 	17706	17704	17703
f 	17706	17703	17705
f 	11543	11570	11568
f 	11543	11568	11544
f 	10591	10584	10585
f 	10591	10585	10586
f 	10591	10586	10583
f 	10591	10583	10582
f 	10591	10582	10587
f 	10591	10587	10588
f 	10591	10588	10589
f 	10591	10589	10590
f 	12153	12154	10007
f 	12153	10007	10008
f 	12153	10008	10057
f 	12153	10057	12152
f 	12153	12152	12155
f 	12153	12155	12156
f 	9977	9976	10017
f 	9977	10017	10015
f 	9977	10015	10014
f 	9977	10014	10016
f 	9977	10016	9988
f 	9981	9982	9973
f 	9981	9973	9972
f 	9981	9972	9978
f 	9981	9978	9979
f 	9981	9979	9980
f 	10017	10018	10019
f 	10017	10019	10020
f 	10017	10020	10021
f 	10017	10021	9982
f 	10017	9982	9981
f 	10017	9981	10015
f 	16962	16964	16968
f 	16962	16968	17100
f 	9978	9972	9977
f 	9978	9977	9988
f 	16958	17101	16954
f 	16958	16954	16953
f 	10430	10429	10435
f 	10430	10435	10449
f 	17463	17339	17338
f 	17463	17338	17464
f 	17463	17464	17465
f 	17463	17465	17335
f 	17463	17335	17334
f 	17463	17334	17466
f 	17463	17466	17467
f 	17463	17467	17350
f 	17463	17350	16770
f 	17463	16770	16771
f 	17463	16771	17405
f 	17463	17405	17402
f 	17463	17402	17401
f 	17463	17401	17398
f 	17463	17398	17397
f 	17463	17397	17394
f 	17463	17394	17393
f 	17463	17393	17390
f 	17463	17390	17389
f 	17463	17389	17388
f 	17463	17388	17385
f 	17463	17385	17384
f 	17463	17384	17381
f 	17463	17381	17380
f 	17463	17380	17377
f 	17463	17377	17376
f 	17463	17376	17373
f 	17463	17373	17372
f 	17463	17372	17369
f 	17463	17369	17368
f 	17463	17368	17436
f 	17463	17436	17435
f 	17463	17435	17432
f 	17463	17432	17431
f 	17463	17431	17428
f 	17463	17428	17427
f 	17463	17427	17439
f 	17463	17439	16866
f 	17463	16866	16867
f 	17463	16867	17321
f 	17463	17321	17440
f 	17463	17440	17441
f 	17463	17441	17287
f 	17463	17287	17320
f 	17463	17320	17442
f 	17463	17442	17443
f 	17463	17443	17317
f 	17463	17317	17316
f 	17463	17316	17444
f 	17463	17444	17445
f 	17463	17445	17313
f 	17463	17313	17312
f 	17463	17312	17446
f 	17463	17446	17447
f 	17463	17447	17309
f 	17463	17309	17308
f 	17463	17308	17448
f 	17463	17448	17449
f 	17463	17449	17305
f 	17463	17305	17304
f 	17463	17304	17450
f 	17463	17450	17451
f 	17463	17451	17301
f 	17463	17301	17300
f 	17463	17300	17452
f 	17463	17452	17453
f 	17463	17453	17297
f 	17463	17297	17296
f 	17463	17296	17454
f 	17463	17454	17455
f 	17463	17455	17293
f 	17463	17293	17292
f 	17463	17292	17456
f 	17463	17456	17457
f 	17463	17457	17458
f 	17463	17458	17459
f 	17463	17459	17460
f 	17463	17460	17461
f 	17463	17461	17343
f 	17463	17343	17342
f 	17463	17342	17462
f 	9126	9127	9128
f 	9126	9128	9129
f 	9126	9129	9130
f 	9126	9130	9131
f 	9126	9131	9132
f 	9126	9132	9133
f 	9126	9133	9134
f 	9126	9134	9135
f 	9126	9135	9136
f 	9126	9136	9137
f 	9126	9137	9138
f 	9126	9138	9139
f 	9126	9139	9140
f 	9126	9140	9115
f 	9126	9115	9116
f 	9126	9116	9117
f 	9126	9117	9114
f 	9126	9114	9113
f 	9126	9113	9112
f 	9126	9112	9111
f 	9126	9111	9110
f 	9126	9110	9109
f 	9126	9109	9108
f 	9126	9108	9107
f 	9126	9107	9106
f 	9126	9106	9105
f 	9126	9105	9104
f 	9126	9104	9103
f 	9126	9103	9102
f 	9126	9102	9101
f 	9126	9101	9099
f 	9126	9099	9100
f 	9126	9100	9118
f 	9126	9118	9119
f 	9126	9119	9120
f 	9126	9120	9121
f 	9126	9121	9122
f 	9126	9122	9123
f 	9126	9123	9124
f 	9126	9124	9125
f 	16858	16859	16860
f 	16858	16860	16861
f 	16858	16861	16862
f 	16858	16862	16863
f 	16858	16863	16790
f 	16858	16790	16791
f 	16858	16791	16792
f 	16858	16792	16793
f 	16858	16793	16794
f 	16858	16794	16795
f 	16858	16795	16796
f 	16858	16796	16797
f 	16858	16797	16798
f 	16858	16798	16799
f 	16858	16799	16800
f 	16858	16800	16801
f 	16858	16801	16802
f 	16858	16802	16803
f 	16858	16803	16804
f 	16858	16804	16753
f 	16858	16753	16746
f 	16858	16746	16748
f 	16858	16748	16805
f 	16858	16805	16806
f 	16858	16806	16807
f 	16858	16807	16808
f 	16858	16808	16809
f 	16858	16809	16810
f 	16858	16810	16811
f 	16858	16811	16789
f 	16858	16789	16788
f 	16858	16788	16778
f 	16858	16778	16768
f 	16858	16768	16769
f 	16858	16769	16812
f 	16858	16812	16813
f 	16858	16813	16814
f 	16858	16814	16815
f 	16858	16815	16816
f 	16858	16816	16817
f 	16858	16817	16818
f 	16858	16818	16819
f 	16858	16819	16820
f 	16858	16820	16821
f 	16858	16821	16822
f 	16858	16822	16823
f 	16858	16823	16824
f 	16858	16824	16825
f 	16858	16825	16826
f 	16858	16826	16827
f 	16858	16827	16828
f 	16858	16828	16829
f 	16858	16829	16830
f 	16858	16830	16831
f 	16858	16831	16832
f 	16858	16832	16833
f 	16858	16833	16834
f 	16858	16834	16835
f 	16858	16835	16836
f 	16858	16836	16837
f 	16858	16837	16838
f 	16858	16838	16839
f 	16858	16839	16840
f 	16858	16840	16841
f 	16858	16841	16842
f 	16858	16842	16843
f 	16858	16843	16844
f 	16858	16844	16845
f 	16858	16845	16846
f 	16858	16846	16847
f 	16858	16847	16848
f 	16858	16848	16849
f 	16858	16849	16850
f 	16858	16850	16851
f 	16858	16851	16852
f 	16858	16852	16853
f 	16858	16853	16854
f 	16858	16854	16855
f 	16858	16855	16856
f 	16858	16856	16857
f 	10450	10448	10447
f 	10450	10447	10569
f 	10450	10569	10570
f 	10450	10570	10568
f 	10450	10568	10463
f 	16958	16957	16960
f 	16958	16960	16962
f 	10647	10646	10645
f 	10647	10645	11573
f 	10647	11573	11610
f 	10647	11610	11611
f 	10647	11611	11613
f 	10647	11613	11615
f 	10647	11615	11616
f 	10647	11616	11614
f 	10647	11614	11612
f 	10647	11612	11609
f 	10647	11609	11574
f 	10647	11574	11575
f 	10647	11575	11576
f 	10647	11576	11577
f 	10647	11577	11578
f 	10647	11578	11579
f 	10647	11579	11580
f 	10647	11580	11581
f 	10647	11581	11582
f 	10647	11582	11583
f 	10647	11583	11584
f 	10647	11584	10660
f 	10647	10660	10659
f 	10647	10659	10392
f 	10647	10392	10661
f 	10647	10661	11572
f 	10647	11572	10644
f 	10647	10644	10048
f 	10647	10048	10047
f 	10647	10047	10657
f 	10647	10657	10656
f 	10647	10656	10655
f 	10647	10655	10654
f 	10647	10654	10653
f 	10647	10653	10652
f 	10647	10652	10651
f 	10647	10651	10650
f 	10647	10650	10649
f 	10647	10649	10648
f 	9225	9231	9249
f 	9225	9249	9259
f 	9225	9259	9260
f 	9225	9260	9303
f 	16922	16923	16924
f 	16922	16924	16925
f 	16922	16925	16926
f 	16922	16926	16914
f 	16922	16914	16917
f 	16922	16917	16918
f 	16922	16918	16919
f 	16922	16919	16920
f 	16922	16920	16921
f 	10638	10637	10596
f 	10638	10596	10050
f 	10638	10050	10639
f 	10638	10639	11543
f 	17288	17289	17290
f 	17288	17290	17291
f 	17288	17291	17292
f 	17288	17292	17293
f 	17288	17293	17294
f 	17288	17294	17295
f 	17288	17295	17296
f 	17288	17296	17297
f 	17288	17297	17298
f 	17288	17298	17299
f 	17288	17299	17300
f 	17288	17300	17301
f 	17288	17301	17302
f 	17288	17302	17303
f 	17288	17303	17304
f 	17288	17304	17305
f 	17288	17305	17306
f 	17288	17306	17307
f 	17288	17307	17308
f 	17288	17308	17309
f 	17288	17309	17310
f 	17288	17310	17311
f 	17288	17311	17312
f 	17288	17312	17313
f 	17288	17313	17314
f 	17288	17314	17315
f 	17288	17315	17316
f 	17288	17316	17317
f 	17288	17317	17318
f 	17288	17318	17319
f 	17288	17319	17320
f 	17288	17320	17287
f 	17288	17287	17285
f 	17288	17285	17286
f 	17288	17286	17321
f 	17288	17321	16867
f 	17288	16867	17322
f 	17288	17322	17323
f 	17288	17323	17324
f 	17288	17324	17325
f 	17288	17325	17326
f 	17288	17326	17327
f 	17288	17327	17328
f 	17288	17328	17329
f 	17288	17329	17330
f 	17288	17330	17331
f 	16870	16871	16872
f 	16870	16872	16873
f 	16870	16873	16874
f 	16870	16874	16875
f 	16870	16875	16864
f 	16870	16864	16865
f 	16870	16865	16866
f 	16870	16866	16867
f 	16870	16867	16790
f 	16870	16790	16791
f 	16870	16791	16868
f 	16870	16868	16869
f 	9954	9955	9956
f 	9954	9956	9957
f 	11992	11993	9959
f 	11992	9959	9958
f 	17008	16925	16924
f 	17008	16924	17009
f 	17008	17009	17006
f 	17008	17006	17007
f 	17008	17007	17010
f 	11543	11544	11545
f 	11543	11545	10642
f 	11543	10642	10665
f 	11543	10665	11540
f 	11543	11540	11537
f 	11543	11537	11533
f 	9972	9973	9974
f 	9972	9974	9971
f 	9972	9971	9968
f 	9972	9968	9975
f 	9972	9975	9976
f 	9972	9976	9977
f 	17377	17378	17379
f 	17377	17379	17380
f 	17377	17380	17381
f 	17377	17381	17382
f 	17377	17382	17383
f 	17377	17383	17384
f 	17377	17384	17385
f 	17377	17385	17386
f 	17377	17386	17387
f 	17377	17387	17388
f 	17377	17388	17389
f 	17377	17389	17390
f 	17377	17390	17391
f 	17377	17391	17392
f 	17377	17392	17393
f 	17377	17393	17394
f 	17377	17394	17395
f 	17377	17395	17396
f 	17377	17396	17397
f 	17377	17397	17398
f 	17377	17398	17399
f 	17377	17399	17400
f 	17377	17400	17401
f 	17377	17401	17402
f 	17377	17402	17403
f 	17377	17403	17404
f 	17377	17404	17405
f 	17377	17405	16771
f 	17377	16771	17406
f 	17377	17406	17365
f 	17377	17365	17407
f 	17377	17407	17408
f 	17377	17408	17409
f 	17377	17409	17410
f 	17377	17410	17411
f 	17377	17411	17412
f 	17377	17412	17413
f 	17377	17413	17414
f 	17377	17414	17415
f 	17377	17415	17416
f 	17377	17416	17417
f 	17377	17417	17418
f 	17377	17418	17419
f 	17377	17419	17420
f 	17377	17420	17421
f 	17377	17421	17422
f 	17377	17422	17423
f 	17377	17423	17424
f 	17377	17424	17425
f 	17377	17425	17426
f 	17377	17426	17427
f 	17377	17427	17428
f 	17377	17428	17429
f 	17377	17429	17430
f 	17377	17430	17431
f 	17377	17431	17432
f 	17377	17432	17433
f 	17377	17433	17434
f 	17377	17434	17435
f 	17377	17435	17436
f 	17377	17436	17366
f 	17377	17366	17367
f 	17377	17367	17368
f 	17377	17368	17369
f 	17377	17369	17370
f 	17377	17370	17371
f 	17377	17371	17372
f 	17377	17372	17373
f 	17377	17373	17374
f 	17377	17374	17375
f 	17377	17375	17376
f 	17240	17284	16790
f 	17240	16790	16863
f 	17240	16863	17242
f 	17240	17242	17243
f 	17240	17243	16860
f 	17240	16860	16859
f 	17240	16859	17244
f 	17240	17244	17245
f 	17240	17245	16856
f 	17240	16856	16855
f 	17240	16855	17246
f 	17240	17246	17247
f 	17240	17247	16852
f 	17240	16852	16851
f 	17240	16851	17248
f 	17240	17248	17249
f 	17240	17249	16848
f 	17240	16848	16847
f 	17240	16847	17250
f 	17240	17250	17251
f 	17240	17251	16844
f 	17240	16844	16843
f 	17240	16843	17252
f 	17240	17252	17253
f 	17240	17253	16840
f 	17240	16840	16839
f 	17240	16839	17254
f 	17240	17254	17255
f 	17240	17255	16836
f 	17240	16836	16835
f 	17240	16835	17256
f 	17240	17256	17257
f 	17240	17257	16832
f 	17240	16832	16831
f 	17240	16831	17258
f 	17240	17258	17259
f 	17240	17259	17260
f 	17240	17260	17261
f 	17240	17261	16824
f 	17240	16824	16823
f 	17240	16823	17262
f 	17240	17262	17263
f 	17240	17263	16820
f 	17240	16820	16819
f 	17240	16819	17264
f 	17240	17264	17265
f 	17240	17265	16816
f 	17240	16816	16815
f 	17240	16815	17266
f 	17240	17266	17267
f 	17240	17267	16812
f 	17240	16812	16769
f 	17240	16769	17268
f 	17240	17268	17269
f 	17240	17269	17270
f 	17240	17270	17271
f 	17240	17271	17272
f 	17240	17272	17273
f 	17240	17273	17274
f 	17240	17274	17275
f 	17240	17275	17276
f 	17240	17276	17277
f 	17240	17277	17278
f 	17240	17278	17279
f 	17240	17279	17280
f 	17240	17280	17281
f 	17240	17281	17282
f 	17240	17282	17283
f 	17240	17283	17228
f 	17240	17228	17229
f 	17240	17229	17230
f 	17240	17230	17231
f 	17240	17231	17232
f 	17240	17232	17233
f 	17240	17233	17235
f 	17240	17235	17239
f 	16966	16967	16968
f 	16966	16968	16964
f 	16966	16964	16963
f 	16966	16963	16965
f 	16966	16965	16969
f 	16966	16969	16945
f 	16956	16952	16953
f 	16956	16953	16954
f 	16956	16954	16951
f 	16956	16951	16948
f 	16956	16948	16946
f 	16956	16946	16955
f 	16960	16957	16959
f 	16960	16959	16961
f 	16783	16788	16789
f 	16783	16789	17205
f 	16783	17205	17206
f 	16783	17206	16811
f 	16783	16811	16810
f 	16783	16810	17207
f 	16783	17207	17208
f 	16783	17208	16809
f 	16783	16809	16808
f 	16783	16808	17209
f 	16783	17209	17210
f 	16783	17210	16807
f 	16783	16807	16806
f 	16783	16806	17211
f 	16783	17211	17212
f 	16783	17212	16805
f 	16783	16805	16748
f 	16783	16748	16749
f 	16783	16749	16751
f 	16783	16751	16746
f 	16783	16746	16753
f 	16783	16753	17184
f 	16783	17184	17186
f 	16783	17186	16804
f 	16783	16804	16803
f 	16783	16803	17213
f 	16783	17213	17214
f 	16783	17214	16802
f 	16783	16802	16801
f 	16783	16801	17215
f 	16783	17215	17216
f 	16783	17216	16800
f 	16783	16800	16799
f 	16783	16799	17217
f 	16783	17217	17218
f 	16783	17218	16798
f 	16783	16798	16797
f 	16783	16797	17219
f 	16783	17219	17220
f 	16783	17220	16796
f 	16783	16796	16795
f 	16783	16795	17221
f 	16783	17221	17222
f 	16783	17222	16794
f 	16783	16794	16793
f 	16783	16793	17223
f 	16783	17223	17224
f 	16783	17224	17225
f 	16783	17225	17226
f 	16783	17226	17227
f 	16783	17227	17187
f 	16783	17187	17188
f 	16783	17188	17189
f 	16783	17189	17190
f 	16783	17190	17191
f 	16783	17191	17192
f 	16783	17192	17193
f 	16783	17193	17194
f 	16783	17194	17195
f 	16783	17195	17196
f 	16783	17196	17197
f 	16783	17197	17198
f 	16783	17198	17199
f 	16783	17199	17200
f 	16783	17200	17201
f 	16783	17201	17202
f 	16783	17202	17203
f 	16783	17203	17204
f 	16783	17204	16768
f 	16783	16768	16778
f 	16783	16778	16781
f 	16902	16903	16904
f 	16902	16904	16872
f 	16902	16872	16871
f 	16902	16871	16905
f 	16902	16905	16906
f 	16902	16906	16907
f 	16902	16907	16908
f 	16902	16908	16909
f 	16902	16909	16910
f 	16902	16910	16911
f 	16902	16911	16888
f 	16902	16888	16889
f 	16902	16889	16890
f 	16902	16890	16887
f 	16902	16887	16874
f 	16902	16874	16873
f 	16902	16873	16891
f 	16902	16891	16892
f 	16902	16892	16893
f 	16902	16893	16894
f 	16902	16894	16895
f 	16902	16895	16896
f 	16902	16896	16897
f 	16902	16897	16898
f 	16902	16898	16899
f 	16902	16899	16900
f 	16902	16900	16901
f 	16958	16962	17100
f 	16958	17100	17101
